study,dataset,family,rule,seed,grid_size,candidate,method,settings,selection_as_of,evaluation_as_of,history_mean_rmse,n_targets,n_observed,rmse,reason
synthetic,stable,all,ave,0,42,gcc_wall_h0_l0_g1.00,gcc,"{""average"": ""volume"", ""decay"": 1.0, ""drop_high"": false, ""drop_low"": false, ""exclude"": [], ""exhausted_exclusions"": ""keep"", ""expected_loss_ratio"": null, ""history_periods"": null, ""horizon"": 96, ""method"": ""gcc"", ""unsupported_factor"": ""unity""}",2020-12-31,2030-12-31,37346.21986534803,7,7,44805.130633354165,
synthetic,stable,all,cdr,0,42,gcc_wall_h0_l0_g1.00,gcc,"{""average"": ""volume"", ""decay"": 1.0, ""drop_high"": false, ""drop_low"": false, ""exclude"": [], ""exhausted_exclusions"": ""keep"", ""expected_loss_ratio"": null, ""history_periods"": null, ""horizon"": 96, ""method"": ""gcc"", ""unsupported_factor"": ""unity""}",2020-12-31,2030-12-31,37794.75916180739,7,7,44805.130633354165,
synthetic,stable,all,basic_cl,0,42,basic_cl,cl,"{""average"": ""volume"", ""decay"": null, ""drop_high"": false, ""drop_low"": false, ""exclude"": [], ""exhausted_exclusions"": ""keep"", ""expected_loss_ratio"": null, ""history_periods"": null, ""horizon"": 96, ""method"": ""cl"", ""unsupported_factor"": ""unity""}",2020-12-31,2030-12-31,,7,7,32509.99635617769,
synthetic,stable,all,basic_bf,0,42,basic_bf,bf,"{""average"": ""volume"", ""decay"": null, ""drop_high"": false, ""drop_low"": false, ""exclude"": [], ""exhausted_exclusions"": ""keep"", ""expected_loss_ratio"": 0.6, ""history_periods"": null, ""horizon"": 96, ""method"": ""bf"", ""unsupported_factor"": ""unity""}",2020-12-31,2030-12-31,,7,7,41650.2928895622,
synthetic,stable,all,basic_gcc,0,42,basic_gcc,gcc,"{""average"": ""volume"", ""decay"": 0.75, ""drop_high"": false, ""drop_low"": false, ""exclude"": [], ""exhausted_exclusions"": ""keep"", ""expected_loss_ratio"": null, ""history_periods"": null, ""horizon"": 96, ""method"": ""gcc"", ""unsupported_factor"": ""unity""}",2020-12-31,2030-12-31,,7,7,39588.49688325713,
synthetic,stable,all,ave,1,42,gcc_wall_h1_l0_g0.75,gcc,"{""average"": ""volume"", ""decay"": 0.75, ""drop_high"": true, ""drop_low"": false, ""exclude"": [], ""exhausted_exclusions"": ""keep"", ""expected_loss_ratio"": null, ""history_periods"": null, ""horizon"": 96, ""method"": ""gcc"", ""unsupported_factor"": ""unity""}",2020-12-31,2030-12-31,32785.880989889134,7,7,107898.25694768915,
synthetic,stable,all,cdr,1,42,bf_w3_h0_l0_lr0.60,bf,"{""average"": ""volume"", ""decay"": null, ""drop_high"": false, ""drop_low"": false, ""exclude"": [], ""exhausted_exclusions"": ""keep"", ""expected_loss_ratio"": 0.6, ""history_periods"": 3, ""horizon"": 96, ""method"": ""bf"", ""unsupported_factor"": ""unity""}",2020-12-31,2030-12-31,34007.50300077286,7,7,131471.90286848752,
synthetic,stable,all,basic_cl,1,42,basic_cl,cl,"{""average"": ""volume"", ""decay"": null, ""drop_high"": false, ""drop_low"": false, ""exclude"": [], ""exhausted_exclusions"": ""keep"", ""expected_loss_ratio"": null, ""history_periods"": null, ""horizon"": 96, ""method"": ""cl"", ""unsupported_factor"": ""unity""}",2020-12-31,2030-12-31,,7,7,196118.6610302405,
synthetic,stable,all,basic_bf,1,42,basic_bf,bf,"{""average"": ""volume"", ""decay"": null, ""drop_high"": false, ""drop_low"": false, ""exclude"": [], ""exhausted_exclusions"": ""keep"", ""expected_loss_ratio"": 0.6, ""history_periods"": null, ""horizon"": 96, ""method"": ""bf"", ""unsupported_factor"": ""unity""}",2020-12-31,2030-12-31,,7,7,111322.88327590466,
synthetic,stable,all,basic_gcc,1,42,basic_gcc,gcc,"{""average"": ""volume"", ""decay"": 0.75, ""drop_high"": false, ""drop_low"": false, ""exclude"": [], ""exhausted_exclusions"": ""keep"", ""expected_loss_ratio"": null, ""history_periods"": null, ""horizon"": 96, ""method"": ""gcc"", ""unsupported_factor"": ""unity""}",2020-12-31,2030-12-31,,7,7,99864.27771803558,
synthetic,stable,all,ave,2,42,gcc_w5_h0_l0_g1.00,gcc,"{""average"": ""volume"", ""decay"": 1.0, ""drop_high"": false, ""drop_low"": false, ""exclude"": [], ""exhausted_exclusions"": ""keep"", ""expected_loss_ratio"": null, ""history_periods"": 5, ""horizon"": 96, ""method"": ""gcc"", ""unsupported_factor"": ""unity""}",2020-12-31,2030-12-31,51486.615262447216,7,7,103056.76025103279,
synthetic,stable,all,cdr,2,42,bf_wall_h0_l0_lr0.60,bf,"{""average"": ""volume"", ""decay"": null, ""drop_high"": false, ""drop_low"": false, ""exclude"": [], ""exhausted_exclusions"": ""keep"", ""expected_loss_ratio"": 0.6, ""history_periods"": null, ""horizon"": 96, ""method"": ""bf"", ""unsupported_factor"": ""unity""}",2020-12-31,2030-12-31,54566.7716897455,7,7,55643.07524880878,
synthetic,stable,all,basic_cl,2,42,basic_cl,cl,"{""average"": ""volume"", ""decay"": null, ""drop_high"": false, ""drop_low"": false, ""exclude"": [], ""exhausted_exclusions"": ""keep"", ""expected_loss_ratio"": null, ""history_periods"": null, ""horizon"": 96, ""method"": ""cl"", ""unsupported_factor"": ""unity""}",2020-12-31,2030-12-31,,7,7,64154.50450396175,
synthetic,stable,all,basic_bf,2,42,basic_bf,bf,"{""average"": ""volume"", ""decay"": null, ""drop_high"": false, ""drop_low"": false, ""exclude"": [], ""exhausted_exclusions"": ""keep"", ""expected_loss_ratio"": 0.6, ""history_periods"": null, ""horizon"": 96, ""method"": ""bf"", ""unsupported_factor"": ""unity""}",2020-12-31,2030-12-31,,7,7,55643.07524880878,
synthetic,stable,all,basic_gcc,2,42,basic_gcc,gcc,"{""average"": ""volume"", ""decay"": 0.75, ""drop_high"": false, ""drop_low"": false, ""exclude"": [], ""exhausted_exclusions"": ""keep"", ""expected_loss_ratio"": null, ""history_periods"": null, ""horizon"": 96, ""method"": ""gcc"", ""unsupported_factor"": ""unity""}",2020-12-31,2030-12-31,,7,7,119900.33404052547,
synthetic,stable,all,ave,3,42,gcc_w5_h0_l0_g0.75,gcc,"{""average"": ""volume"", ""decay"": 0.75, ""drop_high"": false, ""drop_low"": false, ""exclude"": [], ""exhausted_exclusions"": ""keep"", ""expected_loss_ratio"": null, ""history_periods"": 5, ""horizon"": 96, ""method"": ""gcc"", ""unsupported_factor"": ""unity""}",2020-12-31,2030-12-31,44986.129408201945,7,7,60028.852981099626,
synthetic,stable,all,cdr,3,42,bf_w5_h0_l0_lr0.60,bf,"{""average"": ""volume"", ""decay"": null, ""drop_high"": false, ""drop_low"": false, ""exclude"": [], ""exhausted_exclusions"": ""keep"", ""expected_loss_ratio"": 0.6, ""history_periods"": 5, ""horizon"": 96, ""method"": ""bf"", ""unsupported_factor"": ""unity""}",2020-12-31,2030-12-31,41522.285830016815,7,7,73214.43972490999,
synthetic,stable,all,basic_cl,3,42,basic_cl,cl,"{""average"": ""volume"", ""decay"": null, ""drop_high"": false, ""drop_low"": false, ""exclude"": [], ""exhausted_exclusions"": ""keep"", ""expected_loss_ratio"": null, ""history_periods"": null, ""horizon"": 96, ""method"": ""cl"", ""unsupported_factor"": ""unity""}",2020-12-31,2030-12-31,,7,7,53765.2095173708,
synthetic,stable,all,basic_bf,3,42,basic_bf,bf,"{""average"": ""volume"", ""decay"": null, ""drop_high"": false, ""drop_low"": false, ""exclude"": [], ""exhausted_exclusions"": ""keep"", ""expected_loss_ratio"": 0.6, ""history_periods"": null, ""horizon"": 96, ""method"": ""bf"", ""unsupported_factor"": ""unity""}",2020-12-31,2030-12-31,,7,7,69226.94021322331,
synthetic,stable,all,basic_gcc,3,42,basic_gcc,gcc,"{""average"": ""volume"", ""decay"": 0.75, ""drop_high"": false, ""drop_low"": false, ""exclude"": [], ""exhausted_exclusions"": ""keep"", ""expected_loss_ratio"": null, ""history_periods"": null, ""horizon"": 96, ""method"": ""gcc"", ""unsupported_factor"": ""unity""}",2020-12-31,2030-12-31,,7,7,56886.2768285902,
synthetic,stable,all,ave,4,42,gcc_w5_h0_l0_g0.75,gcc,"{""average"": ""volume"", ""decay"": 0.75, ""drop_high"": false, ""drop_low"": false, ""exclude"": [], ""exhausted_exclusions"": ""keep"", ""expected_loss_ratio"": null, ""history_periods"": 5, ""horizon"": 96, ""method"": ""gcc"", ""unsupported_factor"": ""unity""}",2020-12-31,2030-12-31,49602.18260761878,7,7,47532.96667763669,
synthetic,stable,all,cdr,4,42,bf_w5_h1_l0_lr0.60,bf,"{""average"": ""volume"", ""decay"": null, ""drop_high"": true, ""drop_low"": false, ""exclude"": [], ""exhausted_exclusions"": ""keep"", ""expected_loss_ratio"": 0.6, ""history_periods"": 5, ""horizon"": 96, ""method"": ""bf"", ""unsupported_factor"": ""unity""}",2020-12-31,2030-12-31,63928.51049756952,7,7,32013.89564743585,
synthetic,stable,all,basic_cl,4,42,basic_cl,cl,"{""average"": ""volume"", ""decay"": null, ""drop_high"": false, ""drop_low"": false, ""exclude"": [], ""exhausted_exclusions"": ""keep"", ""expected_loss_ratio"": null, ""history_periods"": null, ""horizon"": 96, ""method"": ""cl"", ""unsupported_factor"": ""unity""}",2020-12-31,2030-12-31,,7,7,58090.49734503379,
synthetic,stable,all,basic_bf,4,42,basic_bf,bf,"{""average"": ""volume"", ""decay"": null, ""drop_high"": false, ""drop_low"": false, ""exclude"": [], ""exhausted_exclusions"": ""keep"", ""expected_loss_ratio"": 0.6, ""history_periods"": null, ""horizon"": 96, ""method"": ""bf"", ""unsupported_factor"": ""unity""}",2020-12-31,2030-12-31,,7,7,36369.82802420605,
synthetic,stable,all,basic_gcc,4,42,basic_gcc,gcc,"{""average"": ""volume"", ""decay"": 0.75, ""drop_high"": false, ""drop_low"": false, ""exclude"": [], ""exhausted_exclusions"": ""keep"", ""expected_loss_ratio"": null, ""history_periods"": null, ""horizon"": 96, ""method"": ""gcc"", ""unsupported_factor"": ""unity""}",2020-12-31,2030-12-31,,7,7,52997.84526185409,
synthetic,stable,all,ave,5,42,gcc_wall_h0_l0_g1.00,gcc,"{""average"": ""volume"", ""decay"": 1.0, ""drop_high"": false, ""drop_low"": false, ""exclude"": [], ""exhausted_exclusions"": ""keep"", ""expected_loss_ratio"": null, ""history_periods"": null, ""horizon"": 96, ""method"": ""gcc"", ""unsupported_factor"": ""unity""}",2020-12-31,2030-12-31,40574.51301603687,7,7,13060.382198695555,
synthetic,stable,all,cdr,5,42,gcc_wall_h0_l0_g1.00,gcc,"{""average"": ""volume"", ""decay"": 1.0, ""drop_high"": false, ""drop_low"": false, ""exclude"": [], ""exhausted_exclusions"": ""keep"", ""expected_loss_ratio"": null, ""history_periods"": null, ""horizon"": 96, ""method"": ""gcc"", ""unsupported_factor"": ""unity""}",2020-12-31,2030-12-31,43141.04694497213,7,7,13060.382198695555,
synthetic,stable,all,basic_cl,5,42,basic_cl,cl,"{""average"": ""volume"", ""decay"": null, ""drop_high"": false, ""drop_low"": false, ""exclude"": [], ""exhausted_exclusions"": ""keep"", ""expected_loss_ratio"": null, ""history_periods"": null, ""horizon"": 96, ""method"": ""cl"", ""unsupported_factor"": ""unity""}",2020-12-31,2030-12-31,,7,7,91434.04794868462,
synthetic,stable,all,basic_bf,5,42,basic_bf,bf,"{""average"": ""volume"", ""decay"": null, ""drop_high"": false, ""drop_low"": false, ""exclude"": [], ""exhausted_exclusions"": ""keep"", ""expected_loss_ratio"": 0.6, ""history_periods"": null, ""horizon"": 96, ""method"": ""bf"", ""unsupported_factor"": ""unity""}",2020-12-31,2030-12-31,,7,7,29364.82455757367,
synthetic,stable,all,basic_gcc,5,42,basic_gcc,gcc,"{""average"": ""volume"", ""decay"": 0.75, ""drop_high"": false, ""drop_low"": false, ""exclude"": [], ""exhausted_exclusions"": ""keep"", ""expected_loss_ratio"": null, ""history_periods"": null, ""horizon"": 96, ""method"": ""gcc"", ""unsupported_factor"": ""unity""}",2020-12-31,2030-12-31,,7,7,14230.035841064904,
synthetic,stable,all,ave,6,42,gcc_wall_h0_l0_g1.00,gcc,"{""average"": ""volume"", ""decay"": 1.0, ""drop_high"": false, ""drop_low"": false, ""exclude"": [], ""exhausted_exclusions"": ""keep"", ""expected_loss_ratio"": null, ""history_periods"": null, ""horizon"": 96, ""method"": ""gcc"", ""unsupported_factor"": ""unity""}",2020-12-31,2030-12-31,38449.994788291224,7,7,115397.53667918692,
synthetic,stable,all,cdr,6,42,gcc_wall_h0_l0_g1.00,gcc,"{""average"": ""volume"", ""decay"": 1.0, ""drop_high"": false, ""drop_low"": false, ""exclude"": [], ""exhausted_exclusions"": ""keep"", ""expected_loss_ratio"": null, ""history_periods"": null, ""horizon"": 96, ""method"": ""gcc"", ""unsupported_factor"": ""unity""}",2020-12-31,2030-12-31,39403.17656253064,7,7,115397.53667918692,
synthetic,stable,all,basic_cl,6,42,basic_cl,cl,"{""average"": ""volume"", ""decay"": null, ""drop_high"": false, ""drop_low"": false, ""exclude"": [], ""exhausted_exclusions"": ""keep"", ""expected_loss_ratio"": null, ""history_periods"": null, ""horizon"": 96, ""method"": ""cl"", ""unsupported_factor"": ""unity""}",2020-12-31,2030-12-31,,7,7,163124.7240986141,
synthetic,stable,all,basic_bf,6,42,basic_bf,bf,"{""average"": ""volume"", ""decay"": null, ""drop_high"": false, ""drop_low"": false, ""exclude"": [], ""exhausted_exclusions"": ""keep"", ""expected_loss_ratio"": 0.6, ""history_periods"": null, ""horizon"": 96, ""method"": ""bf"", ""unsupported_factor"": ""unity""}",2020-12-31,2030-12-31,,7,7,111550.99814203785,
synthetic,stable,all,basic_gcc,6,42,basic_gcc,gcc,"{""average"": ""volume"", ""decay"": 0.75, ""drop_high"": false, ""drop_low"": false, ""exclude"": [], ""exhausted_exclusions"": ""keep"", ""expected_loss_ratio"": null, ""history_periods"": null, ""horizon"": 96, ""method"": ""gcc"", ""unsupported_factor"": ""unity""}",2020-12-31,2030-12-31,,7,7,112086.95244938413,
synthetic,stable,all,ave,7,42,gcc_wall_h0_l0_g0.25,gcc,"{""average"": ""volume"", ""decay"": 0.25, ""drop_high"": false, ""drop_low"": false, ""exclude"": [], ""exhausted_exclusions"": ""keep"", ""expected_loss_ratio"": null, ""history_periods"": null, ""horizon"": 96, ""method"": ""gcc"", ""unsupported_factor"": ""unity""}",2020-12-31,2030-12-31,28859.775425152282,7,7,58171.331476380416,
synthetic,stable,all,cdr,7,42,bf_wall_h0_l0_lr0.50,bf,"{""average"": ""volume"", ""decay"": null, ""drop_high"": false, ""drop_low"": false, ""exclude"": [], ""exhausted_exclusions"": ""keep"", ""expected_loss_ratio"": 0.5, ""history_periods"": null, ""horizon"": 96, ""method"": ""bf"", ""unsupported_factor"": ""unity""}",2020-12-31,2030-12-31,30974.850034324034,7,7,71700.99703581294,
synthetic,stable,all,basic_cl,7,42,basic_cl,cl,"{""average"": ""volume"", ""decay"": null, ""drop_high"": false, ""drop_low"": false, ""exclude"": [], ""exhausted_exclusions"": ""keep"", ""expected_loss_ratio"": null, ""history_periods"": null, ""horizon"": 96, ""method"": ""cl"", ""unsupported_factor"": ""unity""}",2020-12-31,2030-12-31,,7,7,59231.77835088598,
synthetic,stable,all,basic_bf,7,42,basic_bf,bf,"{""average"": ""volume"", ""decay"": null, ""drop_high"": false, ""drop_low"": false, ""exclude"": [], ""exhausted_exclusions"": ""keep"", ""expected_loss_ratio"": 0.6, ""history_periods"": null, ""horizon"": 96, ""method"": ""bf"", ""unsupported_factor"": ""unity""}",2020-12-31,2030-12-31,,7,7,38740.704316805575,
synthetic,stable,all,basic_gcc,7,42,basic_gcc,gcc,"{""average"": ""volume"", ""decay"": 0.75, ""drop_high"": false, ""drop_low"": false, ""exclude"": [], ""exhausted_exclusions"": ""keep"", ""expected_loss_ratio"": null, ""history_periods"": null, ""horizon"": 96, ""method"": ""gcc"", ""unsupported_factor"": ""unity""}",2020-12-31,2030-12-31,,7,7,55001.68754889579,
synthetic,stable,all,ave,8,42,gcc_wall_h0_l0_g0.75,gcc,"{""average"": ""volume"", ""decay"": 0.75, ""drop_high"": false, ""drop_low"": false, ""exclude"": [], ""exhausted_exclusions"": ""keep"", ""expected_loss_ratio"": null, ""history_periods"": null, ""horizon"": 96, ""method"": ""gcc"", ""unsupported_factor"": ""unity""}",2020-12-31,2030-12-31,48387.95159785113,7,7,82385.62793691104,
synthetic,stable,all,cdr,8,42,bf_wall_h0_l0_lr0.60,bf,"{""average"": ""volume"", ""decay"": null, ""drop_high"": false, ""drop_low"": false, ""exclude"": [], ""exhausted_exclusions"": ""keep"", ""expected_loss_ratio"": 0.6, ""history_periods"": null, ""horizon"": 96, ""method"": ""bf"", ""unsupported_factor"": ""unity""}",2020-12-31,2030-12-31,52643.93111874316,7,7,84411.93273311731,
synthetic,stable,all,basic_cl,8,42,basic_cl,cl,"{""average"": ""volume"", ""decay"": null, ""drop_high"": false, ""drop_low"": false, ""exclude"": [], ""exhausted_exclusions"": ""keep"", ""expected_loss_ratio"": null, ""history_periods"": null, ""horizon"": 96, ""method"": ""cl"", ""unsupported_factor"": ""unity""}",2020-12-31,2030-12-31,,7,7,196385.61492923877,
synthetic,stable,all,basic_bf,8,42,basic_bf,bf,"{""average"": ""volume"", ""decay"": null, ""drop_high"": false, ""drop_low"": false, ""exclude"": [], ""exhausted_exclusions"": ""keep"", ""expected_loss_ratio"": 0.6, ""history_periods"": null, ""horizon"": 96, ""method"": ""bf"", ""unsupported_factor"": ""unity""}",2020-12-31,2030-12-31,,7,7,84411.93273311731,
synthetic,stable,all,basic_gcc,8,42,basic_gcc,gcc,"{""average"": ""volume"", ""decay"": 0.75, ""drop_high"": false, ""drop_low"": false, ""exclude"": [], ""exhausted_exclusions"": ""keep"", ""expected_loss_ratio"": null, ""history_periods"": null, ""horizon"": 96, ""method"": ""gcc"", ""unsupported_factor"": ""unity""}",2020-12-31,2030-12-31,,7,7,82385.62793691104,
synthetic,stable,all,ave,9,42,bf_wall_h1_l0_lr0.50,bf,"{""average"": ""volume"", ""decay"": null, ""drop_high"": true, ""drop_low"": false, ""exclude"": [], ""exhausted_exclusions"": ""keep"", ""expected_loss_ratio"": 0.5, ""history_periods"": null, ""horizon"": 96, ""method"": ""bf"", ""unsupported_factor"": ""unity""}",2020-12-31,2030-12-31,53983.2734388647,7,7,85102.52306805724,
synthetic,stable,all,cdr,9,42,bf_wall_h0_l0_lr0.50,bf,"{""average"": ""volume"", ""decay"": null, ""drop_high"": false, ""drop_low"": false, ""exclude"": [], ""exhausted_exclusions"": ""keep"", ""expected_loss_ratio"": 0.5, ""history_periods"": null, ""horizon"": 96, ""method"": ""bf"", ""unsupported_factor"": ""unity""}",2020-12-31,2030-12-31,54398.6197103587,7,7,80045.55574089901,
synthetic,stable,all,basic_cl,9,42,basic_cl,cl,"{""average"": ""volume"", ""decay"": null, ""drop_high"": false, ""drop_low"": false, ""exclude"": [], ""exhausted_exclusions"": ""keep"", ""expected_loss_ratio"": null, ""history_periods"": null, ""horizon"": 96, ""method"": ""cl"", ""unsupported_factor"": ""unity""}",2020-12-31,2030-12-31,,7,7,117207.63821643626,
synthetic,stable,all,basic_bf,9,42,basic_bf,bf,"{""average"": ""volume"", ""decay"": null, ""drop_high"": false, ""drop_low"": false, ""exclude"": [], ""exhausted_exclusions"": ""keep"", ""expected_loss_ratio"": 0.6, ""history_periods"": null, ""horizon"": 96, ""method"": ""bf"", ""unsupported_factor"": ""unity""}",2020-12-31,2030-12-31,,7,7,63045.91811985531,
synthetic,stable,all,basic_gcc,9,42,basic_gcc,gcc,"{""average"": ""volume"", ""decay"": 0.75, ""drop_high"": false, ""drop_low"": false, ""exclude"": [], ""exhausted_exclusions"": ""keep"", ""expected_loss_ratio"": null, ""history_periods"": null, ""horizon"": 96, ""method"": ""gcc"", ""unsupported_factor"": ""unity""}",2020-12-31,2030-12-31,,7,7,66730.71233746294,
synthetic,stable,all,ave,10,42,gcc_wall_h1_l0_g1.00,gcc,"{""average"": ""volume"", ""decay"": 1.0, ""drop_high"": true, ""drop_low"": false, ""exclude"": [], ""exhausted_exclusions"": ""keep"", ""expected_loss_ratio"": null, ""history_periods"": null, ""horizon"": 96, ""method"": ""gcc"", ""unsupported_factor"": ""unity""}",2020-12-31,2030-12-31,36257.78250610769,7,7,85478.3618324067,
synthetic,stable,all,cdr,10,42,gcc_wall_h0_l0_g1.00,gcc,"{""average"": ""volume"", ""decay"": 1.0, ""drop_high"": false, ""drop_low"": false, ""exclude"": [], ""exhausted_exclusions"": ""keep"", ""expected_loss_ratio"": null, ""history_periods"": null, ""horizon"": 96, ""method"": ""gcc"", ""unsupported_factor"": ""unity""}",2020-12-31,2030-12-31,37881.20031570211,7,7,94204.50479275362,
synthetic,stable,all,basic_cl,10,42,basic_cl,cl,"{""average"": ""volume"", ""decay"": null, ""drop_high"": false, ""drop_low"": false, ""exclude"": [], ""exhausted_exclusions"": ""keep"", ""expected_loss_ratio"": null, ""history_periods"": null, ""horizon"": 96, ""method"": ""cl"", ""unsupported_factor"": ""unity""}",2020-12-31,2030-12-31,,7,7,148701.3678829547,
synthetic,stable,all,basic_bf,10,42,basic_bf,bf,"{""average"": ""volume"", ""decay"": null, ""drop_high"": false, ""drop_low"": false, ""exclude"": [], ""exhausted_exclusions"": ""keep"", ""expected_loss_ratio"": 0.6, ""history_periods"": null, ""horizon"": 96, ""method"": ""bf"", ""unsupported_factor"": ""unity""}",2020-12-31,2030-12-31,,7,7,52581.62787108414,
synthetic,stable,all,basic_gcc,10,42,basic_gcc,gcc,"{""average"": ""volume"", ""decay"": 0.75, ""drop_high"": false, ""drop_low"": false, ""exclude"": [], ""exhausted_exclusions"": ""keep"", ""expected_loss_ratio"": null, ""history_periods"": null, ""horizon"": 96, ""method"": ""gcc"", ""unsupported_factor"": ""unity""}",2020-12-31,2030-12-31,,7,7,88173.54198743793,
synthetic,stable,all,ave,11,42,gcc_wall_h0_l0_g0.75,gcc,"{""average"": ""volume"", ""decay"": 0.75, ""drop_high"": false, ""drop_low"": false, ""exclude"": [], ""exhausted_exclusions"": ""keep"", ""expected_loss_ratio"": null, ""history_periods"": null, ""horizon"": 96, ""method"": ""gcc"", ""unsupported_factor"": ""unity""}",2020-12-31,2030-12-31,42635.48707213631,7,7,31886.3170094921,
synthetic,stable,all,cdr,11,42,bf_w5_h0_l0_lr0.60,bf,"{""average"": ""volume"", ""decay"": null, ""drop_high"": false, ""drop_low"": false, ""exclude"": [], ""exhausted_exclusions"": ""keep"", ""expected_loss_ratio"": 0.6, ""history_periods"": 5, ""horizon"": 96, ""method"": ""bf"", ""unsupported_factor"": ""unity""}",2020-12-31,2030-12-31,43839.044745562154,7,7,11955.665633322062,
synthetic,stable,all,basic_cl,11,42,basic_cl,cl,"{""average"": ""volume"", ""decay"": null, ""drop_high"": false, ""drop_low"": false, ""exclude"": [], ""exhausted_exclusions"": ""keep"", ""expected_loss_ratio"": null, ""history_periods"": null, ""horizon"": 96, ""method"": ""cl"", ""unsupported_factor"": ""unity""}",2020-12-31,2030-12-31,,7,7,156932.93089535486,
synthetic,stable,all,basic_bf,11,42,basic_bf,bf,"{""average"": ""volume"", ""decay"": null, ""drop_high"": false, ""drop_low"": false, ""exclude"": [], ""exhausted_exclusions"": ""keep"", ""expected_loss_ratio"": 0.6, ""history_periods"": null, ""horizon"": 96, ""method"": ""bf"", ""unsupported_factor"": ""unity""}",2020-12-31,2030-12-31,,7,7,20484.458753889525,
synthetic,stable,all,basic_gcc,11,42,basic_gcc,gcc,"{""average"": ""volume"", ""decay"": 0.75, ""drop_high"": false, ""drop_low"": false, ""exclude"": [], ""exhausted_exclusions"": ""keep"", ""expected_loss_ratio"": null, ""history_periods"": null, ""horizon"": 96, ""method"": ""gcc"", ""unsupported_factor"": ""unity""}",2020-12-31,2030-12-31,,7,7,31886.3170094921,
synthetic,stable,all,ave,12,42,gcc_wall_h0_l0_g0.75,gcc,"{""average"": ""volume"", ""decay"": 0.75, ""drop_high"": false, ""drop_low"": false, ""exclude"": [], ""exhausted_exclusions"": ""keep"", ""expected_loss_ratio"": null, ""history_periods"": null, ""horizon"": 96, ""method"": ""gcc"", ""unsupported_factor"": ""unity""}",2020-12-31,2030-12-31,58204.63203984107,7,7,122576.38459775402,
synthetic,stable,all,cdr,12,42,gcc_wall_h0_l0_g1.00,gcc,"{""average"": ""volume"", ""decay"": 1.0, ""drop_high"": false, ""drop_low"": false, ""exclude"": [], ""exhausted_exclusions"": ""keep"", ""expected_loss_ratio"": null, ""history_periods"": null, ""horizon"": 96, ""method"": ""gcc"", ""unsupported_factor"": ""unity""}",2020-12-31,2030-12-31,64227.81509495974,7,7,125645.47066960808,
synthetic,stable,all,basic_cl,12,42,basic_cl,cl,"{""average"": ""volume"", ""decay"": null, ""drop_high"": false, ""drop_low"": false, ""exclude"": [], ""exhausted_exclusions"": ""keep"", ""expected_loss_ratio"": null, ""history_periods"": null, ""horizon"": 96, ""method"": ""cl"", ""unsupported_factor"": ""unity""}",2020-12-31,2030-12-31,,7,7,162235.54532576006,
synthetic,stable,all,basic_bf,12,42,basic_bf,bf,"{""average"": ""volume"", ""decay"": null, ""drop_high"": false, ""drop_low"": false, ""exclude"": [], ""exhausted_exclusions"": ""keep"", ""expected_loss_ratio"": 0.6, ""history_periods"": null, ""horizon"": 96, ""method"": ""bf"", ""unsupported_factor"": ""unity""}",2020-12-31,2030-12-31,,7,7,142567.99190195955,
synthetic,stable,all,basic_gcc,12,42,basic_gcc,gcc,"{""average"": ""volume"", ""decay"": 0.75, ""drop_high"": false, ""drop_low"": false, ""exclude"": [], ""exhausted_exclusions"": ""keep"", ""expected_loss_ratio"": null, ""history_periods"": null, ""horizon"": 96, ""method"": ""gcc"", ""unsupported_factor"": ""unity""}",2020-12-31,2030-12-31,,7,7,122576.38459775402,
synthetic,stable,all,ave,13,42,gcc_w5_h0_l0_g0.75,gcc,"{""average"": ""volume"", ""decay"": 0.75, ""drop_high"": false, ""drop_low"": false, ""exclude"": [], ""exhausted_exclusions"": ""keep"", ""expected_loss_ratio"": null, ""history_periods"": 5, ""horizon"": 96, ""method"": ""gcc"", ""unsupported_factor"": ""unity""}",2020-12-31,2030-12-31,57585.0653661361,7,7,29843.098812113447,
synthetic,stable,all,cdr,13,42,gcc_w3_h0_l0_g1.00,gcc,"{""average"": ""volume"", ""decay"": 1.0, ""drop_high"": false, ""drop_low"": false, ""exclude"": [], ""exhausted_exclusions"": ""keep"", ""expected_loss_ratio"": null, ""history_periods"": 3, ""horizon"": 96, ""method"": ""gcc"", ""unsupported_factor"": ""unity""}",2020-12-31,2030-12-31,63834.62522186458,7,7,80125.70207263362,
synthetic,stable,all,basic_cl,13,42,basic_cl,cl,"{""average"": ""volume"", ""decay"": null, ""drop_high"": false, ""drop_low"": false, ""exclude"": [], ""exhausted_exclusions"": ""keep"", ""expected_loss_ratio"": null, ""history_periods"": null, ""horizon"": 96, ""method"": ""cl"", ""unsupported_factor"": ""unity""}",2020-12-31,2030-12-31,,7,7,96797.39294116446,
synthetic,stable,all,basic_bf,13,42,basic_bf,bf,"{""average"": ""volume"", ""decay"": null, ""drop_high"": false, ""drop_low"": false, ""exclude"": [], ""exhausted_exclusions"": ""keep"", ""expected_loss_ratio"": 0.6, ""history_periods"": null, ""horizon"": 96, ""method"": ""bf"", ""unsupported_factor"": ""unity""}",2020-12-31,2030-12-31,,7,7,120197.55620248568,
synthetic,stable,all,basic_gcc,13,42,basic_gcc,gcc,"{""average"": ""volume"", ""decay"": 0.75, ""drop_high"": false, ""drop_low"": false, ""exclude"": [], ""exhausted_exclusions"": ""keep"", ""expected_loss_ratio"": null, ""history_periods"": null, ""horizon"": 96, ""method"": ""gcc"", ""unsupported_factor"": ""unity""}",2020-12-31,2030-12-31,,7,7,42716.360993292794,
synthetic,stable,all,ave,14,42,gcc_w3_h0_l0_g0.75,gcc,"{""average"": ""volume"", ""decay"": 0.75, ""drop_high"": false, ""drop_low"": false, ""exclude"": [], ""exhausted_exclusions"": ""keep"", ""expected_loss_ratio"": null, ""history_periods"": 3, ""horizon"": 96, ""method"": ""gcc"", ""unsupported_factor"": ""unity""}",2020-12-31,2030-12-31,51096.79809125694,7,7,94987.65116913308,
synthetic,stable,all,cdr,14,42,gcc_w3_h0_l0_g1.00,gcc,"{""average"": ""volume"", ""decay"": 1.0, ""drop_high"": false, ""drop_low"": false, ""exclude"": [], ""exhausted_exclusions"": ""keep"", ""expected_loss_ratio"": null, ""history_periods"": 3, ""horizon"": 96, ""method"": ""gcc"", ""unsupported_factor"": ""unity""}",2020-12-31,2030-12-31,62783.80207614603,7,7,65476.60158066125,
synthetic,stable,all,basic_cl,14,42,basic_cl,cl,"{""average"": ""volume"", ""decay"": null, ""drop_high"": false, ""drop_low"": false, ""exclude"": [], ""exhausted_exclusions"": ""keep"", ""expected_loss_ratio"": null, ""history_periods"": null, ""horizon"": 96, ""method"": ""cl"", ""unsupported_factor"": ""unity""}",2020-12-31,2030-12-31,,7,7,150878.80633148027,
synthetic,stable,all,basic_bf,14,42,basic_bf,bf,"{""average"": ""volume"", ""decay"": null, ""drop_high"": false, ""drop_low"": false, ""exclude"": [], ""exhausted_exclusions"": ""keep"", ""expected_loss_ratio"": 0.6, ""history_periods"": null, ""horizon"": 96, ""method"": ""bf"", ""unsupported_factor"": ""unity""}",2020-12-31,2030-12-31,,7,7,43402.35410803496,
synthetic,stable,all,basic_gcc,14,42,basic_gcc,gcc,"{""average"": ""volume"", ""decay"": 0.75, ""drop_high"": false, ""drop_low"": false, ""exclude"": [], ""exhausted_exclusions"": ""keep"", ""expected_loss_ratio"": null, ""history_periods"": null, ""horizon"": 96, ""method"": ""gcc"", ""unsupported_factor"": ""unity""}",2020-12-31,2030-12-31,,7,7,80990.24074750787,
synthetic,stable,all,ave,15,42,gcc_w3_h0_l0_g1.00,gcc,"{""average"": ""volume"", ""decay"": 1.0, ""drop_high"": false, ""drop_low"": false, ""exclude"": [], ""exhausted_exclusions"": ""keep"", ""expected_loss_ratio"": null, ""history_periods"": 3, ""horizon"": 96, ""method"": ""gcc"", ""unsupported_factor"": ""unity""}",2020-12-31,2030-12-31,48590.632670460196,7,7,47988.5058427323,
synthetic,stable,all,cdr,15,42,bf_w3_h0_l0_lr0.60,bf,"{""average"": ""volume"", ""decay"": null, ""drop_high"": false, ""drop_low"": false, ""exclude"": [], ""exhausted_exclusions"": ""keep"", ""expected_loss_ratio"": 0.6, ""history_periods"": 3, ""horizon"": 96, ""method"": ""bf"", ""unsupported_factor"": ""unity""}",2020-12-31,2030-12-31,49090.632930692205,7,7,55491.958818663115,
synthetic,stable,all,basic_cl,15,42,basic_cl,cl,"{""average"": ""volume"", ""decay"": null, ""drop_high"": false, ""drop_low"": false, ""exclude"": [], ""exhausted_exclusions"": ""keep"", ""expected_loss_ratio"": null, ""history_periods"": null, ""horizon"": 96, ""method"": ""cl"", ""unsupported_factor"": ""unity""}",2020-12-31,2030-12-31,,7,7,56621.95142000538,
synthetic,stable,all,basic_bf,15,42,basic_bf,bf,"{""average"": ""volume"", ""decay"": null, ""drop_high"": false, ""drop_low"": false, ""exclude"": [], ""exhausted_exclusions"": ""keep"", ""expected_loss_ratio"": 0.6, ""history_periods"": null, ""horizon"": 96, ""method"": ""bf"", ""unsupported_factor"": ""unity""}",2020-12-31,2030-12-31,,7,7,49509.3872801361,
synthetic,stable,all,basic_gcc,15,42,basic_gcc,gcc,"{""average"": ""volume"", ""decay"": 0.75, ""drop_high"": false, ""drop_low"": false, ""exclude"": [], ""exhausted_exclusions"": ""keep"", ""expected_loss_ratio"": null, ""history_periods"": null, ""horizon"": 96, ""method"": ""gcc"", ""unsupported_factor"": ""unity""}",2020-12-31,2030-12-31,,7,7,42274.34449831074,
synthetic,stable,all,ave,16,42,gcc_wall_h0_l0_g0.75,gcc,"{""average"": ""volume"", ""decay"": 0.75, ""drop_high"": false, ""drop_low"": false, ""exclude"": [], ""exhausted_exclusions"": ""keep"", ""expected_loss_ratio"": null, ""history_periods"": null, ""horizon"": 96, ""method"": ""gcc"", ""unsupported_factor"": ""unity""}",2020-12-31,2030-12-31,36979.57123764006,7,7,62521.892510280544,
synthetic,stable,all,cdr,16,42,bf_wall_h1_l0_lr0.60,bf,"{""average"": ""volume"", ""decay"": null, ""drop_high"": true, ""drop_low"": false, ""exclude"": [], ""exhausted_exclusions"": ""keep"", ""expected_loss_ratio"": 0.6, ""history_periods"": null, ""horizon"": 96, ""method"": ""bf"", ""unsupported_factor"": ""unity""}",2020-12-31,2030-12-31,38113.833843769375,7,7,78793.09404372053,
synthetic,stable,all,basic_cl,16,42,basic_cl,cl,"{""average"": ""volume"", ""decay"": null, ""drop_high"": false, ""drop_low"": false, ""exclude"": [], ""exhausted_exclusions"": ""keep"", ""expected_loss_ratio"": null, ""history_periods"": null, ""horizon"": 96, ""method"": ""cl"", ""unsupported_factor"": ""unity""}",2020-12-31,2030-12-31,,7,7,64047.63169319984,
synthetic,stable,all,basic_bf,16,42,basic_bf,bf,"{""average"": ""volume"", ""decay"": null, ""drop_high"": false, ""drop_low"": false, ""exclude"": [], ""exhausted_exclusions"": ""keep"", ""expected_loss_ratio"": 0.6, ""history_periods"": null, ""horizon"": 96, ""method"": ""bf"", ""unsupported_factor"": ""unity""}",2020-12-31,2030-12-31,,7,7,84167.47900673257,
synthetic,stable,all,basic_gcc,16,42,basic_gcc,gcc,"{""average"": ""volume"", ""decay"": 0.75, ""drop_high"": false, ""drop_low"": false, ""exclude"": [], ""exhausted_exclusions"": ""keep"", ""expected_loss_ratio"": null, ""history_periods"": null, ""horizon"": 96, ""method"": ""gcc"", ""unsupported_factor"": ""unity""}",2020-12-31,2030-12-31,,7,7,62521.892510280544,
synthetic,stable,all,ave,17,42,gcc_wall_h0_l0_g1.00,gcc,"{""average"": ""volume"", ""decay"": 1.0, ""drop_high"": false, ""drop_low"": false, ""exclude"": [], ""exhausted_exclusions"": ""keep"", ""expected_loss_ratio"": null, ""history_periods"": null, ""horizon"": 96, ""method"": ""gcc"", ""unsupported_factor"": ""unity""}",2020-12-31,2030-12-31,49690.38164746677,7,7,93167.22805996638,
synthetic,stable,all,cdr,17,42,bf_wall_h0_l0_lr0.60,bf,"{""average"": ""volume"", ""decay"": null, ""drop_high"": false, ""drop_low"": false, ""exclude"": [], ""exhausted_exclusions"": ""keep"", ""expected_loss_ratio"": 0.6, ""history_periods"": null, ""horizon"": 96, ""method"": ""bf"", ""unsupported_factor"": ""unity""}",2020-12-31,2030-12-31,54954.65883912491,7,7,71072.02795476242,
synthetic,stable,all,basic_cl,17,42,basic_cl,cl,"{""average"": ""volume"", ""decay"": null, ""drop_high"": false, ""drop_low"": false, ""exclude"": [], ""exhausted_exclusions"": ""keep"", ""expected_loss_ratio"": null, ""history_periods"": null, ""horizon"": 96, ""method"": ""cl"", ""unsupported_factor"": ""unity""}",2020-12-31,2030-12-31,,7,7,57705.223885508756,
synthetic,stable,all,basic_bf,17,42,basic_bf,bf,"{""average"": ""volume"", ""decay"": null, ""drop_high"": false, ""drop_low"": false, ""exclude"": [], ""exhausted_exclusions"": ""keep"", ""expected_loss_ratio"": 0.6, ""history_periods"": null, ""horizon"": 96, ""method"": ""bf"", ""unsupported_factor"": ""unity""}",2020-12-31,2030-12-31,,7,7,71072.02795476242,
synthetic,stable,all,basic_gcc,17,42,basic_gcc,gcc,"{""average"": ""volume"", ""decay"": 0.75, ""drop_high"": false, ""drop_low"": false, ""exclude"": [], ""exhausted_exclusions"": ""keep"", ""expected_loss_ratio"": null, ""history_periods"": null, ""horizon"": 96, ""method"": ""gcc"", ""unsupported_factor"": ""unity""}",2020-12-31,2030-12-31,,7,7,85430.16410009947,
synthetic,stable,all,ave,18,42,bf_w3_h0_l0_lr0.60,bf,"{""average"": ""volume"", ""decay"": null, ""drop_high"": false, ""drop_low"": false, ""exclude"": [], ""exhausted_exclusions"": ""keep"", ""expected_loss_ratio"": 0.6, ""history_periods"": 3, ""horizon"": 96, ""method"": ""bf"", ""unsupported_factor"": ""unity""}",2020-12-31,2030-12-31,36809.56508223995,7,7,154880.08837649075,
synthetic,stable,all,cdr,18,42,bf_wall_h0_l0_lr0.60,bf,"{""average"": ""volume"", ""decay"": null, ""drop_high"": false, ""drop_low"": false, ""exclude"": [], ""exhausted_exclusions"": ""keep"", ""expected_loss_ratio"": 0.6, ""history_periods"": null, ""horizon"": 96, ""method"": ""bf"", ""unsupported_factor"": ""unity""}",2020-12-31,2030-12-31,38571.79763353217,7,7,156086.74992790926,
synthetic,stable,all,basic_cl,18,42,basic_cl,cl,"{""average"": ""volume"", ""decay"": null, ""drop_high"": false, ""drop_low"": false, ""exclude"": [], ""exhausted_exclusions"": ""keep"", ""expected_loss_ratio"": null, ""history_periods"": null, ""horizon"": 96, ""method"": ""cl"", ""unsupported_factor"": ""unity""}",2020-12-31,2030-12-31,,7,7,61017.04790890873,
synthetic,stable,all,basic_bf,18,42,basic_bf,bf,"{""average"": ""volume"", ""decay"": null, ""drop_high"": false, ""drop_low"": false, ""exclude"": [], ""exhausted_exclusions"": ""keep"", ""expected_loss_ratio"": 0.6, ""history_periods"": null, ""horizon"": 96, ""method"": ""bf"", ""unsupported_factor"": ""unity""}",2020-12-31,2030-12-31,,7,7,156086.74992790926,
synthetic,stable,all,basic_gcc,18,42,basic_gcc,gcc,"{""average"": ""volume"", ""decay"": 0.75, ""drop_high"": false, ""drop_low"": false, ""exclude"": [], ""exhausted_exclusions"": ""keep"", ""expected_loss_ratio"": null, ""history_periods"": null, ""horizon"": 96, ""method"": ""gcc"", ""unsupported_factor"": ""unity""}",2020-12-31,2030-12-31,,7,7,159015.10991127213,
synthetic,stable,all,ave,19,42,gcc_wall_h1_l0_g1.00,gcc,"{""average"": ""volume"", ""decay"": 1.0, ""drop_high"": true, ""drop_low"": false, ""exclude"": [], ""exhausted_exclusions"": ""keep"", ""expected_loss_ratio"": null, ""history_periods"": null, ""horizon"": 96, ""method"": ""gcc"", ""unsupported_factor"": ""unity""}",2020-12-31,2030-12-31,43676.78634698555,7,7,48393.680480685645,
synthetic,stable,all,cdr,19,42,gcc_wall_h1_l0_g1.00,gcc,"{""average"": ""volume"", ""decay"": 1.0, ""drop_high"": true, ""drop_low"": false, ""exclude"": [], ""exhausted_exclusions"": ""keep"", ""expected_loss_ratio"": null, ""history_periods"": null, ""horizon"": 96, ""method"": ""gcc"", ""unsupported_factor"": ""unity""}",2020-12-31,2030-12-31,45372.37597350678,7,7,48393.680480685645,
synthetic,stable,all,basic_cl,19,42,basic_cl,cl,"{""average"": ""volume"", ""decay"": null, ""drop_high"": false, ""drop_low"": false, ""exclude"": [], ""exhausted_exclusions"": ""keep"", ""expected_loss_ratio"": null, ""history_periods"": null, ""horizon"": 96, ""method"": ""cl"", ""unsupported_factor"": ""unity""}",2020-12-31,2030-12-31,,7,7,145745.92523685316,
synthetic,stable,all,basic_bf,19,42,basic_bf,bf,"{""average"": ""volume"", ""decay"": null, ""drop_high"": false, ""drop_low"": false, ""exclude"": [], ""exhausted_exclusions"": ""keep"", ""expected_loss_ratio"": 0.6, ""history_periods"": null, ""horizon"": 96, ""method"": ""bf"", ""unsupported_factor"": ""unity""}",2020-12-31,2030-12-31,,7,7,59853.23091718196,
synthetic,stable,all,basic_gcc,19,42,basic_gcc,gcc,"{""average"": ""volume"", ""decay"": 0.75, ""drop_high"": false, ""drop_low"": false, ""exclude"": [], ""exhausted_exclusions"": ""keep"", ""expected_loss_ratio"": null, ""history_periods"": null, ""horizon"": 96, ""method"": ""gcc"", ""unsupported_factor"": ""unity""}",2020-12-31,2030-12-31,,7,7,51914.104951358335,
synthetic,stable,all,ave,20,42,gcc_w5_h0_l0_g1.00,gcc,"{""average"": ""volume"", ""decay"": 1.0, ""drop_high"": false, ""drop_low"": false, ""exclude"": [], ""exhausted_exclusions"": ""keep"", ""expected_loss_ratio"": null, ""history_periods"": 5, ""horizon"": 96, ""method"": ""gcc"", ""unsupported_factor"": ""unity""}",2020-12-31,2030-12-31,38647.8861953268,7,7,52437.27803518427,
synthetic,stable,all,cdr,20,42,gcc_wall_h0_l0_g1.00,gcc,"{""average"": ""volume"", ""decay"": 1.0, ""drop_high"": false, ""drop_low"": false, ""exclude"": [], ""exhausted_exclusions"": ""keep"", ""expected_loss_ratio"": null, ""history_periods"": null, ""horizon"": 96, ""method"": ""gcc"", ""unsupported_factor"": ""unity""}",2020-12-31,2030-12-31,40573.32016252951,7,7,56114.77421021833,
synthetic,stable,all,basic_cl,20,42,basic_cl,cl,"{""average"": ""volume"", ""decay"": null, ""drop_high"": false, ""drop_low"": false, ""exclude"": [], ""exhausted_exclusions"": ""keep"", ""expected_loss_ratio"": null, ""history_periods"": null, ""horizon"": 96, ""method"": ""cl"", ""unsupported_factor"": ""unity""}",2020-12-31,2030-12-31,,7,7,77945.13960331256,
synthetic,stable,all,basic_bf,20,42,basic_bf,bf,"{""average"": ""volume"", ""decay"": null, ""drop_high"": false, ""drop_low"": false, ""exclude"": [], ""exhausted_exclusions"": ""keep"", ""expected_loss_ratio"": 0.6, ""history_periods"": null, ""horizon"": 96, ""method"": ""bf"", ""unsupported_factor"": ""unity""}",2020-12-31,2030-12-31,,7,7,63600.006641303204,
synthetic,stable,all,basic_gcc,20,42,basic_gcc,gcc,"{""average"": ""volume"", ""decay"": 0.75, ""drop_high"": false, ""drop_low"": false, ""exclude"": [], ""exhausted_exclusions"": ""keep"", ""expected_loss_ratio"": null, ""history_periods"": null, ""horizon"": 96, ""method"": ""gcc"", ""unsupported_factor"": ""unity""}",2020-12-31,2030-12-31,,7,7,56917.36130090834,
synthetic,stable,all,ave,21,42,gcc_w5_h0_l0_g1.00,gcc,"{""average"": ""volume"", ""decay"": 1.0, ""drop_high"": false, ""drop_low"": false, ""exclude"": [], ""exhausted_exclusions"": ""keep"", ""expected_loss_ratio"": null, ""history_periods"": 5, ""horizon"": 96, ""method"": ""gcc"", ""unsupported_factor"": ""unity""}",2020-12-31,2030-12-31,41494.67203404949,7,7,57660.50360510574,
synthetic,stable,all,cdr,21,42,bf_wall_h0_l0_lr0.60,bf,"{""average"": ""volume"", ""decay"": null, ""drop_high"": false, ""drop_low"": false, ""exclude"": [], ""exhausted_exclusions"": ""keep"", ""expected_loss_ratio"": 0.6, ""history_periods"": null, ""horizon"": 96, ""method"": ""bf"", ""unsupported_factor"": ""unity""}",2020-12-31,2030-12-31,41576.529440031205,7,7,57189.14259455689,
synthetic,stable,all,basic_cl,21,42,basic_cl,cl,"{""average"": ""volume"", ""decay"": null, ""drop_high"": false, ""drop_low"": false, ""exclude"": [], ""exhausted_exclusions"": ""keep"", ""expected_loss_ratio"": null, ""history_periods"": null, ""horizon"": 96, ""method"": ""cl"", ""unsupported_factor"": ""unity""}",2020-12-31,2030-12-31,,7,7,179329.10282385332,
synthetic,stable,all,basic_bf,21,42,basic_bf,bf,"{""average"": ""volume"", ""decay"": null, ""drop_high"": false, ""drop_low"": false, ""exclude"": [], ""exhausted_exclusions"": ""keep"", ""expected_loss_ratio"": 0.6, ""history_periods"": null, ""horizon"": 96, ""method"": ""bf"", ""unsupported_factor"": ""unity""}",2020-12-31,2030-12-31,,7,7,57189.14259455689,
synthetic,stable,all,basic_gcc,21,42,basic_gcc,gcc,"{""average"": ""volume"", ""decay"": 0.75, ""drop_high"": false, ""drop_low"": false, ""exclude"": [], ""exhausted_exclusions"": ""keep"", ""expected_loss_ratio"": null, ""history_periods"": null, ""horizon"": 96, ""method"": ""gcc"", ""unsupported_factor"": ""unity""}",2020-12-31,2030-12-31,,7,7,57629.99792690403,
synthetic,stable,all,ave,22,42,gcc_wall_h0_l0_g1.00,gcc,"{""average"": ""volume"", ""decay"": 1.0, ""drop_high"": false, ""drop_low"": false, ""exclude"": [], ""exhausted_exclusions"": ""keep"", ""expected_loss_ratio"": null, ""history_periods"": null, ""horizon"": 96, ""method"": ""gcc"", ""unsupported_factor"": ""unity""}",2020-12-31,2030-12-31,68031.06811794142,7,7,84386.98154488897,
synthetic,stable,all,cdr,22,42,bf_wall_h0_l0_lr0.60,bf,"{""average"": ""volume"", ""decay"": null, ""drop_high"": false, ""drop_low"": false, ""exclude"": [], ""exhausted_exclusions"": ""keep"", ""expected_loss_ratio"": 0.6, ""history_periods"": null, ""horizon"": 96, ""method"": ""bf"", ""unsupported_factor"": ""unity""}",2020-12-31,2030-12-31,70480.36283534492,7,7,118132.55740409635,
synthetic,stable,all,basic_cl,22,42,basic_cl,cl,"{""average"": ""volume"", ""decay"": null, ""drop_high"": false, ""drop_low"": false, ""exclude"": [], ""exhausted_exclusions"": ""keep"", ""expected_loss_ratio"": null, ""history_periods"": null, ""horizon"": 96, ""method"": ""cl"", ""unsupported_factor"": ""unity""}",2020-12-31,2030-12-31,,7,7,77438.04257679361,
synthetic,stable,all,basic_bf,22,42,basic_bf,bf,"{""average"": ""volume"", ""decay"": null, ""drop_high"": false, ""drop_low"": false, ""exclude"": [], ""exhausted_exclusions"": ""keep"", ""expected_loss_ratio"": 0.6, ""history_periods"": null, ""horizon"": 96, ""method"": ""bf"", ""unsupported_factor"": ""unity""}",2020-12-31,2030-12-31,,7,7,118132.55740409635,
synthetic,stable,all,basic_gcc,22,42,basic_gcc,gcc,"{""average"": ""volume"", ""decay"": 0.75, ""drop_high"": false, ""drop_low"": false, ""exclude"": [], ""exhausted_exclusions"": ""keep"", ""expected_loss_ratio"": null, ""history_periods"": null, ""horizon"": 96, ""method"": ""gcc"", ""unsupported_factor"": ""unity""}",2020-12-31,2030-12-31,,7,7,75328.21485868623,
synthetic,stable,all,ave,23,42,gcc_wall_h0_l0_g1.00,gcc,"{""average"": ""volume"", ""decay"": 1.0, ""drop_high"": false, ""drop_low"": false, ""exclude"": [], ""exhausted_exclusions"": ""keep"", ""expected_loss_ratio"": null, ""history_periods"": null, ""horizon"": 96, ""method"": ""gcc"", ""unsupported_factor"": ""unity""}",2020-12-31,2030-12-31,65986.13703843745,7,7,151970.34195607147,
synthetic,stable,all,cdr,23,42,gcc_wall_h0_l0_g1.00,gcc,"{""average"": ""volume"", ""decay"": 1.0, ""drop_high"": false, ""drop_low"": false, ""exclude"": [], ""exhausted_exclusions"": ""keep"", ""expected_loss_ratio"": null, ""history_periods"": null, ""horizon"": 96, ""method"": ""gcc"", ""unsupported_factor"": ""unity""}",2020-12-31,2030-12-31,69880.44711741479,7,7,151970.34195607147,
synthetic,stable,all,basic_cl,23,42,basic_cl,cl,"{""average"": ""volume"", ""decay"": null, ""drop_high"": false, ""drop_low"": false, ""exclude"": [], ""exhausted_exclusions"": ""keep"", ""expected_loss_ratio"": null, ""history_periods"": null, ""horizon"": 96, ""method"": ""cl"", ""unsupported_factor"": ""unity""}",2020-12-31,2030-12-31,,7,7,65178.801081589954,
synthetic,stable,all,basic_bf,23,42,basic_bf,bf,"{""average"": ""volume"", ""decay"": null, ""drop_high"": false, ""drop_low"": false, ""exclude"": [], ""exhausted_exclusions"": ""keep"", ""expected_loss_ratio"": 0.6, ""history_periods"": null, ""horizon"": 96, ""method"": ""bf"", ""unsupported_factor"": ""unity""}",2020-12-31,2030-12-31,,7,7,87960.98942838128,
synthetic,stable,all,basic_gcc,23,42,basic_gcc,gcc,"{""average"": ""volume"", ""decay"": 0.75, ""drop_high"": false, ""drop_low"": false, ""exclude"": [], ""exhausted_exclusions"": ""keep"", ""expected_loss_ratio"": null, ""history_periods"": null, ""horizon"": 96, ""method"": ""gcc"", ""unsupported_factor"": ""unity""}",2020-12-31,2030-12-31,,7,7,154200.98108377794,
synthetic,stable,all,ave,24,42,gcc_wall_h1_l0_g1.00,gcc,"{""average"": ""volume"", ""decay"": 1.0, ""drop_high"": true, ""drop_low"": false, ""exclude"": [], ""exhausted_exclusions"": ""keep"", ""expected_loss_ratio"": null, ""history_periods"": null, ""horizon"": 96, ""method"": ""gcc"", ""unsupported_factor"": ""unity""}",2020-12-31,2030-12-31,54843.43141806801,7,7,71124.60818329563,
synthetic,stable,all,cdr,24,42,gcc_wall_h0_l0_g1.00,gcc,"{""average"": ""volume"", ""decay"": 1.0, ""drop_high"": false, ""drop_low"": false, ""exclude"": [], ""exhausted_exclusions"": ""keep"", ""expected_loss_ratio"": null, ""history_periods"": null, ""horizon"": 96, ""method"": ""gcc"", ""unsupported_factor"": ""unity""}",2020-12-31,2030-12-31,58097.09391127518,7,7,79300.14043622598,
synthetic,stable,all,basic_cl,24,42,basic_cl,cl,"{""average"": ""volume"", ""decay"": null, ""drop_high"": false, ""drop_low"": false, ""exclude"": [], ""exhausted_exclusions"": ""keep"", ""expected_loss_ratio"": null, ""history_periods"": null, ""horizon"": 96, ""method"": ""cl"", ""unsupported_factor"": ""unity""}",2020-12-31,2030-12-31,,7,7,96995.53895409478,
synthetic,stable,all,basic_bf,24,42,basic_bf,bf,"{""average"": ""volume"", ""decay"": null, ""drop_high"": false, ""drop_low"": false, ""exclude"": [], ""exhausted_exclusions"": ""keep"", ""expected_loss_ratio"": 0.6, ""history_periods"": null, ""horizon"": 96, ""method"": ""bf"", ""unsupported_factor"": ""unity""}",2020-12-31,2030-12-31,,7,7,25658.02408504969,
synthetic,stable,all,basic_gcc,24,42,basic_gcc,gcc,"{""average"": ""volume"", ""decay"": 0.75, ""drop_high"": false, ""drop_low"": false, ""exclude"": [], ""exhausted_exclusions"": ""keep"", ""expected_loss_ratio"": null, ""history_periods"": null, ""horizon"": 96, ""method"": ""gcc"", ""unsupported_factor"": ""unity""}",2020-12-31,2030-12-31,,7,7,78185.02129104674,
synthetic,stable,all,ave,25,42,gcc_wall_h0_l0_g0.75,gcc,"{""average"": ""volume"", ""decay"": 0.75, ""drop_high"": false, ""drop_low"": false, ""exclude"": [], ""exhausted_exclusions"": ""keep"", ""expected_loss_ratio"": null, ""history_periods"": null, ""horizon"": 96, ""method"": ""gcc"", ""unsupported_factor"": ""unity""}",2020-12-31,2030-12-31,41349.02676613925,7,7,97923.00786575113,
synthetic,stable,all,cdr,25,42,bf_w5_h0_l0_lr0.60,bf,"{""average"": ""volume"", ""decay"": null, ""drop_high"": false, ""drop_low"": false, ""exclude"": [], ""exhausted_exclusions"": ""keep"", ""expected_loss_ratio"": 0.6, ""history_periods"": 5, ""horizon"": 96, ""method"": ""bf"", ""unsupported_factor"": ""unity""}",2020-12-31,2030-12-31,44139.26926923987,7,7,93201.1926775047,
synthetic,stable,all,basic_cl,25,42,basic_cl,cl,"{""average"": ""volume"", ""decay"": null, ""drop_high"": false, ""drop_low"": false, ""exclude"": [], ""exhausted_exclusions"": ""keep"", ""expected_loss_ratio"": null, ""history_periods"": null, ""horizon"": 96, ""method"": ""cl"", ""unsupported_factor"": ""unity""}",2020-12-31,2030-12-31,,7,7,139045.48917902948,
synthetic,stable,all,basic_bf,25,42,basic_bf,bf,"{""average"": ""volume"", ""decay"": null, ""drop_high"": false, ""drop_low"": false, ""exclude"": [], ""exhausted_exclusions"": ""keep"", ""expected_loss_ratio"": 0.6, ""history_periods"": null, ""horizon"": 96, ""method"": ""bf"", ""unsupported_factor"": ""unity""}",2020-12-31,2030-12-31,,7,7,88152.12093331473,
synthetic,stable,all,basic_gcc,25,42,basic_gcc,gcc,"{""average"": ""volume"", ""decay"": 0.75, ""drop_high"": false, ""drop_low"": false, ""exclude"": [], ""exhausted_exclusions"": ""keep"", ""expected_loss_ratio"": null, ""history_periods"": null, ""horizon"": 96, ""method"": ""gcc"", ""unsupported_factor"": ""unity""}",2020-12-31,2030-12-31,,7,7,97923.00786575113,
synthetic,stable,all,ave,26,42,gcc_w5_h0_l0_g0.75,gcc,"{""average"": ""volume"", ""decay"": 0.75, ""drop_high"": false, ""drop_low"": false, ""exclude"": [], ""exhausted_exclusions"": ""keep"", ""expected_loss_ratio"": null, ""history_periods"": 5, ""horizon"": 96, ""method"": ""gcc"", ""unsupported_factor"": ""unity""}",2020-12-31,2030-12-31,37107.22085545465,7,7,65182.53803993031,
synthetic,stable,all,cdr,26,42,bf_w5_h0_l0_lr0.60,bf,"{""average"": ""volume"", ""decay"": null, ""drop_high"": false, ""drop_low"": false, ""exclude"": [], ""exhausted_exclusions"": ""keep"", ""expected_loss_ratio"": 0.6, ""history_periods"": 5, ""horizon"": 96, ""method"": ""bf"", ""unsupported_factor"": ""unity""}",2020-12-31,2030-12-31,38233.37997839953,7,7,104867.72739211397,
synthetic,stable,all,basic_cl,26,42,basic_cl,cl,"{""average"": ""volume"", ""decay"": null, ""drop_high"": false, ""drop_low"": false, ""exclude"": [], ""exhausted_exclusions"": ""keep"", ""expected_loss_ratio"": null, ""history_periods"": null, ""horizon"": 96, ""method"": ""cl"", ""unsupported_factor"": ""unity""}",2020-12-31,2030-12-31,,7,7,89261.64007360344,
synthetic,stable,all,basic_bf,26,42,basic_bf,bf,"{""average"": ""volume"", ""decay"": null, ""drop_high"": false, ""drop_low"": false, ""exclude"": [], ""exhausted_exclusions"": ""keep"", ""expected_loss_ratio"": 0.6, ""history_periods"": null, ""horizon"": 96, ""method"": ""bf"", ""unsupported_factor"": ""unity""}",2020-12-31,2030-12-31,,7,7,103949.12752927652,
synthetic,stable,all,basic_gcc,26,42,basic_gcc,gcc,"{""average"": ""volume"", ""decay"": 0.75, ""drop_high"": false, ""drop_low"": false, ""exclude"": [], ""exhausted_exclusions"": ""keep"", ""expected_loss_ratio"": null, ""history_periods"": null, ""horizon"": 96, ""method"": ""gcc"", ""unsupported_factor"": ""unity""}",2020-12-31,2030-12-31,,7,7,64957.545442705,
synthetic,stable,all,ave,27,42,gcc_wall_h0_l0_g0.75,gcc,"{""average"": ""volume"", ""decay"": 0.75, ""drop_high"": false, ""drop_low"": false, ""exclude"": [], ""exhausted_exclusions"": ""keep"", ""expected_loss_ratio"": null, ""history_periods"": null, ""horizon"": 96, ""method"": ""gcc"", ""unsupported_factor"": ""unity""}",2020-12-31,2030-12-31,48550.293678221424,7,7,55893.32561759602,
synthetic,stable,all,cdr,27,42,gcc_wall_h0_l0_g1.00,gcc,"{""average"": ""volume"", ""decay"": 1.0, ""drop_high"": false, ""drop_low"": false, ""exclude"": [], ""exhausted_exclusions"": ""keep"", ""expected_loss_ratio"": null, ""history_periods"": null, ""horizon"": 96, ""method"": ""gcc"", ""unsupported_factor"": ""unity""}",2020-12-31,2030-12-31,51737.47909163529,7,7,37611.68249688317,
synthetic,stable,all,basic_cl,27,42,basic_cl,cl,"{""average"": ""volume"", ""decay"": null, ""drop_high"": false, ""drop_low"": false, ""exclude"": [], ""exhausted_exclusions"": ""keep"", ""expected_loss_ratio"": null, ""history_periods"": null, ""horizon"": 96, ""method"": ""cl"", ""unsupported_factor"": ""unity""}",2020-12-31,2030-12-31,,7,7,87100.26919502969,
synthetic,stable,all,basic_bf,27,42,basic_bf,bf,"{""average"": ""volume"", ""decay"": null, ""drop_high"": false, ""drop_low"": false, ""exclude"": [], ""exhausted_exclusions"": ""keep"", ""expected_loss_ratio"": 0.6, ""history_periods"": null, ""horizon"": 96, ""method"": ""bf"", ""unsupported_factor"": ""unity""}",2020-12-31,2030-12-31,,7,7,26323.360580159642,
synthetic,stable,all,basic_gcc,27,42,basic_gcc,gcc,"{""average"": ""volume"", ""decay"": 0.75, ""drop_high"": false, ""drop_low"": false, ""exclude"": [], ""exhausted_exclusions"": ""keep"", ""expected_loss_ratio"": null, ""history_periods"": null, ""horizon"": 96, ""method"": ""gcc"", ""unsupported_factor"": ""unity""}",2020-12-31,2030-12-31,,7,7,55893.32561759602,
synthetic,stable,all,ave,28,42,bf_wall_h0_l0_lr0.60,bf,"{""average"": ""volume"", ""decay"": null, ""drop_high"": false, ""drop_low"": false, ""exclude"": [], ""exhausted_exclusions"": ""keep"", ""expected_loss_ratio"": 0.6, ""history_periods"": null, ""horizon"": 96, ""method"": ""bf"", ""unsupported_factor"": ""unity""}",2020-12-31,2030-12-31,51206.953260816146,7,7,63657.78631553063,
synthetic,stable,all,cdr,28,42,bf_wall_h1_l0_lr0.50,bf,"{""average"": ""volume"", ""decay"": null, ""drop_high"": true, ""drop_low"": false, ""exclude"": [], ""exhausted_exclusions"": ""keep"", ""expected_loss_ratio"": 0.5, ""history_periods"": null, ""horizon"": 96, ""method"": ""bf"", ""unsupported_factor"": ""unity""}",2020-12-31,2030-12-31,51901.271385649175,7,7,141008.54117349326,
synthetic,stable,all,basic_cl,28,42,basic_cl,cl,"{""average"": ""volume"", ""decay"": null, ""drop_high"": false, ""drop_low"": false, ""exclude"": [], ""exhausted_exclusions"": ""keep"", ""expected_loss_ratio"": null, ""history_periods"": null, ""horizon"": 96, ""method"": ""cl"", ""unsupported_factor"": ""unity""}",2020-12-31,2030-12-31,,7,7,85239.73326872746,
synthetic,stable,all,basic_bf,28,42,basic_bf,bf,"{""average"": ""volume"", ""decay"": null, ""drop_high"": false, ""drop_low"": false, ""exclude"": [], ""exhausted_exclusions"": ""keep"", ""expected_loss_ratio"": 0.6, ""history_periods"": null, ""horizon"": 96, ""method"": ""bf"", ""unsupported_factor"": ""unity""}",2020-12-31,2030-12-31,,7,7,63657.78631553063,
synthetic,stable,all,basic_gcc,28,42,basic_gcc,gcc,"{""average"": ""volume"", ""decay"": 0.75, ""drop_high"": false, ""drop_low"": false, ""exclude"": [], ""exhausted_exclusions"": ""keep"", ""expected_loss_ratio"": null, ""history_periods"": null, ""horizon"": 96, ""method"": ""gcc"", ""unsupported_factor"": ""unity""}",2020-12-31,2030-12-31,,7,7,81223.24639649758,
synthetic,stable,all,ave,29,42,gcc_w5_h1_l0_g0.75,gcc,"{""average"": ""volume"", ""decay"": 0.75, ""drop_high"": true, ""drop_low"": false, ""exclude"": [], ""exhausted_exclusions"": ""keep"", ""expected_loss_ratio"": null, ""history_periods"": 5, ""horizon"": 96, ""method"": ""gcc"", ""unsupported_factor"": ""unity""}",2020-12-31,2030-12-31,41407.9866665508,7,7,136564.11307261564,
synthetic,stable,all,cdr,29,42,bf_w5_h1_l0_lr0.60,bf,"{""average"": ""volume"", ""decay"": null, ""drop_high"": true, ""drop_low"": false, ""exclude"": [], ""exhausted_exclusions"": ""keep"", ""expected_loss_ratio"": 0.6, ""history_periods"": 5, ""horizon"": 96, ""method"": ""bf"", ""unsupported_factor"": ""unity""}",2020-12-31,2030-12-31,41800.290816488436,7,7,150681.3015736859,
synthetic,stable,all,basic_cl,29,42,basic_cl,cl,"{""average"": ""volume"", ""decay"": null, ""drop_high"": false, ""drop_low"": false, ""exclude"": [], ""exhausted_exclusions"": ""keep"", ""expected_loss_ratio"": null, ""history_periods"": null, ""horizon"": 96, ""method"": ""cl"", ""unsupported_factor"": ""unity""}",2020-12-31,2030-12-31,,7,7,246796.2975040667,
synthetic,stable,all,basic_bf,29,42,basic_bf,bf,"{""average"": ""volume"", ""decay"": null, ""drop_high"": false, ""drop_low"": false, ""exclude"": [], ""exhausted_exclusions"": ""keep"", ""expected_loss_ratio"": 0.6, ""history_periods"": null, ""horizon"": 96, ""method"": ""bf"", ""unsupported_factor"": ""unity""}",2020-12-31,2030-12-31,,7,7,120692.03367426219,
synthetic,stable,all,basic_gcc,29,42,basic_gcc,gcc,"{""average"": ""volume"", ""decay"": 0.75, ""drop_high"": false, ""drop_low"": false, ""exclude"": [], ""exhausted_exclusions"": ""keep"", ""expected_loss_ratio"": null, ""history_periods"": null, ""horizon"": 96, ""method"": ""gcc"", ""unsupported_factor"": ""unity""}",2020-12-31,2030-12-31,,7,7,98463.51970982084,
synthetic,noisy,all,ave,0,42,gcc_wall_h0_l0_g1.00,gcc,"{""average"": ""volume"", ""decay"": 1.0, ""drop_high"": false, ""drop_low"": false, ""exclude"": [], ""exhausted_exclusions"": ""keep"", ""expected_loss_ratio"": null, ""history_periods"": null, ""horizon"": 96, ""method"": ""gcc"", ""unsupported_factor"": ""unity""}",2020-12-31,2030-12-31,96834.54725391611,7,7,104630.50934345814,
synthetic,noisy,all,cdr,0,42,gcc_wall_h0_l0_g1.00,gcc,"{""average"": ""volume"", ""decay"": 1.0, ""drop_high"": false, ""drop_low"": false, ""exclude"": [], ""exhausted_exclusions"": ""keep"", ""expected_loss_ratio"": null, ""history_periods"": null, ""horizon"": 96, ""method"": ""gcc"", ""unsupported_factor"": ""unity""}",2020-12-31,2030-12-31,97557.03121749846,7,7,104630.50934345814,
synthetic,noisy,all,basic_cl,0,42,basic_cl,cl,"{""average"": ""volume"", ""decay"": null, ""drop_high"": false, ""drop_low"": false, ""exclude"": [], ""exhausted_exclusions"": ""keep"", ""expected_loss_ratio"": null, ""history_periods"": null, ""horizon"": 96, ""method"": ""cl"", ""unsupported_factor"": ""unity""}",2020-12-31,2030-12-31,,7,7,196898.12588281816,
synthetic,noisy,all,basic_bf,0,42,basic_bf,bf,"{""average"": ""volume"", ""decay"": null, ""drop_high"": false, ""drop_low"": false, ""exclude"": [], ""exhausted_exclusions"": ""keep"", ""expected_loss_ratio"": 0.6, ""history_periods"": null, ""horizon"": 96, ""method"": ""bf"", ""unsupported_factor"": ""unity""}",2020-12-31,2030-12-31,,7,7,92092.01439020979,
synthetic,noisy,all,basic_gcc,0,42,basic_gcc,gcc,"{""average"": ""volume"", ""decay"": 0.75, ""drop_high"": false, ""drop_low"": false, ""exclude"": [], ""exhausted_exclusions"": ""keep"", ""expected_loss_ratio"": null, ""history_periods"": null, ""horizon"": 96, ""method"": ""gcc"", ""unsupported_factor"": ""unity""}",2020-12-31,2030-12-31,,7,7,94178.99795441779,
synthetic,noisy,all,ave,1,42,bf_wall_h0_l0_lr0.60,bf,"{""average"": ""volume"", ""decay"": null, ""drop_high"": false, ""drop_low"": false, ""exclude"": [], ""exhausted_exclusions"": ""keep"", ""expected_loss_ratio"": 0.6, ""history_periods"": null, ""horizon"": 96, ""method"": ""bf"", ""unsupported_factor"": ""unity""}",2020-12-31,2030-12-31,91655.94311493468,7,7,101417.73266171952,
synthetic,noisy,all,cdr,1,42,bf_wall_h0_l0_lr0.60,bf,"{""average"": ""volume"", ""decay"": null, ""drop_high"": false, ""drop_low"": false, ""exclude"": [], ""exhausted_exclusions"": ""keep"", ""expected_loss_ratio"": 0.6, ""history_periods"": null, ""horizon"": 96, ""method"": ""bf"", ""unsupported_factor"": ""unity""}",2020-12-31,2030-12-31,89792.62381455346,7,7,101417.73266171952,
synthetic,noisy,all,basic_cl,1,42,basic_cl,cl,"{""average"": ""volume"", ""decay"": null, ""drop_high"": false, ""drop_low"": false, ""exclude"": [], ""exhausted_exclusions"": ""keep"", ""expected_loss_ratio"": null, ""history_periods"": null, ""horizon"": 96, ""method"": ""cl"", ""unsupported_factor"": ""unity""}",2020-12-31,2030-12-31,,7,7,26855.388784328657,
synthetic,noisy,all,basic_bf,1,42,basic_bf,bf,"{""average"": ""volume"", ""decay"": null, ""drop_high"": false, ""drop_low"": false, ""exclude"": [], ""exhausted_exclusions"": ""keep"", ""expected_loss_ratio"": 0.6, ""history_periods"": null, ""horizon"": 96, ""method"": ""bf"", ""unsupported_factor"": ""unity""}",2020-12-31,2030-12-31,,7,7,101417.73266171952,
synthetic,noisy,all,basic_gcc,1,42,basic_gcc,gcc,"{""average"": ""volume"", ""decay"": 0.75, ""drop_high"": false, ""drop_low"": false, ""exclude"": [], ""exhausted_exclusions"": ""keep"", ""expected_loss_ratio"": null, ""history_periods"": null, ""horizon"": 96, ""method"": ""gcc"", ""unsupported_factor"": ""unity""}",2020-12-31,2030-12-31,,7,7,94693.8066132969,
synthetic,noisy,all,ave,2,42,gcc_wall_h1_l0_g0.75,gcc,"{""average"": ""volume"", ""decay"": 0.75, ""drop_high"": true, ""drop_low"": false, ""exclude"": [], ""exhausted_exclusions"": ""keep"", ""expected_loss_ratio"": null, ""history_periods"": null, ""horizon"": 96, ""method"": ""gcc"", ""unsupported_factor"": ""unity""}",2020-12-31,2030-12-31,129832.78165747249,7,7,222625.93606846608,
synthetic,noisy,all,cdr,2,42,bf_wall_h1_l0_lr0.60,bf,"{""average"": ""volume"", ""decay"": null, ""drop_high"": true, ""drop_low"": false, ""exclude"": [], ""exhausted_exclusions"": ""keep"", ""expected_loss_ratio"": 0.6, ""history_periods"": null, ""horizon"": 96, ""method"": ""bf"", ""unsupported_factor"": ""unity""}",2020-12-31,2030-12-31,139275.28936308695,7,7,122651.53615047697,
synthetic,noisy,all,basic_cl,2,42,basic_cl,cl,"{""average"": ""volume"", ""decay"": null, ""drop_high"": false, ""drop_low"": false, ""exclude"": [], ""exhausted_exclusions"": ""keep"", ""expected_loss_ratio"": null, ""history_periods"": null, ""horizon"": 96, ""method"": ""cl"", ""unsupported_factor"": ""unity""}",2020-12-31,2030-12-31,,7,7,532412.9735648904,
synthetic,noisy,all,basic_bf,2,42,basic_bf,bf,"{""average"": ""volume"", ""decay"": null, ""drop_high"": false, ""drop_low"": false, ""exclude"": [], ""exhausted_exclusions"": ""keep"", ""expected_loss_ratio"": 0.6, ""history_periods"": null, ""horizon"": 96, ""method"": ""bf"", ""unsupported_factor"": ""unity""}",2020-12-31,2030-12-31,,7,7,124580.58516667105,
synthetic,noisy,all,basic_gcc,2,42,basic_gcc,gcc,"{""average"": ""volume"", ""decay"": 0.75, ""drop_high"": false, ""drop_low"": false, ""exclude"": [], ""exhausted_exclusions"": ""keep"", ""expected_loss_ratio"": null, ""history_periods"": null, ""horizon"": 96, ""method"": ""gcc"", ""unsupported_factor"": ""unity""}",2020-12-31,2030-12-31,,7,7,253678.33010112078,
synthetic,noisy,all,ave,3,42,bf_wall_h0_l0_lr0.60,bf,"{""average"": ""volume"", ""decay"": null, ""drop_high"": false, ""drop_low"": false, ""exclude"": [], ""exhausted_exclusions"": ""keep"", ""expected_loss_ratio"": 0.6, ""history_periods"": null, ""horizon"": 96, ""method"": ""bf"", ""unsupported_factor"": ""unity""}",2020-12-31,2030-12-31,110488.23660616977,7,7,109468.83999070567,
synthetic,noisy,all,cdr,3,42,bf_wall_h0_l0_lr0.60,bf,"{""average"": ""volume"", ""decay"": null, ""drop_high"": false, ""drop_low"": false, ""exclude"": [], ""exhausted_exclusions"": ""keep"", ""expected_loss_ratio"": 0.6, ""history_periods"": null, ""horizon"": 96, ""method"": ""bf"", ""unsupported_factor"": ""unity""}",2020-12-31,2030-12-31,109907.63954988266,7,7,109468.83999070567,
synthetic,noisy,all,basic_cl,3,42,basic_cl,cl,"{""average"": ""volume"", ""decay"": null, ""drop_high"": false, ""drop_low"": false, ""exclude"": [], ""exhausted_exclusions"": ""keep"", ""expected_loss_ratio"": null, ""history_periods"": null, ""horizon"": 96, ""method"": ""cl"", ""unsupported_factor"": ""unity""}",2020-12-31,2030-12-31,,7,7,148989.01288976244,
synthetic,noisy,all,basic_bf,3,42,basic_bf,bf,"{""average"": ""volume"", ""decay"": null, ""drop_high"": false, ""drop_low"": false, ""exclude"": [], ""exhausted_exclusions"": ""keep"", ""expected_loss_ratio"": 0.6, ""history_periods"": null, ""horizon"": 96, ""method"": ""bf"", ""unsupported_factor"": ""unity""}",2020-12-31,2030-12-31,,7,7,109468.83999070567,
synthetic,noisy,all,basic_gcc,3,42,basic_gcc,gcc,"{""average"": ""volume"", ""decay"": 0.75, ""drop_high"": false, ""drop_low"": false, ""exclude"": [], ""exhausted_exclusions"": ""keep"", ""expected_loss_ratio"": null, ""history_periods"": null, ""horizon"": 96, ""method"": ""gcc"", ""unsupported_factor"": ""unity""}",2020-12-31,2030-12-31,,7,7,129355.55865460332,
synthetic,noisy,all,ave,4,42,gcc_wall_h0_l0_g1.00,gcc,"{""average"": ""volume"", ""decay"": 1.0, ""drop_high"": false, ""drop_low"": false, ""exclude"": [], ""exhausted_exclusions"": ""keep"", ""expected_loss_ratio"": null, ""history_periods"": null, ""horizon"": 96, ""method"": ""gcc"", ""unsupported_factor"": ""unity""}",2020-12-31,2030-12-31,120098.4766618458,7,7,109547.38152018512,
synthetic,noisy,all,cdr,4,42,bf_wall_h0_l0_lr0.60,bf,"{""average"": ""volume"", ""decay"": null, ""drop_high"": false, ""drop_low"": false, ""exclude"": [], ""exhausted_exclusions"": ""keep"", ""expected_loss_ratio"": 0.6, ""history_periods"": null, ""horizon"": 96, ""method"": ""bf"", ""unsupported_factor"": ""unity""}",2020-12-31,2030-12-31,119600.24080256374,7,7,92032.25542136178,
synthetic,noisy,all,basic_cl,4,42,basic_cl,cl,"{""average"": ""volume"", ""decay"": null, ""drop_high"": false, ""drop_low"": false, ""exclude"": [], ""exhausted_exclusions"": ""keep"", ""expected_loss_ratio"": null, ""history_periods"": null, ""horizon"": 96, ""method"": ""cl"", ""unsupported_factor"": ""unity""}",2020-12-31,2030-12-31,,7,7,95506.89182364637,
synthetic,noisy,all,basic_bf,4,42,basic_bf,bf,"{""average"": ""volume"", ""decay"": null, ""drop_high"": false, ""drop_low"": false, ""exclude"": [], ""exhausted_exclusions"": ""keep"", ""expected_loss_ratio"": 0.6, ""history_periods"": null, ""horizon"": 96, ""method"": ""bf"", ""unsupported_factor"": ""unity""}",2020-12-31,2030-12-31,,7,7,92032.25542136178,
synthetic,noisy,all,basic_gcc,4,42,basic_gcc,gcc,"{""average"": ""volume"", ""decay"": 0.75, ""drop_high"": false, ""drop_low"": false, ""exclude"": [], ""exhausted_exclusions"": ""keep"", ""expected_loss_ratio"": null, ""history_periods"": null, ""horizon"": 96, ""method"": ""gcc"", ""unsupported_factor"": ""unity""}",2020-12-31,2030-12-31,,7,7,120284.51318042779,
synthetic,noisy,all,ave,5,42,gcc_w5_h1_l0_g1.00,gcc,"{""average"": ""volume"", ""decay"": 1.0, ""drop_high"": true, ""drop_low"": false, ""exclude"": [], ""exhausted_exclusions"": ""keep"", ""expected_loss_ratio"": null, ""history_periods"": 5, ""horizon"": 96, ""method"": ""gcc"", ""unsupported_factor"": ""unity""}",2020-12-31,2030-12-31,104941.63320944982,7,7,50959.24722173584,
synthetic,noisy,all,cdr,5,42,bf_w3_h1_l0_lr0.60,bf,"{""average"": ""volume"", ""decay"": null, ""drop_high"": true, ""drop_low"": false, ""exclude"": [], ""exhausted_exclusions"": ""keep"", ""expected_loss_ratio"": 0.6, ""history_periods"": 3, ""horizon"": 96, ""method"": ""bf"", ""unsupported_factor"": ""unity""}",2020-12-31,2030-12-31,108176.9172976136,7,7,65860.88496070301,
synthetic,noisy,all,basic_cl,5,42,basic_cl,cl,"{""average"": ""volume"", ""decay"": null, ""drop_high"": false, ""drop_low"": false, ""exclude"": [], ""exhausted_exclusions"": ""keep"", ""expected_loss_ratio"": null, ""history_periods"": null, ""horizon"": 96, ""method"": ""cl"", ""unsupported_factor"": ""unity""}",2020-12-31,2030-12-31,,7,7,287896.79261107644,
synthetic,noisy,all,basic_bf,5,42,basic_bf,bf,"{""average"": ""volume"", ""decay"": null, ""drop_high"": false, ""drop_low"": false, ""exclude"": [], ""exhausted_exclusions"": ""keep"", ""expected_loss_ratio"": 0.6, ""history_periods"": null, ""horizon"": 96, ""method"": ""bf"", ""unsupported_factor"": ""unity""}",2020-12-31,2030-12-31,,7,7,34982.06626257903,
synthetic,noisy,all,basic_gcc,5,42,basic_gcc,gcc,"{""average"": ""volume"", ""decay"": 0.75, ""drop_high"": false, ""drop_low"": false, ""exclude"": [], ""exhausted_exclusions"": ""keep"", ""expected_loss_ratio"": null, ""history_periods"": null, ""horizon"": 96, ""method"": ""gcc"", ""unsupported_factor"": ""unity""}",2020-12-31,2030-12-31,,7,7,121045.79694961837,
synthetic,noisy,all,ave,6,42,gcc_w5_h0_l0_g1.00,gcc,"{""average"": ""volume"", ""decay"": 1.0, ""drop_high"": false, ""drop_low"": false, ""exclude"": [], ""exhausted_exclusions"": ""keep"", ""expected_loss_ratio"": null, ""history_periods"": 5, ""horizon"": 96, ""method"": ""gcc"", ""unsupported_factor"": ""unity""}",2020-12-31,2030-12-31,77826.23900922734,7,7,248668.35689765846,
synthetic,noisy,all,cdr,6,42,bf_wall_h0_l0_lr0.60,bf,"{""average"": ""volume"", ""decay"": null, ""drop_high"": false, ""drop_low"": false, ""exclude"": [], ""exhausted_exclusions"": ""keep"", ""expected_loss_ratio"": 0.6, ""history_periods"": null, ""horizon"": 96, ""method"": ""bf"", ""unsupported_factor"": ""unity""}",2020-12-31,2030-12-31,77125.88411453301,7,7,238628.25530088518,
synthetic,noisy,all,basic_cl,6,42,basic_cl,cl,"{""average"": ""volume"", ""decay"": null, ""drop_high"": false, ""drop_low"": false, ""exclude"": [], ""exhausted_exclusions"": ""keep"", ""expected_loss_ratio"": null, ""history_periods"": null, ""horizon"": 96, ""method"": ""cl"", ""unsupported_factor"": ""unity""}",2020-12-31,2030-12-31,,7,7,282131.4017647911,
synthetic,noisy,all,basic_bf,6,42,basic_bf,bf,"{""average"": ""volume"", ""decay"": null, ""drop_high"": false, ""drop_low"": false, ""exclude"": [], ""exhausted_exclusions"": ""keep"", ""expected_loss_ratio"": 0.6, ""history_periods"": null, ""horizon"": 96, ""method"": ""bf"", ""unsupported_factor"": ""unity""}",2020-12-31,2030-12-31,,7,7,238628.25530088518,
synthetic,noisy,all,basic_gcc,6,42,basic_gcc,gcc,"{""average"": ""volume"", ""decay"": 0.75, ""drop_high"": false, ""drop_low"": false, ""exclude"": [], ""exhausted_exclusions"": ""keep"", ""expected_loss_ratio"": null, ""history_periods"": null, ""horizon"": 96, ""method"": ""gcc"", ""unsupported_factor"": ""unity""}",2020-12-31,2030-12-31,,7,7,236019.79974029143,
synthetic,noisy,all,ave,7,42,gcc_wall_h0_l0_g1.00,gcc,"{""average"": ""volume"", ""decay"": 1.0, ""drop_high"": false, ""drop_low"": false, ""exclude"": [], ""exhausted_exclusions"": ""keep"", ""expected_loss_ratio"": null, ""history_periods"": null, ""horizon"": 96, ""method"": ""gcc"", ""unsupported_factor"": ""unity""}",2020-12-31,2030-12-31,76771.39759442708,7,7,97303.39922560845,
synthetic,noisy,all,cdr,7,42,bf_wall_h0_l0_lr0.50,bf,"{""average"": ""volume"", ""decay"": null, ""drop_high"": false, ""drop_low"": false, ""exclude"": [], ""exhausted_exclusions"": ""keep"", ""expected_loss_ratio"": 0.5, ""history_periods"": null, ""horizon"": 96, ""method"": ""bf"", ""unsupported_factor"": ""unity""}",2020-12-31,2030-12-31,77457.01445782692,7,7,114341.37984597504,
synthetic,noisy,all,basic_cl,7,42,basic_cl,cl,"{""average"": ""volume"", ""decay"": null, ""drop_high"": false, ""drop_low"": false, ""exclude"": [], ""exhausted_exclusions"": ""keep"", ""expected_loss_ratio"": null, ""history_periods"": null, ""horizon"": 96, ""method"": ""cl"", ""unsupported_factor"": ""unity""}",2020-12-31,2030-12-31,,7,7,105670.99622827808,
synthetic,noisy,all,basic_bf,7,42,basic_bf,bf,"{""average"": ""volume"", ""decay"": null, ""drop_high"": false, ""drop_low"": false, ""exclude"": [], ""exhausted_exclusions"": ""keep"", ""expected_loss_ratio"": 0.6, ""history_periods"": null, ""horizon"": 96, ""method"": ""bf"", ""unsupported_factor"": ""unity""}",2020-12-31,2030-12-31,,7,7,79797.22617230019,
synthetic,noisy,all,basic_gcc,7,42,basic_gcc,gcc,"{""average"": ""volume"", ""decay"": 0.75, ""drop_high"": false, ""drop_low"": false, ""exclude"": [], ""exhausted_exclusions"": ""keep"", ""expected_loss_ratio"": null, ""history_periods"": null, ""horizon"": 96, ""method"": ""gcc"", ""unsupported_factor"": ""unity""}",2020-12-31,2030-12-31,,7,7,98543.56506523912,
synthetic,noisy,all,ave,8,42,gcc_wall_h1_l0_g1.00,gcc,"{""average"": ""volume"", ""decay"": 1.0, ""drop_high"": true, ""drop_low"": false, ""exclude"": [], ""exhausted_exclusions"": ""keep"", ""expected_loss_ratio"": null, ""history_periods"": null, ""horizon"": 96, ""method"": ""gcc"", ""unsupported_factor"": ""unity""}",2020-12-31,2030-12-31,100127.22007560541,7,7,192498.83477704288,
synthetic,noisy,all,cdr,8,42,bf_wall_h1_l0_lr0.60,bf,"{""average"": ""volume"", ""decay"": null, ""drop_high"": true, ""drop_low"": false, ""exclude"": [], ""exhausted_exclusions"": ""keep"", ""expected_loss_ratio"": 0.6, ""history_periods"": null, ""horizon"": 96, ""method"": ""bf"", ""unsupported_factor"": ""unity""}",2020-12-31,2030-12-31,105426.6258075117,7,7,160261.8388668844,
synthetic,noisy,all,basic_cl,8,42,basic_cl,cl,"{""average"": ""volume"", ""decay"": null, ""drop_high"": false, ""drop_low"": false, ""exclude"": [], ""exhausted_exclusions"": ""keep"", ""expected_loss_ratio"": null, ""history_periods"": null, ""horizon"": 96, ""method"": ""cl"", ""unsupported_factor"": ""unity""}",2020-12-31,2030-12-31,,7,7,327371.34749240085,
synthetic,noisy,all,basic_bf,8,42,basic_bf,bf,"{""average"": ""volume"", ""decay"": null, ""drop_high"": false, ""drop_low"": false, ""exclude"": [], ""exhausted_exclusions"": ""keep"", ""expected_loss_ratio"": 0.6, ""history_periods"": null, ""horizon"": 96, ""method"": ""bf"", ""unsupported_factor"": ""unity""}",2020-12-31,2030-12-31,,7,7,163173.10088745557,
synthetic,noisy,all,basic_gcc,8,42,basic_gcc,gcc,"{""average"": ""volume"", ""decay"": 0.75, ""drop_high"": false, ""drop_low"": false, ""exclude"": [], ""exhausted_exclusions"": ""keep"", ""expected_loss_ratio"": null, ""history_periods"": null, ""horizon"": 96, ""method"": ""gcc"", ""unsupported_factor"": ""unity""}",2020-12-31,2030-12-31,,7,7,184072.46633859843,
synthetic,noisy,all,ave,9,42,bf_wall_h0_l0_lr0.50,bf,"{""average"": ""volume"", ""decay"": null, ""drop_high"": false, ""drop_low"": false, ""exclude"": [], ""exhausted_exclusions"": ""keep"", ""expected_loss_ratio"": 0.5, ""history_periods"": null, ""horizon"": 96, ""method"": ""bf"", ""unsupported_factor"": ""unity""}",2020-12-31,2030-12-31,104545.53694267067,7,7,110553.05208709982,
synthetic,noisy,all,cdr,9,42,bf_wall_h0_l0_lr0.50,bf,"{""average"": ""volume"", ""decay"": null, ""drop_high"": false, ""drop_low"": false, ""exclude"": [], ""exhausted_exclusions"": ""keep"", ""expected_loss_ratio"": 0.5, ""history_periods"": null, ""horizon"": 96, ""method"": ""bf"", ""unsupported_factor"": ""unity""}",2020-12-31,2030-12-31,104107.68804473958,7,7,110553.05208709982,
synthetic,noisy,all,basic_cl,9,42,basic_cl,cl,"{""average"": ""volume"", ""decay"": null, ""drop_high"": false, ""drop_low"": false, ""exclude"": [], ""exhausted_exclusions"": ""keep"", ""expected_loss_ratio"": null, ""history_periods"": null, ""horizon"": 96, ""method"": ""cl"", ""unsupported_factor"": ""unity""}",2020-12-31,2030-12-31,,7,7,168313.74428336354,
synthetic,noisy,all,basic_bf,9,42,basic_bf,bf,"{""average"": ""volume"", ""decay"": null, ""drop_high"": false, ""drop_low"": false, ""exclude"": [], ""exhausted_exclusions"": ""keep"", ""expected_loss_ratio"": 0.6, ""history_periods"": null, ""horizon"": 96, ""method"": ""bf"", ""unsupported_factor"": ""unity""}",2020-12-31,2030-12-31,,7,7,100000.84313792178,
synthetic,noisy,all,basic_gcc,9,42,basic_gcc,gcc,"{""average"": ""volume"", ""decay"": 0.75, ""drop_high"": false, ""drop_low"": false, ""exclude"": [], ""exhausted_exclusions"": ""keep"", ""expected_loss_ratio"": null, ""history_periods"": null, ""horizon"": 96, ""method"": ""gcc"", ""unsupported_factor"": ""unity""}",2020-12-31,2030-12-31,,7,7,113269.36460018791,
synthetic,noisy,all,ave,10,42,gcc_wall_h0_l0_g1.00,gcc,"{""average"": ""volume"", ""decay"": 1.0, ""drop_high"": false, ""drop_low"": false, ""exclude"": [], ""exhausted_exclusions"": ""keep"", ""expected_loss_ratio"": null, ""history_periods"": null, ""horizon"": 96, ""method"": ""gcc"", ""unsupported_factor"": ""unity""}",2020-12-31,2030-12-31,86816.52222391582,7,7,161163.9480502602,
synthetic,noisy,all,cdr,10,42,gcc_wall_h0_l0_g1.00,gcc,"{""average"": ""volume"", ""decay"": 1.0, ""drop_high"": false, ""drop_low"": false, ""exclude"": [], ""exhausted_exclusions"": ""keep"", ""expected_loss_ratio"": null, ""history_periods"": null, ""horizon"": 96, ""method"": ""gcc"", ""unsupported_factor"": ""unity""}",2020-12-31,2030-12-31,87726.99348784784,7,7,161163.9480502602,
synthetic,noisy,all,basic_cl,10,42,basic_cl,cl,"{""average"": ""volume"", ""decay"": null, ""drop_high"": false, ""drop_low"": false, ""exclude"": [], ""exhausted_exclusions"": ""keep"", ""expected_loss_ratio"": null, ""history_periods"": null, ""horizon"": 96, ""method"": ""cl"", ""unsupported_factor"": ""unity""}",2020-12-31,2030-12-31,,7,7,121222.91299291226,
synthetic,noisy,all,basic_bf,10,42,basic_bf,bf,"{""average"": ""volume"", ""decay"": null, ""drop_high"": false, ""drop_low"": false, ""exclude"": [], ""exhausted_exclusions"": ""keep"", ""expected_loss_ratio"": 0.6, ""history_periods"": null, ""horizon"": 96, ""method"": ""bf"", ""unsupported_factor"": ""unity""}",2020-12-31,2030-12-31,,7,7,105496.17236629338,
synthetic,noisy,all,basic_gcc,10,42,basic_gcc,gcc,"{""average"": ""volume"", ""decay"": 0.75, ""drop_high"": false, ""drop_low"": false, ""exclude"": [], ""exhausted_exclusions"": ""keep"", ""expected_loss_ratio"": null, ""history_periods"": null, ""horizon"": 96, ""method"": ""gcc"", ""unsupported_factor"": ""unity""}",2020-12-31,2030-12-31,,7,7,134400.09177024034,
synthetic,noisy,all,ave,11,42,bf_w5_h0_l0_lr0.60,bf,"{""average"": ""volume"", ""decay"": null, ""drop_high"": false, ""drop_low"": false, ""exclude"": [], ""exhausted_exclusions"": ""keep"", ""expected_loss_ratio"": 0.6, ""history_periods"": 5, ""horizon"": 96, ""method"": ""bf"", ""unsupported_factor"": ""unity""}",2020-12-31,2030-12-31,125602.4033153554,7,7,74320.93218015882,
synthetic,noisy,all,cdr,11,42,bf_w5_h0_l0_lr0.60,bf,"{""average"": ""volume"", ""decay"": null, ""drop_high"": false, ""drop_low"": false, ""exclude"": [], ""exhausted_exclusions"": ""keep"", ""expected_loss_ratio"": 0.6, ""history_periods"": 5, ""horizon"": 96, ""method"": ""bf"", ""unsupported_factor"": ""unity""}",2020-12-31,2030-12-31,123377.74708737181,7,7,74320.93218015882,
synthetic,noisy,all,basic_cl,11,42,basic_cl,cl,"{""average"": ""volume"", ""decay"": null, ""drop_high"": false, ""drop_low"": false, ""exclude"": [], ""exhausted_exclusions"": ""keep"", ""expected_loss_ratio"": null, ""history_periods"": null, ""horizon"": 96, ""method"": ""cl"", ""unsupported_factor"": ""unity""}",2020-12-31,2030-12-31,,7,7,140373.0315518085,
synthetic,noisy,all,basic_bf,11,42,basic_bf,bf,"{""average"": ""volume"", ""decay"": null, ""drop_high"": false, ""drop_low"": false, ""exclude"": [], ""exhausted_exclusions"": ""keep"", ""expected_loss_ratio"": 0.6, ""history_periods"": null, ""horizon"": 96, ""method"": ""bf"", ""unsupported_factor"": ""unity""}",2020-12-31,2030-12-31,,7,7,76881.91644946916,
synthetic,noisy,all,basic_gcc,11,42,basic_gcc,gcc,"{""average"": ""volume"", ""decay"": 0.75, ""drop_high"": false, ""drop_low"": false, ""exclude"": [], ""exhausted_exclusions"": ""keep"", ""expected_loss_ratio"": null, ""history_periods"": null, ""horizon"": 96, ""method"": ""gcc"", ""unsupported_factor"": ""unity""}",2020-12-31,2030-12-31,,7,7,111419.11374799463,
synthetic,noisy,all,ave,12,42,gcc_wall_h1_l0_g0.75,gcc,"{""average"": ""volume"", ""decay"": 0.75, ""drop_high"": true, ""drop_low"": false, ""exclude"": [], ""exhausted_exclusions"": ""keep"", ""expected_loss_ratio"": null, ""history_periods"": null, ""horizon"": 96, ""method"": ""gcc"", ""unsupported_factor"": ""unity""}",2020-12-31,2030-12-31,105655.13168317954,7,7,277229.9012947374,
synthetic,noisy,all,cdr,12,42,gcc_wall_h1_l0_g1.00,gcc,"{""average"": ""volume"", ""decay"": 1.0, ""drop_high"": true, ""drop_low"": false, ""exclude"": [], ""exhausted_exclusions"": ""keep"", ""expected_loss_ratio"": null, ""history_periods"": null, ""horizon"": 96, ""method"": ""gcc"", ""unsupported_factor"": ""unity""}",2020-12-31,2030-12-31,112511.98171167688,7,7,280751.03042809194,
synthetic,noisy,all,basic_cl,12,42,basic_cl,cl,"{""average"": ""volume"", ""decay"": null, ""drop_high"": false, ""drop_low"": false, ""exclude"": [], ""exhausted_exclusions"": ""keep"", ""expected_loss_ratio"": null, ""history_periods"": null, ""horizon"": 96, ""method"": ""cl"", ""unsupported_factor"": ""unity""}",2020-12-31,2030-12-31,,7,7,326802.0379993645,
synthetic,noisy,all,basic_bf,12,42,basic_bf,bf,"{""average"": ""volume"", ""decay"": null, ""drop_high"": false, ""drop_low"": false, ""exclude"": [], ""exhausted_exclusions"": ""keep"", ""expected_loss_ratio"": 0.6, ""history_periods"": null, ""horizon"": 96, ""method"": ""bf"", ""unsupported_factor"": ""unity""}",2020-12-31,2030-12-31,,7,7,289419.5875481773,
synthetic,noisy,all,basic_gcc,12,42,basic_gcc,gcc,"{""average"": ""volume"", ""decay"": 0.75, ""drop_high"": false, ""drop_low"": false, ""exclude"": [], ""exhausted_exclusions"": ""keep"", ""expected_loss_ratio"": null, ""history_periods"": null, ""horizon"": 96, ""method"": ""gcc"", ""unsupported_factor"": ""unity""}",2020-12-31,2030-12-31,,7,7,269974.1197052128,
synthetic,noisy,all,ave,13,42,gcc_w5_h1_l0_g1.00,gcc,"{""average"": ""volume"", ""decay"": 1.0, ""drop_high"": true, ""drop_low"": false, ""exclude"": [], ""exhausted_exclusions"": ""keep"", ""expected_loss_ratio"": null, ""history_periods"": 5, ""horizon"": 96, ""method"": ""gcc"", ""unsupported_factor"": ""unity""}",2020-12-31,2030-12-31,95059.37072097334,7,7,92403.55569037255,
synthetic,noisy,all,cdr,13,42,gcc_w5_h1_l0_g1.00,gcc,"{""average"": ""volume"", ""decay"": 1.0, ""drop_high"": true, ""drop_low"": false, ""exclude"": [], ""exhausted_exclusions"": ""keep"", ""expected_loss_ratio"": null, ""history_periods"": 5, ""horizon"": 96, ""method"": ""gcc"", ""unsupported_factor"": ""unity""}",2020-12-31,2030-12-31,94714.23387423561,7,7,92403.55569037255,
synthetic,noisy,all,basic_cl,13,42,basic_cl,cl,"{""average"": ""volume"", ""decay"": null, ""drop_high"": false, ""drop_low"": false, ""exclude"": [], ""exhausted_exclusions"": ""keep"", ""expected_loss_ratio"": null, ""history_periods"": null, ""horizon"": 96, ""method"": ""cl"", ""unsupported_factor"": ""unity""}",2020-12-31,2030-12-31,,7,7,121117.1837067443,
synthetic,noisy,all,basic_bf,13,42,basic_bf,bf,"{""average"": ""volume"", ""decay"": null, ""drop_high"": false, ""drop_low"": false, ""exclude"": [], ""exhausted_exclusions"": ""keep"", ""expected_loss_ratio"": 0.6, ""history_periods"": null, ""horizon"": 96, ""method"": ""bf"", ""unsupported_factor"": ""unity""}",2020-12-31,2030-12-31,,7,7,119770.47023634758,
synthetic,noisy,all,basic_gcc,13,42,basic_gcc,gcc,"{""average"": ""volume"", ""decay"": 0.75, ""drop_high"": false, ""drop_low"": false, ""exclude"": [], ""exhausted_exclusions"": ""keep"", ""expected_loss_ratio"": null, ""history_periods"": null, ""horizon"": 96, ""method"": ""gcc"", ""unsupported_factor"": ""unity""}",2020-12-31,2030-12-31,,7,7,44231.97977533656,
synthetic,noisy,all,ave,14,42,gcc_w3_h0_l0_g0.25,gcc,"{""average"": ""volume"", ""decay"": 0.25, ""drop_high"": false, ""drop_low"": false, ""exclude"": [], ""exhausted_exclusions"": ""keep"", ""expected_loss_ratio"": null, ""history_periods"": 3, ""horizon"": 96, ""method"": ""gcc"", ""unsupported_factor"": ""unity""}",2020-12-31,2030-12-31,113683.3003770417,7,7,182219.32468349754,
synthetic,noisy,all,cdr,14,42,gcc_w3_h0_l0_g1.00,gcc,"{""average"": ""volume"", ""decay"": 1.0, ""drop_high"": false, ""drop_low"": false, ""exclude"": [], ""exhausted_exclusions"": ""keep"", ""expected_loss_ratio"": null, ""history_periods"": 3, ""horizon"": 96, ""method"": ""gcc"", ""unsupported_factor"": ""unity""}",2020-12-31,2030-12-31,127649.55562289488,7,7,67994.9612073618,
synthetic,noisy,all,basic_cl,14,42,basic_cl,cl,"{""average"": ""volume"", ""decay"": null, ""drop_high"": false, ""drop_low"": false, ""exclude"": [], ""exhausted_exclusions"": ""keep"", ""expected_loss_ratio"": null, ""history_periods"": null, ""horizon"": 96, ""method"": ""cl"", ""unsupported_factor"": ""unity""}",2020-12-31,2030-12-31,,7,7,442454.86409050156,
synthetic,noisy,all,basic_bf,14,42,basic_bf,bf,"{""average"": ""volume"", ""decay"": null, ""drop_high"": false, ""drop_low"": false, ""exclude"": [], ""exhausted_exclusions"": ""keep"", ""expected_loss_ratio"": 0.6, ""history_periods"": null, ""horizon"": 96, ""method"": ""bf"", ""unsupported_factor"": ""unity""}",2020-12-31,2030-12-31,,7,7,119180.94859480498,
synthetic,noisy,all,basic_gcc,14,42,basic_gcc,gcc,"{""average"": ""volume"", ""decay"": 0.75, ""drop_high"": false, ""drop_low"": false, ""exclude"": [], ""exhausted_exclusions"": ""keep"", ""expected_loss_ratio"": null, ""history_periods"": null, ""horizon"": 96, ""method"": ""gcc"", ""unsupported_factor"": ""unity""}",2020-12-31,2030-12-31,,7,7,85181.64247129588,
synthetic,noisy,all,ave,15,42,bf_wall_h0_l0_lr0.60,bf,"{""average"": ""volume"", ""decay"": null, ""drop_high"": false, ""drop_low"": false, ""exclude"": [], ""exhausted_exclusions"": ""keep"", ""expected_loss_ratio"": 0.6, ""history_periods"": null, ""horizon"": 96, ""method"": ""bf"", ""unsupported_factor"": ""unity""}",2020-12-31,2030-12-31,96558.28932732192,7,7,140497.15078751408,
synthetic,noisy,all,cdr,15,42,bf_wall_h0_l0_lr0.60,bf,"{""average"": ""volume"", ""decay"": null, ""drop_high"": false, ""drop_low"": false, ""exclude"": [], ""exhausted_exclusions"": ""keep"", ""expected_loss_ratio"": 0.6, ""history_periods"": null, ""horizon"": 96, ""method"": ""bf"", ""unsupported_factor"": ""unity""}",2020-12-31,2030-12-31,98647.78498963465,7,7,140497.15078751408,
synthetic,noisy,all,basic_cl,15,42,basic_cl,cl,"{""average"": ""volume"", ""decay"": null, ""drop_high"": false, ""drop_low"": false, ""exclude"": [], ""exhausted_exclusions"": ""keep"", ""expected_loss_ratio"": null, ""history_periods"": null, ""horizon"": 96, ""method"": ""cl"", ""unsupported_factor"": ""unity""}",2020-12-31,2030-12-31,,7,7,186403.58056220523,
synthetic,noisy,all,basic_bf,15,42,basic_bf,bf,"{""average"": ""volume"", ""decay"": null, ""drop_high"": false, ""drop_low"": false, ""exclude"": [], ""exhausted_exclusions"": ""keep"", ""expected_loss_ratio"": 0.6, ""history_periods"": null, ""horizon"": 96, ""method"": ""bf"", ""unsupported_factor"": ""unity""}",2020-12-31,2030-12-31,,7,7,140497.15078751408,
synthetic,noisy,all,basic_gcc,15,42,basic_gcc,gcc,"{""average"": ""volume"", ""decay"": 0.75, ""drop_high"": false, ""drop_low"": false, ""exclude"": [], ""exhausted_exclusions"": ""keep"", ""expected_loss_ratio"": null, ""history_periods"": null, ""horizon"": 96, ""method"": ""gcc"", ""unsupported_factor"": ""unity""}",2020-12-31,2030-12-31,,7,7,139721.24003315406,
synthetic,noisy,all,ave,16,42,gcc_w3_h1_l0_g0.75,gcc,"{""average"": ""volume"", ""decay"": 0.75, ""drop_high"": true, ""drop_low"": false, ""exclude"": [], ""exhausted_exclusions"": ""keep"", ""expected_loss_ratio"": null, ""history_periods"": 3, ""horizon"": 96, ""method"": ""gcc"", ""unsupported_factor"": ""unity""}",2020-12-31,2030-12-31,87210.04136090266,7,7,73043.26087502696,
synthetic,noisy,all,cdr,16,42,bf_wall_h0_l0_lr0.60,bf,"{""average"": ""volume"", ""decay"": null, ""drop_high"": false, ""drop_low"": false, ""exclude"": [], ""exhausted_exclusions"": ""keep"", ""expected_loss_ratio"": 0.6, ""history_periods"": null, ""horizon"": 96, ""method"": ""bf"", ""unsupported_factor"": ""unity""}",2020-12-31,2030-12-31,88436.37010651098,7,7,100403.48378727927,
synthetic,noisy,all,basic_cl,16,42,basic_cl,cl,"{""average"": ""volume"", ""decay"": null, ""drop_high"": false, ""drop_low"": false, ""exclude"": [], ""exhausted_exclusions"": ""keep"", ""expected_loss_ratio"": null, ""history_periods"": null, ""horizon"": 96, ""method"": ""cl"", ""unsupported_factor"": ""unity""}",2020-12-31,2030-12-31,,7,7,76386.21192288527,
synthetic,noisy,all,basic_bf,16,42,basic_bf,bf,"{""average"": ""volume"", ""decay"": null, ""drop_high"": false, ""drop_low"": false, ""exclude"": [], ""exhausted_exclusions"": ""keep"", ""expected_loss_ratio"": 0.6, ""history_periods"": null, ""horizon"": 96, ""method"": ""bf"", ""unsupported_factor"": ""unity""}",2020-12-31,2030-12-31,,7,7,100403.48378727927,
synthetic,noisy,all,basic_gcc,16,42,basic_gcc,gcc,"{""average"": ""volume"", ""decay"": 0.75, ""drop_high"": false, ""drop_low"": false, ""exclude"": [], ""exhausted_exclusions"": ""keep"", ""expected_loss_ratio"": null, ""history_periods"": null, ""horizon"": 96, ""method"": ""gcc"", ""unsupported_factor"": ""unity""}",2020-12-31,2030-12-31,,7,7,66204.36689728482,
synthetic,noisy,all,ave,17,42,gcc_wall_h0_l0_g1.00,gcc,"{""average"": ""volume"", ""decay"": 1.0, ""drop_high"": false, ""drop_low"": false, ""exclude"": [], ""exhausted_exclusions"": ""keep"", ""expected_loss_ratio"": null, ""history_periods"": null, ""horizon"": 96, ""method"": ""gcc"", ""unsupported_factor"": ""unity""}",2020-12-31,2030-12-31,87279.41470131799,7,7,158052.62539504634,
synthetic,noisy,all,cdr,17,42,gcc_wall_h0_l0_g1.00,gcc,"{""average"": ""volume"", ""decay"": 1.0, ""drop_high"": false, ""drop_low"": false, ""exclude"": [], ""exhausted_exclusions"": ""keep"", ""expected_loss_ratio"": null, ""history_periods"": null, ""horizon"": 96, ""method"": ""gcc"", ""unsupported_factor"": ""unity""}",2020-12-31,2030-12-31,88640.41342229582,7,7,158052.62539504634,
synthetic,noisy,all,basic_cl,17,42,basic_cl,cl,"{""average"": ""volume"", ""decay"": null, ""drop_high"": false, ""drop_low"": false, ""exclude"": [], ""exhausted_exclusions"": ""keep"", ""expected_loss_ratio"": null, ""history_periods"": null, ""horizon"": 96, ""method"": ""cl"", ""unsupported_factor"": ""unity""}",2020-12-31,2030-12-31,,7,7,120519.30784449722,
synthetic,noisy,all,basic_bf,17,42,basic_bf,bf,"{""average"": ""volume"", ""decay"": null, ""drop_high"": false, ""drop_low"": false, ""exclude"": [], ""exhausted_exclusions"": ""keep"", ""expected_loss_ratio"": 0.6, ""history_periods"": null, ""horizon"": 96, ""method"": ""bf"", ""unsupported_factor"": ""unity""}",2020-12-31,2030-12-31,,7,7,134546.13490990727,
synthetic,noisy,all,basic_gcc,17,42,basic_gcc,gcc,"{""average"": ""volume"", ""decay"": 0.75, ""drop_high"": false, ""drop_low"": false, ""exclude"": [], ""exhausted_exclusions"": ""keep"", ""expected_loss_ratio"": null, ""history_periods"": null, ""horizon"": 96, ""method"": ""gcc"", ""unsupported_factor"": ""unity""}",2020-12-31,2030-12-31,,7,7,163202.05886257888,
synthetic,noisy,all,ave,18,42,bf_wall_h0_l0_lr0.60,bf,"{""average"": ""volume"", ""decay"": null, ""drop_high"": false, ""drop_low"": false, ""exclude"": [], ""exhausted_exclusions"": ""keep"", ""expected_loss_ratio"": 0.6, ""history_periods"": null, ""horizon"": 96, ""method"": ""bf"", ""unsupported_factor"": ""unity""}",2020-12-31,2030-12-31,89745.79953404842,7,7,157526.6089186528,
synthetic,noisy,all,cdr,18,42,bf_wall_h0_l0_lr0.60,bf,"{""average"": ""volume"", ""decay"": null, ""drop_high"": false, ""drop_low"": false, ""exclude"": [], ""exhausted_exclusions"": ""keep"", ""expected_loss_ratio"": 0.6, ""history_periods"": null, ""horizon"": 96, ""method"": ""bf"", ""unsupported_factor"": ""unity""}",2020-12-31,2030-12-31,90523.25614641709,7,7,157526.6089186528,
synthetic,noisy,all,basic_cl,18,42,basic_cl,cl,"{""average"": ""volume"", ""decay"": null, ""drop_high"": false, ""drop_low"": false, ""exclude"": [], ""exhausted_exclusions"": ""keep"", ""expected_loss_ratio"": null, ""history_periods"": null, ""horizon"": 96, ""method"": ""cl"", ""unsupported_factor"": ""unity""}",2020-12-31,2030-12-31,,7,7,178794.04802587567,
synthetic,noisy,all,basic_bf,18,42,basic_bf,bf,"{""average"": ""volume"", ""decay"": null, ""drop_high"": false, ""drop_low"": false, ""exclude"": [], ""exhausted_exclusions"": ""keep"", ""expected_loss_ratio"": 0.6, ""history_periods"": null, ""horizon"": 96, ""method"": ""bf"", ""unsupported_factor"": ""unity""}",2020-12-31,2030-12-31,,7,7,157526.6089186528,
synthetic,noisy,all,basic_gcc,18,42,basic_gcc,gcc,"{""average"": ""volume"", ""decay"": 0.75, ""drop_high"": false, ""drop_low"": false, ""exclude"": [], ""exhausted_exclusions"": ""keep"", ""expected_loss_ratio"": null, ""history_periods"": null, ""horizon"": 96, ""method"": ""gcc"", ""unsupported_factor"": ""unity""}",2020-12-31,2030-12-31,,7,7,168702.77080842713,
synthetic,noisy,all,ave,19,42,bf_wall_h1_l0_lr0.60,bf,"{""average"": ""volume"", ""decay"": null, ""drop_high"": true, ""drop_low"": false, ""exclude"": [], ""exhausted_exclusions"": ""keep"", ""expected_loss_ratio"": 0.6, ""history_periods"": null, ""horizon"": 96, ""method"": ""bf"", ""unsupported_factor"": ""unity""}",2020-12-31,2030-12-31,67588.7292284838,7,7,67052.77020123324,
synthetic,noisy,all,cdr,19,42,bf_wall_h1_l0_lr0.60,bf,"{""average"": ""volume"", ""decay"": null, ""drop_high"": true, ""drop_low"": false, ""exclude"": [], ""exhausted_exclusions"": ""keep"", ""expected_loss_ratio"": 0.6, ""history_periods"": null, ""horizon"": 96, ""method"": ""bf"", ""unsupported_factor"": ""unity""}",2020-12-31,2030-12-31,68098.29386717026,7,7,67052.77020123324,
synthetic,noisy,all,basic_cl,19,42,basic_cl,cl,"{""average"": ""volume"", ""decay"": null, ""drop_high"": false, ""drop_low"": false, ""exclude"": [], ""exhausted_exclusions"": ""keep"", ""expected_loss_ratio"": null, ""history_periods"": null, ""horizon"": 96, ""method"": ""cl"", ""unsupported_factor"": ""unity""}",2020-12-31,2030-12-31,,7,7,144968.3815017392,
synthetic,noisy,all,basic_bf,19,42,basic_bf,bf,"{""average"": ""volume"", ""decay"": null, ""drop_high"": false, ""drop_low"": false, ""exclude"": [], ""exhausted_exclusions"": ""keep"", ""expected_loss_ratio"": 0.6, ""history_periods"": null, ""horizon"": 96, ""method"": ""bf"", ""unsupported_factor"": ""unity""}",2020-12-31,2030-12-31,,7,7,68746.75602555416,
synthetic,noisy,all,basic_gcc,19,42,basic_gcc,gcc,"{""average"": ""volume"", ""decay"": 0.75, ""drop_high"": false, ""drop_low"": false, ""exclude"": [], ""exhausted_exclusions"": ""keep"", ""expected_loss_ratio"": null, ""history_periods"": null, ""horizon"": 96, ""method"": ""gcc"", ""unsupported_factor"": ""unity""}",2020-12-31,2030-12-31,,7,7,65171.70286391706,
synthetic,noisy,all,ave,20,42,gcc_wall_h0_l0_g1.00,gcc,"{""average"": ""volume"", ""decay"": 1.0, ""drop_high"": false, ""drop_low"": false, ""exclude"": [], ""exhausted_exclusions"": ""keep"", ""expected_loss_ratio"": null, ""history_periods"": null, ""horizon"": 96, ""method"": ""gcc"", ""unsupported_factor"": ""unity""}",2020-12-31,2030-12-31,82535.93939131503,7,7,98600.95346780948,
synthetic,noisy,all,cdr,20,42,bf_wall_h0_l0_lr0.60,bf,"{""average"": ""volume"", ""decay"": null, ""drop_high"": false, ""drop_low"": false, ""exclude"": [], ""exhausted_exclusions"": ""keep"", ""expected_loss_ratio"": 0.6, ""history_periods"": null, ""horizon"": 96, ""method"": ""bf"", ""unsupported_factor"": ""unity""}",2020-12-31,2030-12-31,84685.3894858809,7,7,97589.17477760074,
synthetic,noisy,all,basic_cl,20,42,basic_cl,cl,"{""average"": ""volume"", ""decay"": null, ""drop_high"": false, ""drop_low"": false, ""exclude"": [], ""exhausted_exclusions"": ""keep"", ""expected_loss_ratio"": null, ""history_periods"": null, ""horizon"": 96, ""method"": ""cl"", ""unsupported_factor"": ""unity""}",2020-12-31,2030-12-31,,7,7,253021.21451674536,
synthetic,noisy,all,basic_bf,20,42,basic_bf,bf,"{""average"": ""volume"", ""decay"": null, ""drop_high"": false, ""drop_low"": false, ""exclude"": [], ""exhausted_exclusions"": ""keep"", ""expected_loss_ratio"": 0.6, ""history_periods"": null, ""horizon"": 96, ""method"": ""bf"", ""unsupported_factor"": ""unity""}",2020-12-31,2030-12-31,,7,7,97589.17477760074,
synthetic,noisy,all,basic_gcc,20,42,basic_gcc,gcc,"{""average"": ""volume"", ""decay"": 0.75, ""drop_high"": false, ""drop_low"": false, ""exclude"": [], ""exhausted_exclusions"": ""keep"", ""expected_loss_ratio"": null, ""history_periods"": null, ""horizon"": 96, ""method"": ""gcc"", ""unsupported_factor"": ""unity""}",2020-12-31,2030-12-31,,7,7,108892.5992822021,
synthetic,noisy,all,ave,21,42,bf_wall_h0_l0_lr0.60,bf,"{""average"": ""volume"", ""decay"": null, ""drop_high"": false, ""drop_low"": false, ""exclude"": [], ""exhausted_exclusions"": ""keep"", ""expected_loss_ratio"": 0.6, ""history_periods"": null, ""horizon"": 96, ""method"": ""bf"", ""unsupported_factor"": ""unity""}",2020-12-31,2030-12-31,68145.3987567076,7,7,78920.5358590677,
synthetic,noisy,all,cdr,21,42,bf_wall_h0_l0_lr0.50,bf,"{""average"": ""volume"", ""decay"": null, ""drop_high"": false, ""drop_low"": false, ""exclude"": [], ""exhausted_exclusions"": ""keep"", ""expected_loss_ratio"": 0.5, ""history_periods"": null, ""horizon"": 96, ""method"": ""bf"", ""unsupported_factor"": ""unity""}",2020-12-31,2030-12-31,69915.9662872144,7,7,53937.457621687645,
synthetic,noisy,all,basic_cl,21,42,basic_cl,cl,"{""average"": ""volume"", ""decay"": null, ""drop_high"": false, ""drop_low"": false, ""exclude"": [], ""exhausted_exclusions"": ""keep"", ""expected_loss_ratio"": null, ""history_periods"": null, ""horizon"": 96, ""method"": ""cl"", ""unsupported_factor"": ""unity""}",2020-12-31,2030-12-31,,7,7,319474.2165054729,
synthetic,noisy,all,basic_bf,21,42,basic_bf,bf,"{""average"": ""volume"", ""decay"": null, ""drop_high"": false, ""drop_low"": false, ""exclude"": [], ""exhausted_exclusions"": ""keep"", ""expected_loss_ratio"": 0.6, ""history_periods"": null, ""horizon"": 96, ""method"": ""bf"", ""unsupported_factor"": ""unity""}",2020-12-31,2030-12-31,,7,7,78920.5358590677,
synthetic,noisy,all,basic_gcc,21,42,basic_gcc,gcc,"{""average"": ""volume"", ""decay"": 0.75, ""drop_high"": false, ""drop_low"": false, ""exclude"": [], ""exhausted_exclusions"": ""keep"", ""expected_loss_ratio"": null, ""history_periods"": null, ""horizon"": 96, ""method"": ""gcc"", ""unsupported_factor"": ""unity""}",2020-12-31,2030-12-31,,7,7,100407.54344253965,
synthetic,noisy,all,ave,22,42,bf_w3_h0_l0_lr0.50,bf,"{""average"": ""volume"", ""decay"": null, ""drop_high"": false, ""drop_low"": false, ""exclude"": [], ""exhausted_exclusions"": ""keep"", ""expected_loss_ratio"": 0.5, ""history_periods"": 3, ""horizon"": 96, ""method"": ""bf"", ""unsupported_factor"": ""unity""}",2020-12-31,2030-12-31,117128.99587252316,7,7,281168.45470958506,
synthetic,noisy,all,cdr,22,42,bf_wall_h0_l0_lr0.50,bf,"{""average"": ""volume"", ""decay"": null, ""drop_high"": false, ""drop_low"": false, ""exclude"": [], ""exhausted_exclusions"": ""keep"", ""expected_loss_ratio"": 0.5, ""history_periods"": null, ""horizon"": 96, ""method"": ""bf"", ""unsupported_factor"": ""unity""}",2020-12-31,2030-12-31,124490.97888193812,7,7,278524.8077962234,
synthetic,noisy,all,basic_cl,22,42,basic_cl,cl,"{""average"": ""volume"", ""decay"": null, ""drop_high"": false, ""drop_low"": false, ""exclude"": [], ""exhausted_exclusions"": ""keep"", ""expected_loss_ratio"": null, ""history_periods"": null, ""horizon"": 96, ""method"": ""cl"", ""unsupported_factor"": ""unity""}",2020-12-31,2030-12-31,,7,7,210826.84298714713,
synthetic,noisy,all,basic_bf,22,42,basic_bf,bf,"{""average"": ""volume"", ""decay"": null, ""drop_high"": false, ""drop_low"": false, ""exclude"": [], ""exhausted_exclusions"": ""keep"", ""expected_loss_ratio"": 0.6, ""history_periods"": null, ""horizon"": 96, ""method"": ""bf"", ""unsupported_factor"": ""unity""}",2020-12-31,2030-12-31,,7,7,229667.55329549377,
synthetic,noisy,all,basic_gcc,22,42,basic_gcc,gcc,"{""average"": ""volume"", ""decay"": 0.75, ""drop_high"": false, ""drop_low"": false, ""exclude"": [], ""exhausted_exclusions"": ""keep"", ""expected_loss_ratio"": null, ""history_periods"": null, ""horizon"": 96, ""method"": ""gcc"", ""unsupported_factor"": ""unity""}",2020-12-31,2030-12-31,,7,7,201357.3823905827,
synthetic,noisy,all,ave,23,42,gcc_wall_h0_l0_g1.00,gcc,"{""average"": ""volume"", ""decay"": 1.0, ""drop_high"": false, ""drop_low"": false, ""exclude"": [], ""exhausted_exclusions"": ""keep"", ""expected_loss_ratio"": null, ""history_periods"": null, ""horizon"": 96, ""method"": ""gcc"", ""unsupported_factor"": ""unity""}",2020-12-31,2030-12-31,104560.13726881969,7,7,186913.0137376255,
synthetic,noisy,all,cdr,23,42,bf_w3_h0_l0_lr0.60,bf,"{""average"": ""volume"", ""decay"": null, ""drop_high"": false, ""drop_low"": false, ""exclude"": [], ""exhausted_exclusions"": ""keep"", ""expected_loss_ratio"": 0.6, ""history_periods"": 3, ""horizon"": 96, ""method"": ""bf"", ""unsupported_factor"": ""unity""}",2020-12-31,2030-12-31,103913.14663847633,7,7,104492.20137403895,
synthetic,noisy,all,basic_cl,23,42,basic_cl,cl,"{""average"": ""volume"", ""decay"": null, ""drop_high"": false, ""drop_low"": false, ""exclude"": [], ""exhausted_exclusions"": ""keep"", ""expected_loss_ratio"": null, ""history_periods"": null, ""horizon"": 96, ""method"": ""cl"", ""unsupported_factor"": ""unity""}",2020-12-31,2030-12-31,,7,7,128334.26627539148,
synthetic,noisy,all,basic_bf,23,42,basic_bf,bf,"{""average"": ""volume"", ""decay"": null, ""drop_high"": false, ""drop_low"": false, ""exclude"": [], ""exhausted_exclusions"": ""keep"", ""expected_loss_ratio"": 0.6, ""history_periods"": null, ""horizon"": 96, ""method"": ""bf"", ""unsupported_factor"": ""unity""}",2020-12-31,2030-12-31,,7,7,114297.68583138385,
synthetic,noisy,all,basic_gcc,23,42,basic_gcc,gcc,"{""average"": ""volume"", ""decay"": 0.75, ""drop_high"": false, ""drop_low"": false, ""exclude"": [], ""exhausted_exclusions"": ""keep"", ""expected_loss_ratio"": null, ""history_periods"": null, ""horizon"": 96, ""method"": ""gcc"", ""unsupported_factor"": ""unity""}",2020-12-31,2030-12-31,,7,7,162046.55359381775,
synthetic,noisy,all,ave,24,42,gcc_wall_h0_l0_g1.00,gcc,"{""average"": ""volume"", ""decay"": 1.0, ""drop_high"": false, ""drop_low"": false, ""exclude"": [], ""exhausted_exclusions"": ""keep"", ""expected_loss_ratio"": null, ""history_periods"": null, ""horizon"": 96, ""method"": ""gcc"", ""unsupported_factor"": ""unity""}",2020-12-31,2030-12-31,130945.34389708396,7,7,162809.740539172,
synthetic,noisy,all,cdr,24,42,gcc_wall_h0_l0_g1.00,gcc,"{""average"": ""volume"", ""decay"": 1.0, ""drop_high"": false, ""drop_low"": false, ""exclude"": [], ""exhausted_exclusions"": ""keep"", ""expected_loss_ratio"": null, ""history_periods"": null, ""horizon"": 96, ""method"": ""gcc"", ""unsupported_factor"": ""unity""}",2020-12-31,2030-12-31,136912.26441619487,7,7,162809.740539172,
synthetic,noisy,all,basic_cl,24,42,basic_cl,cl,"{""average"": ""volume"", ""decay"": null, ""drop_high"": false, ""drop_low"": false, ""exclude"": [], ""exhausted_exclusions"": ""keep"", ""expected_loss_ratio"": null, ""history_periods"": null, ""horizon"": 96, ""method"": ""cl"", ""unsupported_factor"": ""unity""}",2020-12-31,2030-12-31,,7,7,244519.2433423945,
synthetic,noisy,all,basic_bf,24,42,basic_bf,bf,"{""average"": ""volume"", ""decay"": null, ""drop_high"": false, ""drop_low"": false, ""exclude"": [], ""exhausted_exclusions"": ""keep"", ""expected_loss_ratio"": 0.6, ""history_periods"": null, ""horizon"": 96, ""method"": ""bf"", ""unsupported_factor"": ""unity""}",2020-12-31,2030-12-31,,7,7,87388.33188122157,
synthetic,noisy,all,basic_gcc,24,42,basic_gcc,gcc,"{""average"": ""volume"", ""decay"": 0.75, ""drop_high"": false, ""drop_low"": false, ""exclude"": [], ""exhausted_exclusions"": ""keep"", ""expected_loss_ratio"": null, ""history_periods"": null, ""horizon"": 96, ""method"": ""gcc"", ""unsupported_factor"": ""unity""}",2020-12-31,2030-12-31,,7,7,165092.00909624147,
synthetic,noisy,all,ave,25,42,bf_wall_h0_l0_lr0.60,bf,"{""average"": ""volume"", ""decay"": null, ""drop_high"": false, ""drop_low"": false, ""exclude"": [], ""exhausted_exclusions"": ""keep"", ""expected_loss_ratio"": 0.6, ""history_periods"": null, ""horizon"": 96, ""method"": ""bf"", ""unsupported_factor"": ""unity""}",2020-12-31,2030-12-31,87729.74891742965,7,7,141671.17490242413,
synthetic,noisy,all,cdr,25,42,bf_wall_h0_l0_lr0.60,bf,"{""average"": ""volume"", ""decay"": null, ""drop_high"": false, ""drop_low"": false, ""exclude"": [], ""exhausted_exclusions"": ""keep"", ""expected_loss_ratio"": 0.6, ""history_periods"": null, ""horizon"": 96, ""method"": ""bf"", ""unsupported_factor"": ""unity""}",2020-12-31,2030-12-31,87668.52930867008,7,7,141671.17490242413,
synthetic,noisy,all,basic_cl,25,42,basic_cl,cl,"{""average"": ""volume"", ""decay"": null, ""drop_high"": false, ""drop_low"": false, ""exclude"": [], ""exhausted_exclusions"": ""keep"", ""expected_loss_ratio"": null, ""history_periods"": null, ""horizon"": 96, ""method"": ""cl"", ""unsupported_factor"": ""unity""}",2020-12-31,2030-12-31,,7,7,127715.90920959717,
synthetic,noisy,all,basic_bf,25,42,basic_bf,bf,"{""average"": ""volume"", ""decay"": null, ""drop_high"": false, ""drop_low"": false, ""exclude"": [], ""exhausted_exclusions"": ""keep"", ""expected_loss_ratio"": 0.6, ""history_periods"": null, ""horizon"": 96, ""method"": ""bf"", ""unsupported_factor"": ""unity""}",2020-12-31,2030-12-31,,7,7,141671.17490242413,
synthetic,noisy,all,basic_gcc,25,42,basic_gcc,gcc,"{""average"": ""volume"", ""decay"": 0.75, ""drop_high"": false, ""drop_low"": false, ""exclude"": [], ""exhausted_exclusions"": ""keep"", ""expected_loss_ratio"": null, ""history_periods"": null, ""horizon"": 96, ""method"": ""gcc"", ""unsupported_factor"": ""unity""}",2020-12-31,2030-12-31,,7,7,154701.72916352493,
synthetic,noisy,all,ave,26,42,cl_wall_h0_l0,cl,"{""average"": ""volume"", ""decay"": null, ""drop_high"": false, ""drop_low"": false, ""exclude"": [], ""exhausted_exclusions"": ""keep"", ""expected_loss_ratio"": null, ""history_periods"": null, ""horizon"": 96, ""method"": ""cl"", ""unsupported_factor"": ""unity""}",2020-12-31,2030-12-31,74773.40596126976,7,7,202565.42537256257,
synthetic,noisy,all,cdr,26,42,bf_wall_h0_l0_lr0.60,bf,"{""average"": ""volume"", ""decay"": null, ""drop_high"": false, ""drop_low"": false, ""exclude"": [], ""exhausted_exclusions"": ""keep"", ""expected_loss_ratio"": 0.6, ""history_periods"": null, ""horizon"": 96, ""method"": ""bf"", ""unsupported_factor"": ""unity""}",2020-12-31,2030-12-31,85008.85472261265,7,7,41450.7258945374,
synthetic,noisy,all,basic_cl,26,42,basic_cl,cl,"{""average"": ""volume"", ""decay"": null, ""drop_high"": false, ""drop_low"": false, ""exclude"": [], ""exhausted_exclusions"": ""keep"", ""expected_loss_ratio"": null, ""history_periods"": null, ""horizon"": 96, ""method"": ""cl"", ""unsupported_factor"": ""unity""}",2020-12-31,2030-12-31,,7,7,202565.42537256257,
synthetic,noisy,all,basic_bf,26,42,basic_bf,bf,"{""average"": ""volume"", ""decay"": null, ""drop_high"": false, ""drop_low"": false, ""exclude"": [], ""exhausted_exclusions"": ""keep"", ""expected_loss_ratio"": 0.6, ""history_periods"": null, ""horizon"": 96, ""method"": ""bf"", ""unsupported_factor"": ""unity""}",2020-12-31,2030-12-31,,7,7,41450.7258945374,
synthetic,noisy,all,basic_gcc,26,42,basic_gcc,gcc,"{""average"": ""volume"", ""decay"": 0.75, ""drop_high"": false, ""drop_low"": false, ""exclude"": [], ""exhausted_exclusions"": ""keep"", ""expected_loss_ratio"": null, ""history_periods"": null, ""horizon"": 96, ""method"": ""gcc"", ""unsupported_factor"": ""unity""}",2020-12-31,2030-12-31,,7,7,82846.00230400154,
synthetic,noisy,all,ave,27,42,gcc_wall_h0_l0_g1.00,gcc,"{""average"": ""volume"", ""decay"": 1.0, ""drop_high"": false, ""drop_low"": false, ""exclude"": [], ""exhausted_exclusions"": ""keep"", ""expected_loss_ratio"": null, ""history_periods"": null, ""horizon"": 96, ""method"": ""gcc"", ""unsupported_factor"": ""unity""}",2020-12-31,2030-12-31,79050.10149555925,7,7,112080.2273271154,
synthetic,noisy,all,cdr,27,42,bf_w3_h0_l0_lr0.60,bf,"{""average"": ""volume"", ""decay"": null, ""drop_high"": false, ""drop_low"": false, ""exclude"": [], ""exhausted_exclusions"": ""keep"", ""expected_loss_ratio"": 0.6, ""history_periods"": 3, ""horizon"": 96, ""method"": ""bf"", ""unsupported_factor"": ""unity""}",2020-12-31,2030-12-31,79246.80489492716,7,7,89660.17780297816,
synthetic,noisy,all,basic_cl,27,42,basic_cl,cl,"{""average"": ""volume"", ""decay"": null, ""drop_high"": false, ""drop_low"": false, ""exclude"": [], ""exhausted_exclusions"": ""keep"", ""expected_loss_ratio"": null, ""history_periods"": null, ""horizon"": 96, ""method"": ""cl"", ""unsupported_factor"": ""unity""}",2020-12-31,2030-12-31,,7,7,119265.72116450084,
synthetic,noisy,all,basic_bf,27,42,basic_bf,bf,"{""average"": ""volume"", ""decay"": null, ""drop_high"": false, ""drop_low"": false, ""exclude"": [], ""exhausted_exclusions"": ""keep"", ""expected_loss_ratio"": 0.6, ""history_periods"": null, ""horizon"": 96, ""method"": ""bf"", ""unsupported_factor"": ""unity""}",2020-12-31,2030-12-31,,7,7,100349.87390056718,
synthetic,noisy,all,basic_gcc,27,42,basic_gcc,gcc,"{""average"": ""volume"", ""decay"": 0.75, ""drop_high"": false, ""drop_low"": false, ""exclude"": [], ""exhausted_exclusions"": ""keep"", ""expected_loss_ratio"": null, ""history_periods"": null, ""horizon"": 96, ""method"": ""gcc"", ""unsupported_factor"": ""unity""}",2020-12-31,2030-12-31,,7,7,99694.38531616097,
synthetic,noisy,all,ave,28,42,bf_wall_h0_l0_lr0.60,bf,"{""average"": ""volume"", ""decay"": null, ""drop_high"": false, ""drop_low"": false, ""exclude"": [], ""exhausted_exclusions"": ""keep"", ""expected_loss_ratio"": 0.6, ""history_periods"": null, ""horizon"": 96, ""method"": ""bf"", ""unsupported_factor"": ""unity""}",2020-12-31,2030-12-31,78646.15943740433,7,7,114750.08145972017,
synthetic,noisy,all,cdr,28,42,bf_w3_h0_l0_lr0.60,bf,"{""average"": ""volume"", ""decay"": null, ""drop_high"": false, ""drop_low"": false, ""exclude"": [], ""exhausted_exclusions"": ""keep"", ""expected_loss_ratio"": 0.6, ""history_periods"": 3, ""horizon"": 96, ""method"": ""bf"", ""unsupported_factor"": ""unity""}",2020-12-31,2030-12-31,79420.47126964918,7,7,162474.58681555142,
synthetic,noisy,all,basic_cl,28,42,basic_cl,cl,"{""average"": ""volume"", ""decay"": null, ""drop_high"": false, ""drop_low"": false, ""exclude"": [], ""exhausted_exclusions"": ""keep"", ""expected_loss_ratio"": null, ""history_periods"": null, ""horizon"": 96, ""method"": ""cl"", ""unsupported_factor"": ""unity""}",2020-12-31,2030-12-31,,7,7,330403.72248124296,
synthetic,noisy,all,basic_bf,28,42,basic_bf,bf,"{""average"": ""volume"", ""decay"": null, ""drop_high"": false, ""drop_low"": false, ""exclude"": [], ""exhausted_exclusions"": ""keep"", ""expected_loss_ratio"": 0.6, ""history_periods"": null, ""horizon"": 96, ""method"": ""bf"", ""unsupported_factor"": ""unity""}",2020-12-31,2030-12-31,,7,7,114750.08145972017,
synthetic,noisy,all,basic_gcc,28,42,basic_gcc,gcc,"{""average"": ""volume"", ""decay"": 0.75, ""drop_high"": false, ""drop_low"": false, ""exclude"": [], ""exhausted_exclusions"": ""keep"", ""expected_loss_ratio"": null, ""history_periods"": null, ""horizon"": 96, ""method"": ""gcc"", ""unsupported_factor"": ""unity""}",2020-12-31,2030-12-31,,7,7,126466.6164707546,
synthetic,noisy,all,ave,29,42,bf_wall_h1_l0_lr0.60,bf,"{""average"": ""volume"", ""decay"": null, ""drop_high"": true, ""drop_low"": false, ""exclude"": [], ""exhausted_exclusions"": ""keep"", ""expected_loss_ratio"": 0.6, ""history_periods"": null, ""horizon"": 96, ""method"": ""bf"", ""unsupported_factor"": ""unity""}",2020-12-31,2030-12-31,115089.41900213751,7,7,101853.6584821421,
synthetic,noisy,all,cdr,29,42,bf_wall_h1_l0_lr0.60,bf,"{""average"": ""volume"", ""decay"": null, ""drop_high"": true, ""drop_low"": false, ""exclude"": [], ""exhausted_exclusions"": ""keep"", ""expected_loss_ratio"": 0.6, ""history_periods"": null, ""horizon"": 96, ""method"": ""bf"", ""unsupported_factor"": ""unity""}",2020-12-31,2030-12-31,116049.61002524314,7,7,101853.6584821421,
synthetic,noisy,all,basic_cl,29,42,basic_cl,cl,"{""average"": ""volume"", ""decay"": null, ""drop_high"": false, ""drop_low"": false, ""exclude"": [], ""exhausted_exclusions"": ""keep"", ""expected_loss_ratio"": null, ""history_periods"": null, ""horizon"": 96, ""method"": ""cl"", ""unsupported_factor"": ""unity""}",2020-12-31,2030-12-31,,7,7,471327.4059899714,
synthetic,noisy,all,basic_bf,29,42,basic_bf,bf,"{""average"": ""volume"", ""decay"": null, ""drop_high"": false, ""drop_low"": false, ""exclude"": [], ""exhausted_exclusions"": ""keep"", ""expected_loss_ratio"": 0.6, ""history_periods"": null, ""horizon"": 96, ""method"": ""bf"", ""unsupported_factor"": ""unity""}",2020-12-31,2030-12-31,,7,7,97780.43075103135,
synthetic,noisy,all,basic_gcc,29,42,basic_gcc,gcc,"{""average"": ""volume"", ""decay"": 0.75, ""drop_high"": false, ""drop_low"": false, ""exclude"": [], ""exhausted_exclusions"": ""keep"", ""expected_loss_ratio"": null, ""history_periods"": null, ""horizon"": 96, ""method"": ""gcc"", ""unsupported_factor"": ""unity""}",2020-12-31,2030-12-31,,7,7,198119.6143374154,
synthetic,drift,all,ave,0,42,gcc_w3_h0_l0_g0.25,gcc,"{""average"": ""volume"", ""decay"": 0.25, ""drop_high"": false, ""drop_low"": false, ""exclude"": [], ""exhausted_exclusions"": ""keep"", ""expected_loss_ratio"": null, ""history_periods"": 3, ""horizon"": 96, ""method"": ""gcc"", ""unsupported_factor"": ""unity""}",2020-12-31,2030-12-31,60840.48341135973,7,7,67990.46692439193,
synthetic,drift,all,cdr,0,42,gcc_w3_h0_l0_g0.75,gcc,"{""average"": ""volume"", ""decay"": 0.75, ""drop_high"": false, ""drop_low"": false, ""exclude"": [], ""exhausted_exclusions"": ""keep"", ""expected_loss_ratio"": null, ""history_periods"": 3, ""horizon"": 96, ""method"": ""gcc"", ""unsupported_factor"": ""unity""}",2020-12-31,2030-12-31,79363.97252511277,7,7,162695.34438239443,
synthetic,drift,all,basic_cl,0,42,basic_cl,cl,"{""average"": ""volume"", ""decay"": null, ""drop_high"": false, ""drop_low"": false, ""exclude"": [], ""exhausted_exclusions"": ""keep"", ""expected_loss_ratio"": null, ""history_periods"": null, ""horizon"": 96, ""method"": ""cl"", ""unsupported_factor"": ""unity""}",2020-12-31,2030-12-31,,7,7,69665.17949110738,
synthetic,drift,all,basic_bf,0,42,basic_bf,bf,"{""average"": ""volume"", ""decay"": null, ""drop_high"": false, ""drop_low"": false, ""exclude"": [], ""exhausted_exclusions"": ""keep"", ""expected_loss_ratio"": 0.6, ""history_periods"": null, ""horizon"": 96, ""method"": ""bf"", ""unsupported_factor"": ""unity""}",2020-12-31,2030-12-31,,7,7,511494.8056893315,
synthetic,drift,all,basic_gcc,0,42,basic_gcc,gcc,"{""average"": ""volume"", ""decay"": 0.75, ""drop_high"": false, ""drop_low"": false, ""exclude"": [], ""exhausted_exclusions"": ""keep"", ""expected_loss_ratio"": null, ""history_periods"": null, ""horizon"": 96, ""method"": ""gcc"", ""unsupported_factor"": ""unity""}",2020-12-31,2030-12-31,,7,7,170361.50636369237,
synthetic,drift,all,ave,1,42,gcc_wall_h0_l0_g0.25,gcc,"{""average"": ""volume"", ""decay"": 0.25, ""drop_high"": false, ""drop_low"": false, ""exclude"": [], ""exhausted_exclusions"": ""keep"", ""expected_loss_ratio"": null, ""history_periods"": null, ""horizon"": 96, ""method"": ""gcc"", ""unsupported_factor"": ""unity""}",2020-12-31,2030-12-31,55092.24255997271,7,7,176759.39761141347,
synthetic,drift,all,cdr,1,42,gcc_w3_h1_l0_g1.00,gcc,"{""average"": ""volume"", ""decay"": 1.0, ""drop_high"": true, ""drop_low"": false, ""exclude"": [], ""exhausted_exclusions"": ""keep"", ""expected_loss_ratio"": null, ""history_periods"": 3, ""horizon"": 96, ""method"": ""gcc"", ""unsupported_factor"": ""unity""}",2020-12-31,2030-12-31,59231.36578911705,7,7,597840.9565011557,
synthetic,drift,all,basic_cl,1,42,basic_cl,cl,"{""average"": ""volume"", ""decay"": null, ""drop_high"": false, ""drop_low"": false, ""exclude"": [], ""exhausted_exclusions"": ""keep"", ""expected_loss_ratio"": null, ""history_periods"": null, ""horizon"": 96, ""method"": ""cl"", ""unsupported_factor"": ""unity""}",2020-12-31,2030-12-31,,7,7,344695.6620770007,
synthetic,drift,all,basic_bf,1,42,basic_bf,bf,"{""average"": ""volume"", ""decay"": null, ""drop_high"": false, ""drop_low"": false, ""exclude"": [], ""exhausted_exclusions"": ""keep"", ""expected_loss_ratio"": 0.6, ""history_periods"": null, ""horizon"": 96, ""method"": ""bf"", ""unsupported_factor"": ""unity""}",2020-12-31,2030-12-31,,7,7,663835.3996099296,
synthetic,drift,all,basic_gcc,1,42,basic_gcc,gcc,"{""average"": ""volume"", ""decay"": 0.75, ""drop_high"": false, ""drop_low"": false, ""exclude"": [], ""exhausted_exclusions"": ""keep"", ""expected_loss_ratio"": null, ""history_periods"": null, ""horizon"": 96, ""method"": ""gcc"", ""unsupported_factor"": ""unity""}",2020-12-31,2030-12-31,,7,7,404997.8054332842,
synthetic,drift,all,ave,2,42,gcc_wall_h0_l0_g0.75,gcc,"{""average"": ""volume"", ""decay"": 0.75, ""drop_high"": false, ""drop_low"": false, ""exclude"": [], ""exhausted_exclusions"": ""keep"", ""expected_loss_ratio"": null, ""history_periods"": null, ""horizon"": 96, ""method"": ""gcc"", ""unsupported_factor"": ""unity""}",2020-12-31,2030-12-31,88337.28967467618,7,7,73482.73931612454,
synthetic,drift,all,cdr,2,42,gcc_wall_h1_l0_g0.75,gcc,"{""average"": ""volume"", ""decay"": 0.75, ""drop_high"": true, ""drop_low"": false, ""exclude"": [], ""exhausted_exclusions"": ""keep"", ""expected_loss_ratio"": null, ""history_periods"": null, ""horizon"": 96, ""method"": ""gcc"", ""unsupported_factor"": ""unity""}",2020-12-31,2030-12-31,112679.81333764555,7,7,98115.84704149055,
synthetic,drift,all,basic_cl,2,42,basic_cl,cl,"{""average"": ""volume"", ""decay"": null, ""drop_high"": false, ""drop_low"": false, ""exclude"": [], ""exhausted_exclusions"": ""keep"", ""expected_loss_ratio"": null, ""history_periods"": null, ""horizon"": 96, ""method"": ""cl"", ""unsupported_factor"": ""unity""}",2020-12-31,2030-12-31,,7,7,127858.80719696518,
synthetic,drift,all,basic_bf,2,42,basic_bf,bf,"{""average"": ""volume"", ""decay"": null, ""drop_high"": false, ""drop_low"": false, ""exclude"": [], ""exhausted_exclusions"": ""keep"", ""expected_loss_ratio"": 0.6, ""history_periods"": null, ""horizon"": 96, ""method"": ""bf"", ""unsupported_factor"": ""unity""}",2020-12-31,2030-12-31,,7,7,453446.7238830664,
synthetic,drift,all,basic_gcc,2,42,basic_gcc,gcc,"{""average"": ""volume"", ""decay"": 0.75, ""drop_high"": false, ""drop_low"": false, ""exclude"": [], ""exhausted_exclusions"": ""keep"", ""expected_loss_ratio"": null, ""history_periods"": null, ""horizon"": 96, ""method"": ""gcc"", ""unsupported_factor"": ""unity""}",2020-12-31,2030-12-31,,7,7,73482.73931612454,
synthetic,drift,all,ave,3,42,gcc_wall_h1_l0_g0.75,gcc,"{""average"": ""volume"", ""decay"": 0.75, ""drop_high"": true, ""drop_low"": false, ""exclude"": [], ""exhausted_exclusions"": ""keep"", ""expected_loss_ratio"": null, ""history_periods"": null, ""horizon"": 96, ""method"": ""gcc"", ""unsupported_factor"": ""unity""}",2020-12-31,2030-12-31,73193.29466531854,7,7,187084.29120268018,
synthetic,drift,all,cdr,3,42,gcc_wall_h1_l0_g1.00,gcc,"{""average"": ""volume"", ""decay"": 1.0, ""drop_high"": true, ""drop_low"": false, ""exclude"": [], ""exhausted_exclusions"": ""keep"", ""expected_loss_ratio"": null, ""history_periods"": null, ""horizon"": 96, ""method"": ""gcc"", ""unsupported_factor"": ""unity""}",2020-12-31,2030-12-31,81346.96255119938,7,7,255396.0859398488,
synthetic,drift,all,basic_cl,3,42,basic_cl,cl,"{""average"": ""volume"", ""decay"": null, ""drop_high"": false, ""drop_low"": false, ""exclude"": [], ""exhausted_exclusions"": ""keep"", ""expected_loss_ratio"": null, ""history_periods"": null, ""horizon"": 96, ""method"": ""cl"", ""unsupported_factor"": ""unity""}",2020-12-31,2030-12-31,,7,7,100505.5992407009,
synthetic,drift,all,basic_bf,3,42,basic_bf,bf,"{""average"": ""volume"", ""decay"": null, ""drop_high"": false, ""drop_low"": false, ""exclude"": [], ""exhausted_exclusions"": ""keep"", ""expected_loss_ratio"": 0.6, ""history_periods"": null, ""horizon"": 96, ""method"": ""bf"", ""unsupported_factor"": ""unity""}",2020-12-31,2030-12-31,,7,7,338567.3051593454,
synthetic,drift,all,basic_gcc,3,42,basic_gcc,gcc,"{""average"": ""volume"", ""decay"": 0.75, ""drop_high"": false, ""drop_low"": false, ""exclude"": [], ""exhausted_exclusions"": ""keep"", ""expected_loss_ratio"": null, ""history_periods"": null, ""horizon"": 96, ""method"": ""gcc"", ""unsupported_factor"": ""unity""}",2020-12-31,2030-12-31,,7,7,175906.65504011046,
synthetic,drift,all,ave,4,42,gcc_w5_h0_l0_g0.25,gcc,"{""average"": ""volume"", ""decay"": 0.25, ""drop_high"": false, ""drop_low"": false, ""exclude"": [], ""exhausted_exclusions"": ""keep"", ""expected_loss_ratio"": null, ""history_periods"": 5, ""horizon"": 96, ""method"": ""gcc"", ""unsupported_factor"": ""unity""}",2020-12-31,2030-12-31,75530.70833005944,7,7,89213.57238047966,
synthetic,drift,all,cdr,4,42,gcc_w5_h0_l0_g0.25,gcc,"{""average"": ""volume"", ""decay"": 0.25, ""drop_high"": false, ""drop_low"": false, ""exclude"": [], ""exhausted_exclusions"": ""keep"", ""expected_loss_ratio"": null, ""history_periods"": 5, ""horizon"": 96, ""method"": ""gcc"", ""unsupported_factor"": ""unity""}",2020-12-31,2030-12-31,126642.12463540887,7,7,89213.57238047966,
synthetic,drift,all,basic_cl,4,42,basic_cl,cl,"{""average"": ""volume"", ""decay"": null, ""drop_high"": false, ""drop_low"": false, ""exclude"": [], ""exhausted_exclusions"": ""keep"", ""expected_loss_ratio"": null, ""history_periods"": null, ""horizon"": 96, ""method"": ""cl"", ""unsupported_factor"": ""unity""}",2020-12-31,2030-12-31,,7,7,112788.03107869069,
synthetic,drift,all,basic_bf,4,42,basic_bf,bf,"{""average"": ""volume"", ""decay"": null, ""drop_high"": false, ""drop_low"": false, ""exclude"": [], ""exhausted_exclusions"": ""keep"", ""expected_loss_ratio"": 0.6, ""history_periods"": null, ""horizon"": 96, ""method"": ""bf"", ""unsupported_factor"": ""unity""}",2020-12-31,2030-12-31,,7,7,290610.2907634907,
synthetic,drift,all,basic_gcc,4,42,basic_gcc,gcc,"{""average"": ""volume"", ""decay"": 0.75, ""drop_high"": false, ""drop_low"": false, ""exclude"": [], ""exhausted_exclusions"": ""keep"", ""expected_loss_ratio"": null, ""history_periods"": null, ""horizon"": 96, ""method"": ""gcc"", ""unsupported_factor"": ""unity""}",2020-12-31,2030-12-31,,7,7,102636.72435742935,
synthetic,drift,all,ave,5,42,gcc_wall_h0_l0_g0.25,gcc,"{""average"": ""volume"", ""decay"": 0.25, ""drop_high"": false, ""drop_low"": false, ""exclude"": [], ""exhausted_exclusions"": ""keep"", ""expected_loss_ratio"": null, ""history_periods"": null, ""horizon"": 96, ""method"": ""gcc"", ""unsupported_factor"": ""unity""}",2020-12-31,2030-12-31,65422.39119367251,7,7,116025.32386375367,
synthetic,drift,all,cdr,5,42,gcc_wall_h0_l0_g0.75,gcc,"{""average"": ""volume"", ""decay"": 0.75, ""drop_high"": false, ""drop_low"": false, ""exclude"": [], ""exhausted_exclusions"": ""keep"", ""expected_loss_ratio"": null, ""history_periods"": null, ""horizon"": 96, ""method"": ""gcc"", ""unsupported_factor"": ""unity""}",2020-12-31,2030-12-31,89766.83898628927,7,7,151639.62421526146,
synthetic,drift,all,basic_cl,5,42,basic_cl,cl,"{""average"": ""volume"", ""decay"": null, ""drop_high"": false, ""drop_low"": false, ""exclude"": [], ""exhausted_exclusions"": ""keep"", ""expected_loss_ratio"": null, ""history_periods"": null, ""horizon"": 96, ""method"": ""cl"", ""unsupported_factor"": ""unity""}",2020-12-31,2030-12-31,,7,7,201560.68380153403,
synthetic,drift,all,basic_bf,5,42,basic_bf,bf,"{""average"": ""volume"", ""decay"": null, ""drop_high"": false, ""drop_low"": false, ""exclude"": [], ""exhausted_exclusions"": ""keep"", ""expected_loss_ratio"": 0.6, ""history_periods"": null, ""horizon"": 96, ""method"": ""bf"", ""unsupported_factor"": ""unity""}",2020-12-31,2030-12-31,,7,7,372624.83812136453,
synthetic,drift,all,basic_gcc,5,42,basic_gcc,gcc,"{""average"": ""volume"", ""decay"": 0.75, ""drop_high"": false, ""drop_low"": false, ""exclude"": [], ""exhausted_exclusions"": ""keep"", ""expected_loss_ratio"": null, ""history_periods"": null, ""horizon"": 96, ""method"": ""gcc"", ""unsupported_factor"": ""unity""}",2020-12-31,2030-12-31,,7,7,151639.62421526146,
synthetic,drift,all,ave,6,42,gcc_w3_h0_l0_g0.25,gcc,"{""average"": ""volume"", ""decay"": 0.25, ""drop_high"": false, ""drop_low"": false, ""exclude"": [], ""exhausted_exclusions"": ""keep"", ""expected_loss_ratio"": null, ""history_periods"": 3, ""horizon"": 96, ""method"": ""gcc"", ""unsupported_factor"": ""unity""}",2020-12-31,2030-12-31,75501.80363170613,7,7,280710.5182858991,
synthetic,drift,all,cdr,6,42,gcc_wall_h0_l0_g0.75,gcc,"{""average"": ""volume"", ""decay"": 0.75, ""drop_high"": false, ""drop_low"": false, ""exclude"": [], ""exhausted_exclusions"": ""keep"", ""expected_loss_ratio"": null, ""history_periods"": null, ""horizon"": 96, ""method"": ""gcc"", ""unsupported_factor"": ""unity""}",2020-12-31,2030-12-31,108501.4544243797,7,7,276791.99510146433,
synthetic,drift,all,basic_cl,6,42,basic_cl,cl,"{""average"": ""volume"", ""decay"": null, ""drop_high"": false, ""drop_low"": false, ""exclude"": [], ""exhausted_exclusions"": ""keep"", ""expected_loss_ratio"": null, ""history_periods"": null, ""horizon"": 96, ""method"": ""cl"", ""unsupported_factor"": ""unity""}",2020-12-31,2030-12-31,,7,7,348566.6178749451,
synthetic,drift,all,basic_bf,6,42,basic_bf,bf,"{""average"": ""volume"", ""decay"": null, ""drop_high"": false, ""drop_low"": false, ""exclude"": [], ""exhausted_exclusions"": ""keep"", ""expected_loss_ratio"": 0.6, ""history_periods"": null, ""horizon"": 96, ""method"": ""bf"", ""unsupported_factor"": ""unity""}",2020-12-31,2030-12-31,,7,7,568242.2559555552,
synthetic,drift,all,basic_gcc,6,42,basic_gcc,gcc,"{""average"": ""volume"", ""decay"": 0.75, ""drop_high"": false, ""drop_low"": false, ""exclude"": [], ""exhausted_exclusions"": ""keep"", ""expected_loss_ratio"": null, ""history_periods"": null, ""horizon"": 96, ""method"": ""gcc"", ""unsupported_factor"": ""unity""}",2020-12-31,2030-12-31,,7,7,276791.99510146433,
synthetic,drift,all,ave,7,42,gcc_wall_h0_l0_g0.25,gcc,"{""average"": ""volume"", ""decay"": 0.25, ""drop_high"": false, ""drop_low"": false, ""exclude"": [], ""exhausted_exclusions"": ""keep"", ""expected_loss_ratio"": null, ""history_periods"": null, ""horizon"": 96, ""method"": ""gcc"", ""unsupported_factor"": ""unity""}",2020-12-31,2030-12-31,39084.16587003982,7,7,144047.0764367948,
synthetic,drift,all,cdr,7,42,bf_wall_h1_l0_lr0.60,bf,"{""average"": ""volume"", ""decay"": null, ""drop_high"": true, ""drop_low"": false, ""exclude"": [], ""exhausted_exclusions"": ""keep"", ""expected_loss_ratio"": 0.6, ""history_periods"": null, ""horizon"": 96, ""method"": ""bf"", ""unsupported_factor"": ""unity""}",2020-12-31,2030-12-31,50466.23678401985,7,7,307740.02583728044,
synthetic,drift,all,basic_cl,7,42,basic_cl,cl,"{""average"": ""volume"", ""decay"": null, ""drop_high"": false, ""drop_low"": false, ""exclude"": [], ""exhausted_exclusions"": ""keep"", ""expected_loss_ratio"": null, ""history_periods"": null, ""horizon"": 96, ""method"": ""cl"", ""unsupported_factor"": ""unity""}",2020-12-31,2030-12-31,,7,7,133107.89929736676,
synthetic,drift,all,basic_bf,7,42,basic_bf,bf,"{""average"": ""volume"", ""decay"": null, ""drop_high"": false, ""drop_low"": false, ""exclude"": [], ""exhausted_exclusions"": ""keep"", ""expected_loss_ratio"": 0.6, ""history_periods"": null, ""horizon"": 96, ""method"": ""bf"", ""unsupported_factor"": ""unity""}",2020-12-31,2030-12-31,,7,7,303125.1553900892,
synthetic,drift,all,basic_gcc,7,42,basic_gcc,gcc,"{""average"": ""volume"", ""decay"": 0.75, ""drop_high"": false, ""drop_low"": false, ""exclude"": [], ""exhausted_exclusions"": ""keep"", ""expected_loss_ratio"": null, ""history_periods"": null, ""horizon"": 96, ""method"": ""gcc"", ""unsupported_factor"": ""unity""}",2020-12-31,2030-12-31,,7,7,209751.44693739837,
synthetic,drift,all,ave,8,42,gcc_wall_h0_l0_g0.25,gcc,"{""average"": ""volume"", ""decay"": 0.25, ""drop_high"": false, ""drop_low"": false, ""exclude"": [], ""exhausted_exclusions"": ""keep"", ""expected_loss_ratio"": null, ""history_periods"": null, ""horizon"": 96, ""method"": ""gcc"", ""unsupported_factor"": ""unity""}",2020-12-31,2030-12-31,71239.49853311863,7,7,271379.5479348349,
synthetic,drift,all,cdr,8,42,gcc_wall_h0_l0_g0.75,gcc,"{""average"": ""volume"", ""decay"": 0.75, ""drop_high"": false, ""drop_low"": false, ""exclude"": [], ""exhausted_exclusions"": ""keep"", ""expected_loss_ratio"": null, ""history_periods"": null, ""horizon"": 96, ""method"": ""gcc"", ""unsupported_factor"": ""unity""}",2020-12-31,2030-12-31,95179.83197901223,7,7,239090.07504516243,
synthetic,drift,all,basic_cl,8,42,basic_cl,cl,"{""average"": ""volume"", ""decay"": null, ""drop_high"": false, ""drop_low"": false, ""exclude"": [], ""exhausted_exclusions"": ""keep"", ""expected_loss_ratio"": null, ""history_periods"": null, ""horizon"": 96, ""method"": ""cl"", ""unsupported_factor"": ""unity""}",2020-12-31,2030-12-31,,7,7,344005.4306116069,
synthetic,drift,all,basic_bf,8,42,basic_bf,bf,"{""average"": ""volume"", ""decay"": null, ""drop_high"": false, ""drop_low"": false, ""exclude"": [], ""exhausted_exclusions"": ""keep"", ""expected_loss_ratio"": 0.6, ""history_periods"": null, ""horizon"": 96, ""method"": ""bf"", ""unsupported_factor"": ""unity""}",2020-12-31,2030-12-31,,7,7,545624.4543341906,
synthetic,drift,all,basic_gcc,8,42,basic_gcc,gcc,"{""average"": ""volume"", ""decay"": 0.75, ""drop_high"": false, ""drop_low"": false, ""exclude"": [], ""exhausted_exclusions"": ""keep"", ""expected_loss_ratio"": null, ""history_periods"": null, ""horizon"": 96, ""method"": ""gcc"", ""unsupported_factor"": ""unity""}",2020-12-31,2030-12-31,,7,7,239090.07504516243,
synthetic,drift,all,ave,9,42,gcc_wall_h0_l0_g0.75,gcc,"{""average"": ""volume"", ""decay"": 0.75, ""drop_high"": false, ""drop_low"": false, ""exclude"": [], ""exhausted_exclusions"": ""keep"", ""expected_loss_ratio"": null, ""history_periods"": null, ""horizon"": 96, ""method"": ""gcc"", ""unsupported_factor"": ""unity""}",2020-12-31,2030-12-31,88088.98800773949,7,7,250586.18534952856,
synthetic,drift,all,cdr,9,42,gcc_wall_h0_l0_g1.00,gcc,"{""average"": ""volume"", ""decay"": 1.0, ""drop_high"": false, ""drop_low"": false, ""exclude"": [], ""exhausted_exclusions"": ""keep"", ""expected_loss_ratio"": null, ""history_periods"": null, ""horizon"": 96, ""method"": ""gcc"", ""unsupported_factor"": ""unity""}",2020-12-31,2030-12-31,97909.39435148287,7,7,333804.37514042895,
synthetic,drift,all,basic_cl,9,42,basic_cl,cl,"{""average"": ""volume"", ""decay"": null, ""drop_high"": false, ""drop_low"": false, ""exclude"": [], ""exhausted_exclusions"": ""keep"", ""expected_loss_ratio"": null, ""history_periods"": null, ""horizon"": 96, ""method"": ""cl"", ""unsupported_factor"": ""unity""}",2020-12-31,2030-12-31,,7,7,244093.53180228276,
synthetic,drift,all,basic_bf,9,42,basic_bf,bf,"{""average"": ""volume"", ""decay"": null, ""drop_high"": false, ""drop_low"": false, ""exclude"": [], ""exhausted_exclusions"": ""keep"", ""expected_loss_ratio"": 0.6, ""history_periods"": null, ""horizon"": 96, ""method"": ""bf"", ""unsupported_factor"": ""unity""}",2020-12-31,2030-12-31,,7,7,424158.94804929814,
synthetic,drift,all,basic_gcc,9,42,basic_gcc,gcc,"{""average"": ""volume"", ""decay"": 0.75, ""drop_high"": false, ""drop_low"": false, ""exclude"": [], ""exhausted_exclusions"": ""keep"", ""expected_loss_ratio"": null, ""history_periods"": null, ""horizon"": 96, ""method"": ""gcc"", ""unsupported_factor"": ""unity""}",2020-12-31,2030-12-31,,7,7,250586.18534952856,
synthetic,drift,all,ave,10,42,gcc_w5_h0_l0_g0.75,gcc,"{""average"": ""volume"", ""decay"": 0.75, ""drop_high"": false, ""drop_low"": false, ""exclude"": [], ""exhausted_exclusions"": ""keep"", ""expected_loss_ratio"": null, ""history_periods"": 5, ""horizon"": 96, ""method"": ""gcc"", ""unsupported_factor"": ""unity""}",2020-12-31,2030-12-31,59343.90650946728,7,7,79343.86494770579,
synthetic,drift,all,cdr,10,42,gcc_wall_h1_l0_g1.00,gcc,"{""average"": ""volume"", ""decay"": 1.0, ""drop_high"": true, ""drop_low"": false, ""exclude"": [], ""exhausted_exclusions"": ""keep"", ""expected_loss_ratio"": null, ""history_periods"": null, ""horizon"": 96, ""method"": ""gcc"", ""unsupported_factor"": ""unity""}",2020-12-31,2030-12-31,80585.31792791115,7,7,189481.10954411933,
synthetic,drift,all,basic_cl,10,42,basic_cl,cl,"{""average"": ""volume"", ""decay"": null, ""drop_high"": false, ""drop_low"": false, ""exclude"": [], ""exhausted_exclusions"": ""keep"", ""expected_loss_ratio"": null, ""history_periods"": null, ""horizon"": 96, ""method"": ""cl"", ""unsupported_factor"": ""unity""}",2020-12-31,2030-12-31,,7,7,280584.49790457916,
synthetic,drift,all,basic_bf,10,42,basic_bf,bf,"{""average"": ""volume"", ""decay"": null, ""drop_high"": false, ""drop_low"": false, ""exclude"": [], ""exhausted_exclusions"": ""keep"", ""expected_loss_ratio"": 0.6, ""history_periods"": null, ""horizon"": 96, ""method"": ""bf"", ""unsupported_factor"": ""unity""}",2020-12-31,2030-12-31,,7,7,313138.6879282114,
synthetic,drift,all,basic_gcc,10,42,basic_gcc,gcc,"{""average"": ""volume"", ""decay"": 0.75, ""drop_high"": false, ""drop_low"": false, ""exclude"": [], ""exhausted_exclusions"": ""keep"", ""expected_loss_ratio"": null, ""history_periods"": null, ""horizon"": 96, ""method"": ""gcc"", ""unsupported_factor"": ""unity""}",2020-12-31,2030-12-31,,7,7,75269.5603817124,
synthetic,drift,all,ave,11,42,gcc_w5_h0_l0_g0.25,gcc,"{""average"": ""volume"", ""decay"": 0.25, ""drop_high"": false, ""drop_low"": false, ""exclude"": [], ""exhausted_exclusions"": ""keep"", ""expected_loss_ratio"": null, ""history_periods"": 5, ""horizon"": 96, ""method"": ""gcc"", ""unsupported_factor"": ""unity""}",2020-12-31,2030-12-31,65911.3613881298,7,7,142402.6415832696,
synthetic,drift,all,cdr,11,42,gcc_w5_h0_l0_g0.75,gcc,"{""average"": ""volume"", ""decay"": 0.75, ""drop_high"": false, ""drop_low"": false, ""exclude"": [], ""exhausted_exclusions"": ""keep"", ""expected_loss_ratio"": null, ""history_periods"": 5, ""horizon"": 96, ""method"": ""gcc"", ""unsupported_factor"": ""unity""}",2020-12-31,2030-12-31,92285.77612307112,7,7,181773.98916670438,
synthetic,drift,all,basic_cl,11,42,basic_cl,cl,"{""average"": ""volume"", ""decay"": null, ""drop_high"": false, ""drop_low"": false, ""exclude"": [], ""exhausted_exclusions"": ""keep"", ""expected_loss_ratio"": null, ""history_periods"": null, ""horizon"": 96, ""method"": ""cl"", ""unsupported_factor"": ""unity""}",2020-12-31,2030-12-31,,7,7,338574.11134766776,
synthetic,drift,all,basic_bf,11,42,basic_bf,bf,"{""average"": ""volume"", ""decay"": null, ""drop_high"": false, ""drop_low"": false, ""exclude"": [], ""exhausted_exclusions"": ""keep"", ""expected_loss_ratio"": 0.6, ""history_periods"": null, ""horizon"": 96, ""method"": ""bf"", ""unsupported_factor"": ""unity""}",2020-12-31,2030-12-31,,7,7,434535.10800056136,
synthetic,drift,all,basic_gcc,11,42,basic_gcc,gcc,"{""average"": ""volume"", ""decay"": 0.75, ""drop_high"": false, ""drop_low"": false, ""exclude"": [], ""exhausted_exclusions"": ""keep"", ""expected_loss_ratio"": null, ""history_periods"": null, ""horizon"": 96, ""method"": ""gcc"", ""unsupported_factor"": ""unity""}",2020-12-31,2030-12-31,,7,7,177147.9747313331,
synthetic,drift,all,ave,12,42,gcc_wall_h0_l0_g0.25,gcc,"{""average"": ""volume"", ""decay"": 0.25, ""drop_high"": false, ""drop_low"": false, ""exclude"": [], ""exhausted_exclusions"": ""keep"", ""expected_loss_ratio"": null, ""history_periods"": null, ""horizon"": 96, ""method"": ""gcc"", ""unsupported_factor"": ""unity""}",2020-12-31,2030-12-31,99752.42523223578,7,7,276253.41653211444,
synthetic,drift,all,cdr,12,42,gcc_wall_h0_l0_g0.75,gcc,"{""average"": ""volume"", ""decay"": 0.75, ""drop_high"": false, ""drop_low"": false, ""exclude"": [], ""exhausted_exclusions"": ""keep"", ""expected_loss_ratio"": null, ""history_periods"": null, ""horizon"": 96, ""method"": ""gcc"", ""unsupported_factor"": ""unity""}",2020-12-31,2030-12-31,150959.69185128622,7,7,376582.09194721316,
synthetic,drift,all,basic_cl,12,42,basic_cl,cl,"{""average"": ""volume"", ""decay"": null, ""drop_high"": false, ""drop_low"": false, ""exclude"": [], ""exhausted_exclusions"": ""keep"", ""expected_loss_ratio"": null, ""history_periods"": null, ""horizon"": 96, ""method"": ""cl"", ""unsupported_factor"": ""unity""}",2020-12-31,2030-12-31,,7,7,324626.29052152415,
synthetic,drift,all,basic_bf,12,42,basic_bf,bf,"{""average"": ""volume"", ""decay"": null, ""drop_high"": false, ""drop_low"": false, ""exclude"": [], ""exhausted_exclusions"": ""keep"", ""expected_loss_ratio"": 0.6, ""history_periods"": null, ""horizon"": 96, ""method"": ""bf"", ""unsupported_factor"": ""unity""}",2020-12-31,2030-12-31,,7,7,729231.1176135727,
synthetic,drift,all,basic_gcc,12,42,basic_gcc,gcc,"{""average"": ""volume"", ""decay"": 0.75, ""drop_high"": false, ""drop_low"": false, ""exclude"": [], ""exhausted_exclusions"": ""keep"", ""expected_loss_ratio"": null, ""history_periods"": null, ""horizon"": 96, ""method"": ""gcc"", ""unsupported_factor"": ""unity""}",2020-12-31,2030-12-31,,7,7,376582.09194721316,
synthetic,drift,all,ave,13,42,gcc_w5_h0_l0_g0.25,gcc,"{""average"": ""volume"", ""decay"": 0.25, ""drop_high"": false, ""drop_low"": false, ""exclude"": [], ""exhausted_exclusions"": ""keep"", ""expected_loss_ratio"": null, ""history_periods"": 5, ""horizon"": 96, ""method"": ""gcc"", ""unsupported_factor"": ""unity""}",2020-12-31,2030-12-31,90560.73214120649,7,7,63194.35941505811,
synthetic,drift,all,cdr,13,42,gcc_w3_h0_l0_g0.75,gcc,"{""average"": ""volume"", ""decay"": 0.75, ""drop_high"": false, ""drop_low"": false, ""exclude"": [], ""exhausted_exclusions"": ""keep"", ""expected_loss_ratio"": null, ""history_periods"": 3, ""horizon"": 96, ""method"": ""gcc"", ""unsupported_factor"": ""unity""}",2020-12-31,2030-12-31,138559.75377670655,7,7,334356.11027322913,
synthetic,drift,all,basic_cl,13,42,basic_cl,cl,"{""average"": ""volume"", ""decay"": null, ""drop_high"": false, ""drop_low"": false, ""exclude"": [], ""exhausted_exclusions"": ""keep"", ""expected_loss_ratio"": null, ""history_periods"": null, ""horizon"": 96, ""method"": ""cl"", ""unsupported_factor"": ""unity""}",2020-12-31,2030-12-31,,7,7,198206.95431133982,
synthetic,drift,all,basic_bf,13,42,basic_bf,bf,"{""average"": ""volume"", ""decay"": null, ""drop_high"": false, ""drop_low"": false, ""exclude"": [], ""exhausted_exclusions"": ""keep"", ""expected_loss_ratio"": 0.6, ""history_periods"": null, ""horizon"": 96, ""method"": ""bf"", ""unsupported_factor"": ""unity""}",2020-12-31,2030-12-31,,7,7,879497.105577468,
synthetic,drift,all,basic_gcc,13,42,basic_gcc,gcc,"{""average"": ""volume"", ""decay"": 0.75, ""drop_high"": false, ""drop_low"": false, ""exclude"": [], ""exhausted_exclusions"": ""keep"", ""expected_loss_ratio"": null, ""history_periods"": null, ""horizon"": 96, ""method"": ""gcc"", ""unsupported_factor"": ""unity""}",2020-12-31,2030-12-31,,7,7,316548.6738813461,
synthetic,drift,all,ave,14,42,gcc_w3_h0_l0_g0.25,gcc,"{""average"": ""volume"", ""decay"": 0.25, ""drop_high"": false, ""drop_low"": false, ""exclude"": [], ""exhausted_exclusions"": ""keep"", ""expected_loss_ratio"": null, ""history_periods"": 3, ""horizon"": 96, ""method"": ""gcc"", ""unsupported_factor"": ""unity""}",2020-12-31,2030-12-31,78591.14286929973,7,7,284775.50462656305,
synthetic,drift,all,cdr,14,42,gcc_w3_h0_l0_g0.75,gcc,"{""average"": ""volume"", ""decay"": 0.75, ""drop_high"": false, ""drop_low"": false, ""exclude"": [], ""exhausted_exclusions"": ""keep"", ""expected_loss_ratio"": null, ""history_periods"": 3, ""horizon"": 96, ""method"": ""gcc"", ""unsupported_factor"": ""unity""}",2020-12-31,2030-12-31,139990.67060367268,7,7,160054.99368871326,
synthetic,drift,all,basic_cl,14,42,basic_cl,cl,"{""average"": ""volume"", ""decay"": null, ""drop_high"": false, ""drop_low"": false, ""exclude"": [], ""exhausted_exclusions"": ""keep"", ""expected_loss_ratio"": null, ""history_periods"": null, ""horizon"": 96, ""method"": ""cl"", ""unsupported_factor"": ""unity""}",2020-12-31,2030-12-31,,7,7,266949.17943901406,
synthetic,drift,all,basic_bf,14,42,basic_bf,bf,"{""average"": ""volume"", ""decay"": null, ""drop_high"": false, ""drop_low"": false, ""exclude"": [], ""exhausted_exclusions"": ""keep"", ""expected_loss_ratio"": 0.6, ""history_periods"": null, ""horizon"": 96, ""method"": ""bf"", ""unsupported_factor"": ""unity""}",2020-12-31,2030-12-31,,7,7,661498.3266934081,
synthetic,drift,all,basic_gcc,14,42,basic_gcc,gcc,"{""average"": ""volume"", ""decay"": 0.75, ""drop_high"": false, ""drop_low"": false, ""exclude"": [], ""exhausted_exclusions"": ""keep"", ""expected_loss_ratio"": null, ""history_periods"": null, ""horizon"": 96, ""method"": ""gcc"", ""unsupported_factor"": ""unity""}",2020-12-31,2030-12-31,,7,7,186766.91407644778,
synthetic,drift,all,ave,15,42,gcc_w3_h0_l0_g0.75,gcc,"{""average"": ""volume"", ""decay"": 0.75, ""drop_high"": false, ""drop_low"": false, ""exclude"": [], ""exhausted_exclusions"": ""keep"", ""expected_loss_ratio"": null, ""history_periods"": 3, ""horizon"": 96, ""method"": ""gcc"", ""unsupported_factor"": ""unity""}",2020-12-31,2030-12-31,70554.49619878797,7,7,159552.81266315223,
synthetic,drift,all,cdr,15,42,gcc_wall_h0_l0_g0.75,gcc,"{""average"": ""volume"", ""decay"": 0.75, ""drop_high"": false, ""drop_low"": false, ""exclude"": [], ""exhausted_exclusions"": ""keep"", ""expected_loss_ratio"": null, ""history_periods"": null, ""horizon"": 96, ""method"": ""gcc"", ""unsupported_factor"": ""unity""}",2020-12-31,2030-12-31,94694.87405296203,7,7,163419.93771028178,
synthetic,drift,all,basic_cl,15,42,basic_cl,cl,"{""average"": ""volume"", ""decay"": null, ""drop_high"": false, ""drop_low"": false, ""exclude"": [], ""exhausted_exclusions"": ""keep"", ""expected_loss_ratio"": null, ""history_periods"": null, ""horizon"": 96, ""method"": ""cl"", ""unsupported_factor"": ""unity""}",2020-12-31,2030-12-31,,7,7,127395.2001470098,
synthetic,drift,all,basic_bf,15,42,basic_bf,bf,"{""average"": ""volume"", ""decay"": null, ""drop_high"": false, ""drop_low"": false, ""exclude"": [], ""exhausted_exclusions"": ""keep"", ""expected_loss_ratio"": 0.6, ""history_periods"": null, ""horizon"": 96, ""method"": ""bf"", ""unsupported_factor"": ""unity""}",2020-12-31,2030-12-31,,7,7,404025.4732719954,
synthetic,drift,all,basic_gcc,15,42,basic_gcc,gcc,"{""average"": ""volume"", ""decay"": 0.75, ""drop_high"": false, ""drop_low"": false, ""exclude"": [], ""exhausted_exclusions"": ""keep"", ""expected_loss_ratio"": null, ""history_periods"": null, ""horizon"": 96, ""method"": ""gcc"", ""unsupported_factor"": ""unity""}",2020-12-31,2030-12-31,,7,7,163419.93771028178,
synthetic,drift,all,ave,16,42,gcc_wall_h0_l0_g0.75,gcc,"{""average"": ""volume"", ""decay"": 0.75, ""drop_high"": false, ""drop_low"": false, ""exclude"": [], ""exhausted_exclusions"": ""keep"", ""expected_loss_ratio"": null, ""history_periods"": null, ""horizon"": 96, ""method"": ""gcc"", ""unsupported_factor"": ""unity""}",2020-12-31,2030-12-31,66358.64521037569,7,7,97851.92126621887,
synthetic,drift,all,cdr,16,42,gcc_wall_h0_l0_g0.75,gcc,"{""average"": ""volume"", ""decay"": 0.75, ""drop_high"": false, ""drop_low"": false, ""exclude"": [], ""exhausted_exclusions"": ""keep"", ""expected_loss_ratio"": null, ""history_periods"": null, ""horizon"": 96, ""method"": ""gcc"", ""unsupported_factor"": ""unity""}",2020-12-31,2030-12-31,85821.49800702806,7,7,97851.92126621887,
synthetic,drift,all,basic_cl,16,42,basic_cl,cl,"{""average"": ""volume"", ""decay"": null, ""drop_high"": false, ""drop_low"": false, ""exclude"": [], ""exhausted_exclusions"": ""keep"", ""expected_loss_ratio"": null, ""history_periods"": null, ""horizon"": 96, ""method"": ""cl"", ""unsupported_factor"": ""unity""}",2020-12-31,2030-12-31,,7,7,106169.26388081686,
synthetic,drift,all,basic_bf,16,42,basic_bf,bf,"{""average"": ""volume"", ""decay"": null, ""drop_high"": false, ""drop_low"": false, ""exclude"": [], ""exhausted_exclusions"": ""keep"", ""expected_loss_ratio"": 0.6, ""history_periods"": null, ""horizon"": 96, ""method"": ""bf"", ""unsupported_factor"": ""unity""}",2020-12-31,2030-12-31,,7,7,234582.28474861445,
synthetic,drift,all,basic_gcc,16,42,basic_gcc,gcc,"{""average"": ""volume"", ""decay"": 0.75, ""drop_high"": false, ""drop_low"": false, ""exclude"": [], ""exhausted_exclusions"": ""keep"", ""expected_loss_ratio"": null, ""history_periods"": null, ""horizon"": 96, ""method"": ""gcc"", ""unsupported_factor"": ""unity""}",2020-12-31,2030-12-31,,7,7,97851.92126621887,
synthetic,drift,all,ave,17,42,gcc_wall_h0_l0_g0.75,gcc,"{""average"": ""volume"", ""decay"": 0.75, ""drop_high"": false, ""drop_low"": false, ""exclude"": [], ""exhausted_exclusions"": ""keep"", ""expected_loss_ratio"": null, ""history_periods"": null, ""horizon"": 96, ""method"": ""gcc"", ""unsupported_factor"": ""unity""}",2020-12-31,2030-12-31,80955.10461671207,7,7,179333.44249194386,
synthetic,drift,all,cdr,17,42,gcc_wall_h0_l0_g1.00,gcc,"{""average"": ""volume"", ""decay"": 1.0, ""drop_high"": false, ""drop_low"": false, ""exclude"": [], ""exhausted_exclusions"": ""keep"", ""expected_loss_ratio"": null, ""history_periods"": null, ""horizon"": 96, ""method"": ""gcc"", ""unsupported_factor"": ""unity""}",2020-12-31,2030-12-31,109031.37476568228,7,7,347709.8726470988,
synthetic,drift,all,basic_cl,17,42,basic_cl,cl,"{""average"": ""volume"", ""decay"": null, ""drop_high"": false, ""drop_low"": false, ""exclude"": [], ""exhausted_exclusions"": ""keep"", ""expected_loss_ratio"": null, ""history_periods"": null, ""horizon"": 96, ""method"": ""cl"", ""unsupported_factor"": ""unity""}",2020-12-31,2030-12-31,,7,7,104379.14510758803,
synthetic,drift,all,basic_bf,17,42,basic_bf,bf,"{""average"": ""volume"", ""decay"": null, ""drop_high"": false, ""drop_low"": false, ""exclude"": [], ""exhausted_exclusions"": ""keep"", ""expected_loss_ratio"": 0.6, ""history_periods"": null, ""horizon"": 96, ""method"": ""bf"", ""unsupported_factor"": ""unity""}",2020-12-31,2030-12-31,,7,7,575300.0356247767,
synthetic,drift,all,basic_gcc,17,42,basic_gcc,gcc,"{""average"": ""volume"", ""decay"": 0.75, ""drop_high"": false, ""drop_low"": false, ""exclude"": [], ""exhausted_exclusions"": ""keep"", ""expected_loss_ratio"": null, ""history_periods"": null, ""horizon"": 96, ""method"": ""gcc"", ""unsupported_factor"": ""unity""}",2020-12-31,2030-12-31,,7,7,179333.44249194386,
synthetic,drift,all,ave,18,42,gcc_w5_h0_l0_g0.25,gcc,"{""average"": ""volume"", ""decay"": 0.25, ""drop_high"": false, ""drop_low"": false, ""exclude"": [], ""exhausted_exclusions"": ""keep"", ""expected_loss_ratio"": null, ""history_periods"": 5, ""horizon"": 96, ""method"": ""gcc"", ""unsupported_factor"": ""unity""}",2020-12-31,2030-12-31,55219.78773349399,7,7,185790.58102342972,
synthetic,drift,all,cdr,18,42,gcc_wall_h1_l0_g1.00,gcc,"{""average"": ""volume"", ""decay"": 1.0, ""drop_high"": true, ""drop_low"": false, ""exclude"": [], ""exhausted_exclusions"": ""keep"", ""expected_loss_ratio"": null, ""history_periods"": null, ""horizon"": 96, ""method"": ""gcc"", ""unsupported_factor"": ""unity""}",2020-12-31,2030-12-31,73853.33654537867,7,7,617165.9167393314,
synthetic,drift,all,basic_cl,18,42,basic_cl,cl,"{""average"": ""volume"", ""decay"": null, ""drop_high"": false, ""drop_low"": false, ""exclude"": [], ""exhausted_exclusions"": ""keep"", ""expected_loss_ratio"": null, ""history_periods"": null, ""horizon"": 96, ""method"": ""cl"", ""unsupported_factor"": ""unity""}",2020-12-31,2030-12-31,,7,7,152449.3142691979,
synthetic,drift,all,basic_bf,18,42,basic_bf,bf,"{""average"": ""volume"", ""decay"": null, ""drop_high"": false, ""drop_low"": false, ""exclude"": [], ""exhausted_exclusions"": ""keep"", ""expected_loss_ratio"": 0.6, ""history_periods"": null, ""horizon"": 96, ""method"": ""bf"", ""unsupported_factor"": ""unity""}",2020-12-31,2030-12-31,,7,7,720534.2354609184,
synthetic,drift,all,basic_gcc,18,42,basic_gcc,gcc,"{""average"": ""volume"", ""decay"": 0.75, ""drop_high"": false, ""drop_low"": false, ""exclude"": [], ""exhausted_exclusions"": ""keep"", ""expected_loss_ratio"": null, ""history_periods"": null, ""horizon"": 96, ""method"": ""gcc"", ""unsupported_factor"": ""unity""}",2020-12-31,2030-12-31,,7,7,510652.3064721814,
synthetic,drift,all,ave,19,42,gcc_wall_h0_l0_g0.25,gcc,"{""average"": ""volume"", ""decay"": 0.25, ""drop_high"": false, ""drop_low"": false, ""exclude"": [], ""exhausted_exclusions"": ""keep"", ""expected_loss_ratio"": null, ""history_periods"": null, ""horizon"": 96, ""method"": ""gcc"", ""unsupported_factor"": ""unity""}",2020-12-31,2030-12-31,66490.64130405773,7,7,279382.54920483864,
synthetic,drift,all,cdr,19,42,gcc_wall_h0_l0_g0.75,gcc,"{""average"": ""volume"", ""decay"": 0.75, ""drop_high"": false, ""drop_low"": false, ""exclude"": [], ""exhausted_exclusions"": ""keep"", ""expected_loss_ratio"": null, ""history_periods"": null, ""horizon"": 96, ""method"": ""gcc"", ""unsupported_factor"": ""unity""}",2020-12-31,2030-12-31,84140.19525822108,7,7,270122.88579156407,
synthetic,drift,all,basic_cl,19,42,basic_cl,cl,"{""average"": ""volume"", ""decay"": null, ""drop_high"": false, ""drop_low"": false, ""exclude"": [], ""exhausted_exclusions"": ""keep"", ""expected_loss_ratio"": null, ""history_periods"": null, ""horizon"": 96, ""method"": ""cl"", ""unsupported_factor"": ""unity""}",2020-12-31,2030-12-31,,7,7,332827.70555459295,
synthetic,drift,all,basic_bf,19,42,basic_bf,bf,"{""average"": ""volume"", ""decay"": null, ""drop_high"": false, ""drop_low"": false, ""exclude"": [], ""exhausted_exclusions"": ""keep"", ""expected_loss_ratio"": 0.6, ""history_periods"": null, ""horizon"": 96, ""method"": ""bf"", ""unsupported_factor"": ""unity""}",2020-12-31,2030-12-31,,7,7,491826.0524272847,
synthetic,drift,all,basic_gcc,19,42,basic_gcc,gcc,"{""average"": ""volume"", ""decay"": 0.75, ""drop_high"": false, ""drop_low"": false, ""exclude"": [], ""exhausted_exclusions"": ""keep"", ""expected_loss_ratio"": null, ""history_periods"": null, ""horizon"": 96, ""method"": ""gcc"", ""unsupported_factor"": ""unity""}",2020-12-31,2030-12-31,,7,7,270122.88579156407,
synthetic,drift,all,ave,20,42,gcc_wall_h0_l0_g0.75,gcc,"{""average"": ""volume"", ""decay"": 0.75, ""drop_high"": false, ""drop_low"": false, ""exclude"": [], ""exhausted_exclusions"": ""keep"", ""expected_loss_ratio"": null, ""history_periods"": null, ""horizon"": 96, ""method"": ""gcc"", ""unsupported_factor"": ""unity""}",2020-12-31,2030-12-31,64296.65689390759,7,7,155951.25434244922,
synthetic,drift,all,cdr,20,42,gcc_wall_h0_l0_g1.00,gcc,"{""average"": ""volume"", ""decay"": 1.0, ""drop_high"": false, ""drop_low"": false, ""exclude"": [], ""exhausted_exclusions"": ""keep"", ""expected_loss_ratio"": null, ""history_periods"": null, ""horizon"": 96, ""method"": ""gcc"", ""unsupported_factor"": ""unity""}",2020-12-31,2030-12-31,79254.78301382044,7,7,265892.6557813203,
synthetic,drift,all,basic_cl,20,42,basic_cl,cl,"{""average"": ""volume"", ""decay"": null, ""drop_high"": false, ""drop_low"": false, ""exclude"": [], ""exhausted_exclusions"": ""keep"", ""expected_loss_ratio"": null, ""history_periods"": null, ""horizon"": 96, ""method"": ""cl"", ""unsupported_factor"": ""unity""}",2020-12-31,2030-12-31,,7,7,140703.83857913062,
synthetic,drift,all,basic_bf,20,42,basic_bf,bf,"{""average"": ""volume"", ""decay"": null, ""drop_high"": false, ""drop_low"": false, ""exclude"": [], ""exhausted_exclusions"": ""keep"", ""expected_loss_ratio"": 0.6, ""history_periods"": null, ""horizon"": 96, ""method"": ""bf"", ""unsupported_factor"": ""unity""}",2020-12-31,2030-12-31,,7,7,384021.57123090967,
synthetic,drift,all,basic_gcc,20,42,basic_gcc,gcc,"{""average"": ""volume"", ""decay"": 0.75, ""drop_high"": false, ""drop_low"": false, ""exclude"": [], ""exhausted_exclusions"": ""keep"", ""expected_loss_ratio"": null, ""history_periods"": null, ""horizon"": 96, ""method"": ""gcc"", ""unsupported_factor"": ""unity""}",2020-12-31,2030-12-31,,7,7,155951.25434244922,
synthetic,drift,all,ave,21,42,gcc_wall_h0_l0_g0.75,gcc,"{""average"": ""volume"", ""decay"": 0.75, ""drop_high"": false, ""drop_low"": false, ""exclude"": [], ""exhausted_exclusions"": ""keep"", ""expected_loss_ratio"": null, ""history_periods"": null, ""horizon"": 96, ""method"": ""gcc"", ""unsupported_factor"": ""unity""}",2020-12-31,2030-12-31,74524.21181067299,7,7,293232.08137266466,
synthetic,drift,all,cdr,21,42,bf_wall_h1_l0_lr0.60,bf,"{""average"": ""volume"", ""decay"": null, ""drop_high"": true, ""drop_low"": false, ""exclude"": [], ""exhausted_exclusions"": ""keep"", ""expected_loss_ratio"": 0.6, ""history_periods"": null, ""horizon"": 96, ""method"": ""bf"", ""unsupported_factor"": ""unity""}",2020-12-31,2030-12-31,94340.9658449725,7,7,576605.3675522058,
synthetic,drift,all,basic_cl,21,42,basic_cl,cl,"{""average"": ""volume"", ""decay"": null, ""drop_high"": false, ""drop_low"": false, ""exclude"": [], ""exhausted_exclusions"": ""keep"", ""expected_loss_ratio"": null, ""history_periods"": null, ""horizon"": 96, ""method"": ""cl"", ""unsupported_factor"": ""unity""}",2020-12-31,2030-12-31,,7,7,340135.72400047263,
synthetic,drift,all,basic_bf,21,42,basic_bf,bf,"{""average"": ""volume"", ""decay"": null, ""drop_high"": false, ""drop_low"": false, ""exclude"": [], ""exhausted_exclusions"": ""keep"", ""expected_loss_ratio"": 0.6, ""history_periods"": null, ""horizon"": 96, ""method"": ""bf"", ""unsupported_factor"": ""unity""}",2020-12-31,2030-12-31,,7,7,567568.285999255,
synthetic,drift,all,basic_gcc,21,42,basic_gcc,gcc,"{""average"": ""volume"", ""decay"": 0.75, ""drop_high"": false, ""drop_low"": false, ""exclude"": [], ""exhausted_exclusions"": ""keep"", ""expected_loss_ratio"": null, ""history_periods"": null, ""horizon"": 96, ""method"": ""gcc"", ""unsupported_factor"": ""unity""}",2020-12-31,2030-12-31,,7,7,293232.08137266466,
synthetic,drift,all,ave,22,42,gcc_w5_h0_l0_g0.25,gcc,"{""average"": ""volume"", ""decay"": 0.25, ""drop_high"": false, ""drop_low"": false, ""exclude"": [], ""exhausted_exclusions"": ""keep"", ""expected_loss_ratio"": null, ""history_periods"": 5, ""horizon"": 96, ""method"": ""gcc"", ""unsupported_factor"": ""unity""}",2020-12-31,2030-12-31,107937.76321061177,7,7,227407.98807519974,
synthetic,drift,all,cdr,22,42,gcc_wall_h0_l0_g1.00,gcc,"{""average"": ""volume"", ""decay"": 1.0, ""drop_high"": false, ""drop_low"": false, ""exclude"": [], ""exhausted_exclusions"": ""keep"", ""expected_loss_ratio"": null, ""history_periods"": null, ""horizon"": 96, ""method"": ""gcc"", ""unsupported_factor"": ""unity""}",2020-12-31,2030-12-31,131312.8574412642,7,7,492349.13234939397,
synthetic,drift,all,basic_cl,22,42,basic_cl,cl,"{""average"": ""volume"", ""decay"": null, ""drop_high"": false, ""drop_low"": false, ""exclude"": [], ""exhausted_exclusions"": ""keep"", ""expected_loss_ratio"": null, ""history_periods"": null, ""horizon"": 96, ""method"": ""cl"", ""unsupported_factor"": ""unity""}",2020-12-31,2030-12-31,,7,7,145812.04669374545,
synthetic,drift,all,basic_bf,22,42,basic_bf,bf,"{""average"": ""volume"", ""decay"": null, ""drop_high"": false, ""drop_low"": false, ""exclude"": [], ""exhausted_exclusions"": ""keep"", ""expected_loss_ratio"": 0.6, ""history_periods"": null, ""horizon"": 96, ""method"": ""bf"", ""unsupported_factor"": ""unity""}",2020-12-31,2030-12-31,,7,7,627188.2505812327,
synthetic,drift,all,basic_gcc,22,42,basic_gcc,gcc,"{""average"": ""volume"", ""decay"": 0.75, ""drop_high"": false, ""drop_low"": false, ""exclude"": [], ""exhausted_exclusions"": ""keep"", ""expected_loss_ratio"": null, ""history_periods"": null, ""horizon"": 96, ""method"": ""gcc"", ""unsupported_factor"": ""unity""}",2020-12-31,2030-12-31,,7,7,337950.85218826594,
synthetic,drift,all,ave,23,42,gcc_wall_h0_l0_g0.75,gcc,"{""average"": ""volume"", ""decay"": 0.75, ""drop_high"": false, ""drop_low"": false, ""exclude"": [], ""exhausted_exclusions"": ""keep"", ""expected_loss_ratio"": null, ""history_periods"": null, ""horizon"": 96, ""method"": ""gcc"", ""unsupported_factor"": ""unity""}",2020-12-31,2030-12-31,101168.07797952181,7,7,126068.3032893142,
synthetic,drift,all,cdr,23,42,gcc_wall_h0_l0_g0.75,gcc,"{""average"": ""volume"", ""decay"": 0.75, ""drop_high"": false, ""drop_low"": false, ""exclude"": [], ""exhausted_exclusions"": ""keep"", ""expected_loss_ratio"": null, ""history_periods"": null, ""horizon"": 96, ""method"": ""gcc"", ""unsupported_factor"": ""unity""}",2020-12-31,2030-12-31,129737.50255565683,7,7,126068.3032893142,
synthetic,drift,all,basic_cl,23,42,basic_cl,cl,"{""average"": ""volume"", ""decay"": null, ""drop_high"": false, ""drop_low"": false, ""exclude"": [], ""exhausted_exclusions"": ""keep"", ""expected_loss_ratio"": null, ""history_periods"": null, ""horizon"": 96, ""method"": ""cl"", ""unsupported_factor"": ""unity""}",2020-12-31,2030-12-31,,7,7,118366.60862018199,
synthetic,drift,all,basic_bf,23,42,basic_bf,bf,"{""average"": ""volume"", ""decay"": null, ""drop_high"": false, ""drop_low"": false, ""exclude"": [], ""exhausted_exclusions"": ""keep"", ""expected_loss_ratio"": 0.6, ""history_periods"": null, ""horizon"": 96, ""method"": ""bf"", ""unsupported_factor"": ""unity""}",2020-12-31,2030-12-31,,7,7,322651.9050162378,
synthetic,drift,all,basic_gcc,23,42,basic_gcc,gcc,"{""average"": ""volume"", ""decay"": 0.75, ""drop_high"": false, ""drop_low"": false, ""exclude"": [], ""exhausted_exclusions"": ""keep"", ""expected_loss_ratio"": null, ""history_periods"": null, ""horizon"": 96, ""method"": ""gcc"", ""unsupported_factor"": ""unity""}",2020-12-31,2030-12-31,,7,7,126068.3032893142,
synthetic,drift,all,ave,24,42,gcc_wall_h0_l0_g0.25,gcc,"{""average"": ""volume"", ""decay"": 0.25, ""drop_high"": false, ""drop_low"": false, ""exclude"": [], ""exhausted_exclusions"": ""keep"", ""expected_loss_ratio"": null, ""history_periods"": null, ""horizon"": 96, ""method"": ""gcc"", ""unsupported_factor"": ""unity""}",2020-12-31,2030-12-31,84820.37860682771,7,7,134207.6775480096,
synthetic,drift,all,cdr,24,42,gcc_wall_h0_l0_g0.75,gcc,"{""average"": ""volume"", ""decay"": 0.75, ""drop_high"": false, ""drop_low"": false, ""exclude"": [], ""exhausted_exclusions"": ""keep"", ""expected_loss_ratio"": null, ""history_periods"": null, ""horizon"": 96, ""method"": ""gcc"", ""unsupported_factor"": ""unity""}",2020-12-31,2030-12-31,129231.51844193804,7,7,92059.52618500657,
synthetic,drift,all,basic_cl,24,42,basic_cl,cl,"{""average"": ""volume"", ""decay"": null, ""drop_high"": false, ""drop_low"": false, ""exclude"": [], ""exhausted_exclusions"": ""keep"", ""expected_loss_ratio"": null, ""history_periods"": null, ""horizon"": 96, ""method"": ""cl"", ""unsupported_factor"": ""unity""}",2020-12-31,2030-12-31,,7,7,193869.55444711592,
synthetic,drift,all,basic_bf,24,42,basic_bf,bf,"{""average"": ""volume"", ""decay"": null, ""drop_high"": false, ""drop_low"": false, ""exclude"": [], ""exhausted_exclusions"": ""keep"", ""expected_loss_ratio"": 0.6, ""history_periods"": null, ""horizon"": 96, ""method"": ""bf"", ""unsupported_factor"": ""unity""}",2020-12-31,2030-12-31,,7,7,373519.4675347956,
synthetic,drift,all,basic_gcc,24,42,basic_gcc,gcc,"{""average"": ""volume"", ""decay"": 0.75, ""drop_high"": false, ""drop_low"": false, ""exclude"": [], ""exhausted_exclusions"": ""keep"", ""expected_loss_ratio"": null, ""history_periods"": null, ""horizon"": 96, ""method"": ""gcc"", ""unsupported_factor"": ""unity""}",2020-12-31,2030-12-31,,7,7,92059.52618500657,
synthetic,drift,all,ave,25,42,gcc_w3_h0_l0_g0.75,gcc,"{""average"": ""volume"", ""decay"": 0.75, ""drop_high"": false, ""drop_low"": false, ""exclude"": [], ""exhausted_exclusions"": ""keep"", ""expected_loss_ratio"": null, ""history_periods"": 3, ""horizon"": 96, ""method"": ""gcc"", ""unsupported_factor"": ""unity""}",2020-12-31,2030-12-31,56312.32427495196,7,7,111072.6821377154,
synthetic,drift,all,cdr,25,42,gcc_w5_h0_l0_g1.00,gcc,"{""average"": ""volume"", ""decay"": 1.0, ""drop_high"": false, ""drop_low"": false, ""exclude"": [], ""exhausted_exclusions"": ""keep"", ""expected_loss_ratio"": null, ""history_periods"": 5, ""horizon"": 96, ""method"": ""gcc"", ""unsupported_factor"": ""unity""}",2020-12-31,2030-12-31,65816.35253298761,7,7,163352.33446440683,
synthetic,drift,all,basic_cl,25,42,basic_cl,cl,"{""average"": ""volume"", ""decay"": null, ""drop_high"": false, ""drop_low"": false, ""exclude"": [], ""exhausted_exclusions"": ""keep"", ""expected_loss_ratio"": null, ""history_periods"": null, ""horizon"": 96, ""method"": ""cl"", ""unsupported_factor"": ""unity""}",2020-12-31,2030-12-31,,7,7,267328.9413588258,
synthetic,drift,all,basic_bf,25,42,basic_bf,bf,"{""average"": ""volume"", ""decay"": null, ""drop_high"": false, ""drop_low"": false, ""exclude"": [], ""exhausted_exclusions"": ""keep"", ""expected_loss_ratio"": 0.6, ""history_periods"": null, ""horizon"": 96, ""method"": ""bf"", ""unsupported_factor"": ""unity""}",2020-12-31,2030-12-31,,7,7,335548.3514199955,
synthetic,drift,all,basic_gcc,25,42,basic_gcc,gcc,"{""average"": ""volume"", ""decay"": 0.75, ""drop_high"": false, ""drop_low"": false, ""exclude"": [], ""exhausted_exclusions"": ""keep"", ""expected_loss_ratio"": null, ""history_periods"": null, ""horizon"": 96, ""method"": ""gcc"", ""unsupported_factor"": ""unity""}",2020-12-31,2030-12-31,,7,7,134455.55947059864,
synthetic,drift,all,ave,26,42,gcc_w5_h0_l0_g0.25,gcc,"{""average"": ""volume"", ""decay"": 0.25, ""drop_high"": false, ""drop_low"": false, ""exclude"": [], ""exhausted_exclusions"": ""keep"", ""expected_loss_ratio"": null, ""history_periods"": 5, ""horizon"": 96, ""method"": ""gcc"", ""unsupported_factor"": ""unity""}",2020-12-31,2030-12-31,57989.558661109695,7,7,140785.35167184385,
synthetic,drift,all,cdr,26,42,gcc_w5_h0_l0_g0.75,gcc,"{""average"": ""volume"", ""decay"": 0.75, ""drop_high"": false, ""drop_low"": false, ""exclude"": [], ""exhausted_exclusions"": ""keep"", ""expected_loss_ratio"": null, ""history_periods"": 5, ""horizon"": 96, ""method"": ""gcc"", ""unsupported_factor"": ""unity""}",2020-12-31,2030-12-31,91244.71812258438,7,7,291783.30090273323,
synthetic,drift,all,basic_cl,26,42,basic_cl,cl,"{""average"": ""volume"", ""decay"": null, ""drop_high"": false, ""drop_low"": false, ""exclude"": [], ""exhausted_exclusions"": ""keep"", ""expected_loss_ratio"": null, ""history_periods"": null, ""horizon"": 96, ""method"": ""cl"", ""unsupported_factor"": ""unity""}",2020-12-31,2030-12-31,,7,7,183236.31406330824,
synthetic,drift,all,basic_bf,26,42,basic_bf,bf,"{""average"": ""volume"", ""decay"": null, ""drop_high"": false, ""drop_low"": false, ""exclude"": [], ""exhausted_exclusions"": ""keep"", ""expected_loss_ratio"": 0.6, ""history_periods"": null, ""horizon"": 96, ""method"": ""bf"", ""unsupported_factor"": ""unity""}",2020-12-31,2030-12-31,,7,7,580624.3825194063,
synthetic,drift,all,basic_gcc,26,42,basic_gcc,gcc,"{""average"": ""volume"", ""decay"": 0.75, ""drop_high"": false, ""drop_low"": false, ""exclude"": [], ""exhausted_exclusions"": ""keep"", ""expected_loss_ratio"": null, ""history_periods"": null, ""horizon"": 96, ""method"": ""gcc"", ""unsupported_factor"": ""unity""}",2020-12-31,2030-12-31,,7,7,302954.2604506318,
synthetic,drift,all,ave,27,42,gcc_wall_h0_l0_g0.25,gcc,"{""average"": ""volume"", ""decay"": 0.25, ""drop_high"": false, ""drop_low"": false, ""exclude"": [], ""exhausted_exclusions"": ""keep"", ""expected_loss_ratio"": null, ""history_periods"": null, ""horizon"": 96, ""method"": ""gcc"", ""unsupported_factor"": ""unity""}",2020-12-31,2030-12-31,77872.4683956577,7,7,77546.20839490592,
synthetic,drift,all,cdr,27,42,gcc_wall_h0_l0_g0.75,gcc,"{""average"": ""volume"", ""decay"": 0.75, ""drop_high"": false, ""drop_low"": false, ""exclude"": [], ""exhausted_exclusions"": ""keep"", ""expected_loss_ratio"": null, ""history_periods"": null, ""horizon"": 96, ""method"": ""gcc"", ""unsupported_factor"": ""unity""}",2020-12-31,2030-12-31,105790.13535440643,7,7,89568.3694789972,
synthetic,drift,all,basic_cl,27,42,basic_cl,cl,"{""average"": ""volume"", ""decay"": null, ""drop_high"": false, ""drop_low"": false, ""exclude"": [], ""exhausted_exclusions"": ""keep"", ""expected_loss_ratio"": null, ""history_periods"": null, ""horizon"": 96, ""method"": ""cl"", ""unsupported_factor"": ""unity""}",2020-12-31,2030-12-31,,7,7,168219.32531200632,
synthetic,drift,all,basic_bf,27,42,basic_bf,bf,"{""average"": ""volume"", ""decay"": null, ""drop_high"": false, ""drop_low"": false, ""exclude"": [], ""exhausted_exclusions"": ""keep"", ""expected_loss_ratio"": 0.6, ""history_periods"": null, ""horizon"": 96, ""method"": ""bf"", ""unsupported_factor"": ""unity""}",2020-12-31,2030-12-31,,7,7,399459.6519850211,
synthetic,drift,all,basic_gcc,27,42,basic_gcc,gcc,"{""average"": ""volume"", ""decay"": 0.75, ""drop_high"": false, ""drop_low"": false, ""exclude"": [], ""exhausted_exclusions"": ""keep"", ""expected_loss_ratio"": null, ""history_periods"": null, ""horizon"": 96, ""method"": ""gcc"", ""unsupported_factor"": ""unity""}",2020-12-31,2030-12-31,,7,7,89568.3694789972,
synthetic,drift,all,ave,28,42,gcc_wall_h0_l0_g0.75,gcc,"{""average"": ""volume"", ""decay"": 0.75, ""drop_high"": false, ""drop_low"": false, ""exclude"": [], ""exhausted_exclusions"": ""keep"", ""expected_loss_ratio"": null, ""history_periods"": null, ""horizon"": 96, ""method"": ""gcc"", ""unsupported_factor"": ""unity""}",2020-12-31,2030-12-31,73194.30244695596,7,7,341380.05686675245,
synthetic,drift,all,cdr,28,42,gcc_wall_h1_l0_g1.00,gcc,"{""average"": ""volume"", ""decay"": 1.0, ""drop_high"": true, ""drop_low"": false, ""exclude"": [], ""exhausted_exclusions"": ""keep"", ""expected_loss_ratio"": null, ""history_periods"": null, ""horizon"": 96, ""method"": ""gcc"", ""unsupported_factor"": ""unity""}",2020-12-31,2030-12-31,96290.41409281654,7,7,498631.8050388742,
synthetic,drift,all,basic_cl,28,42,basic_cl,cl,"{""average"": ""volume"", ""decay"": null, ""drop_high"": false, ""drop_low"": false, ""exclude"": [], ""exhausted_exclusions"": ""keep"", ""expected_loss_ratio"": null, ""history_periods"": null, ""horizon"": 96, ""method"": ""cl"", ""unsupported_factor"": ""unity""}",2020-12-31,2030-12-31,,7,7,165392.66544916973,
synthetic,drift,all,basic_bf,28,42,basic_bf,bf,"{""average"": ""volume"", ""decay"": null, ""drop_high"": false, ""drop_low"": false, ""exclude"": [], ""exhausted_exclusions"": ""keep"", ""expected_loss_ratio"": 0.6, ""history_periods"": null, ""horizon"": 96, ""method"": ""bf"", ""unsupported_factor"": ""unity""}",2020-12-31,2030-12-31,,7,7,598257.0946375518,
synthetic,drift,all,basic_gcc,28,42,basic_gcc,gcc,"{""average"": ""volume"", ""decay"": 0.75, ""drop_high"": false, ""drop_low"": false, ""exclude"": [], ""exhausted_exclusions"": ""keep"", ""expected_loss_ratio"": null, ""history_periods"": null, ""horizon"": 96, ""method"": ""gcc"", ""unsupported_factor"": ""unity""}",2020-12-31,2030-12-31,,7,7,341380.05686675245,
synthetic,drift,all,ave,29,42,gcc_w5_h1_l0_g0.25,gcc,"{""average"": ""volume"", ""decay"": 0.25, ""drop_high"": true, ""drop_low"": false, ""exclude"": [], ""exhausted_exclusions"": ""keep"", ""expected_loss_ratio"": null, ""history_periods"": 5, ""horizon"": 96, ""method"": ""gcc"", ""unsupported_factor"": ""unity""}",2020-12-31,2030-12-31,72514.39813706251,7,7,262127.5861664371,
synthetic,drift,all,cdr,29,42,gcc_w5_h1_l0_g0.75,gcc,"{""average"": ""volume"", ""decay"": 0.75, ""drop_high"": true, ""drop_low"": false, ""exclude"": [], ""exhausted_exclusions"": ""keep"", ""expected_loss_ratio"": null, ""history_periods"": 5, ""horizon"": 96, ""method"": ""gcc"", ""unsupported_factor"": ""unity""}",2020-12-31,2030-12-31,95283.43333314746,7,7,408683.2866839109,
synthetic,drift,all,basic_cl,29,42,basic_cl,cl,"{""average"": ""volume"", ""decay"": null, ""drop_high"": false, ""drop_low"": false, ""exclude"": [], ""exhausted_exclusions"": ""keep"", ""expected_loss_ratio"": null, ""history_periods"": null, ""horizon"": 96, ""method"": ""cl"", ""unsupported_factor"": ""unity""}",2020-12-31,2030-12-31,,7,7,452049.0499837807,
synthetic,drift,all,basic_bf,29,42,basic_bf,bf,"{""average"": ""volume"", ""decay"": null, ""drop_high"": false, ""drop_low"": false, ""exclude"": [], ""exhausted_exclusions"": ""keep"", ""expected_loss_ratio"": 0.6, ""history_periods"": null, ""horizon"": 96, ""method"": ""bf"", ""unsupported_factor"": ""unity""}",2020-12-31,2030-12-31,,7,7,710055.9590567218,
synthetic,drift,all,basic_gcc,29,42,basic_gcc,gcc,"{""average"": ""volume"", ""decay"": 0.75, ""drop_high"": false, ""drop_low"": false, ""exclude"": [], ""exhausted_exclusions"": ""keep"", ""expected_loss_ratio"": null, ""history_periods"": null, ""horizon"": 96, ""method"": ""gcc"", ""unsupported_factor"": ""unity""}",2020-12-31,2030-12-31,,7,7,321559.7853551501,
synthetic,shock,all,ave,0,42,gcc_wall_h0_l0_g1.00,gcc,"{""average"": ""volume"", ""decay"": 1.0, ""drop_high"": false, ""drop_low"": false, ""exclude"": [], ""exhausted_exclusions"": ""keep"", ""expected_loss_ratio"": null, ""history_periods"": null, ""horizon"": 96, ""method"": ""gcc"", ""unsupported_factor"": ""unity""}",2020-12-31,2030-12-31,37346.21986534803,7,7,160142.27135564125,
synthetic,shock,all,cdr,0,42,gcc_wall_h0_l0_g1.00,gcc,"{""average"": ""volume"", ""decay"": 1.0, ""drop_high"": false, ""drop_low"": false, ""exclude"": [], ""exhausted_exclusions"": ""keep"", ""expected_loss_ratio"": null, ""history_periods"": null, ""horizon"": 96, ""method"": ""gcc"", ""unsupported_factor"": ""unity""}",2020-12-31,2030-12-31,37794.75916180739,7,7,160142.27135564125,
synthetic,shock,all,basic_cl,0,42,basic_cl,cl,"{""average"": ""volume"", ""decay"": null, ""drop_high"": false, ""drop_low"": false, ""exclude"": [], ""exhausted_exclusions"": ""keep"", ""expected_loss_ratio"": null, ""history_periods"": null, ""horizon"": 96, ""method"": ""cl"", ""unsupported_factor"": ""unity""}",2020-12-31,2030-12-31,,7,7,170026.10037982228,
synthetic,shock,all,basic_bf,0,42,basic_bf,bf,"{""average"": ""volume"", ""decay"": null, ""drop_high"": false, ""drop_low"": false, ""exclude"": [], ""exhausted_exclusions"": ""keep"", ""expected_loss_ratio"": 0.6, ""history_periods"": null, ""horizon"": 96, ""method"": ""bf"", ""unsupported_factor"": ""unity""}",2020-12-31,2030-12-31,,7,7,212457.68140220735,
synthetic,shock,all,basic_gcc,0,42,basic_gcc,gcc,"{""average"": ""volume"", ""decay"": 0.75, ""drop_high"": false, ""drop_low"": false, ""exclude"": [], ""exhausted_exclusions"": ""keep"", ""expected_loss_ratio"": null, ""history_periods"": null, ""horizon"": 96, ""method"": ""gcc"", ""unsupported_factor"": ""unity""}",2020-12-31,2030-12-31,,7,7,167727.37996793332,
synthetic,shock,all,ave,1,42,gcc_wall_h1_l0_g0.75,gcc,"{""average"": ""volume"", ""decay"": 0.75, ""drop_high"": true, ""drop_low"": false, ""exclude"": [], ""exhausted_exclusions"": ""keep"", ""expected_loss_ratio"": null, ""history_periods"": null, ""horizon"": 96, ""method"": ""gcc"", ""unsupported_factor"": ""unity""}",2020-12-31,2030-12-31,32785.880989889134,7,7,311076.44013849524,
synthetic,shock,all,cdr,1,42,bf_w3_h0_l0_lr0.60,bf,"{""average"": ""volume"", ""decay"": null, ""drop_high"": false, ""drop_low"": false, ""exclude"": [], ""exhausted_exclusions"": ""keep"", ""expected_loss_ratio"": 0.6, ""history_periods"": 3, ""horizon"": 96, ""method"": ""bf"", ""unsupported_factor"": ""unity""}",2020-12-31,2030-12-31,34007.50300077286,7,7,336706.2407528582,
synthetic,shock,all,basic_cl,1,42,basic_cl,cl,"{""average"": ""volume"", ""decay"": null, ""drop_high"": false, ""drop_low"": false, ""exclude"": [], ""exhausted_exclusions"": ""keep"", ""expected_loss_ratio"": null, ""history_periods"": null, ""horizon"": 96, ""method"": ""cl"", ""unsupported_factor"": ""unity""}",2020-12-31,2030-12-31,,7,7,218587.67080097864,
synthetic,shock,all,basic_bf,1,42,basic_bf,bf,"{""average"": ""volume"", ""decay"": null, ""drop_high"": false, ""drop_low"": false, ""exclude"": [], ""exhausted_exclusions"": ""keep"", ""expected_loss_ratio"": 0.6, ""history_periods"": null, ""horizon"": 96, ""method"": ""bf"", ""unsupported_factor"": ""unity""}",2020-12-31,2030-12-31,,7,7,315277.27155158244,
synthetic,shock,all,basic_gcc,1,42,basic_gcc,gcc,"{""average"": ""volume"", ""decay"": 0.75, ""drop_high"": false, ""drop_low"": false, ""exclude"": [], ""exhausted_exclusions"": ""keep"", ""expected_loss_ratio"": null, ""history_periods"": null, ""horizon"": 96, ""method"": ""gcc"", ""unsupported_factor"": ""unity""}",2020-12-31,2030-12-31,,7,7,302141.7213175885,
synthetic,shock,all,ave,2,42,gcc_w5_h0_l0_g1.00,gcc,"{""average"": ""volume"", ""decay"": 1.0, ""drop_high"": false, ""drop_low"": false, ""exclude"": [], ""exhausted_exclusions"": ""keep"", ""expected_loss_ratio"": null, ""history_periods"": 5, ""horizon"": 96, ""method"": ""gcc"", ""unsupported_factor"": ""unity""}",2020-12-31,2030-12-31,51486.615262447216,7,7,110267.91360068138,
synthetic,shock,all,cdr,2,42,bf_wall_h0_l0_lr0.60,bf,"{""average"": ""volume"", ""decay"": null, ""drop_high"": false, ""drop_low"": false, ""exclude"": [], ""exhausted_exclusions"": ""keep"", ""expected_loss_ratio"": 0.6, ""history_periods"": null, ""horizon"": 96, ""method"": ""bf"", ""unsupported_factor"": ""unity""}",2020-12-31,2030-12-31,54566.7716897455,7,7,176512.22637420814,
synthetic,shock,all,basic_cl,2,42,basic_cl,cl,"{""average"": ""volume"", ""decay"": null, ""drop_high"": false, ""drop_low"": false, ""exclude"": [], ""exhausted_exclusions"": ""keep"", ""expected_loss_ratio"": null, ""history_periods"": null, ""horizon"": 96, ""method"": ""cl"", ""unsupported_factor"": ""unity""}",2020-12-31,2030-12-31,,7,7,199589.30581483082,
synthetic,shock,all,basic_bf,2,42,basic_bf,bf,"{""average"": ""volume"", ""decay"": null, ""drop_high"": false, ""drop_low"": false, ""exclude"": [], ""exhausted_exclusions"": ""keep"", ""expected_loss_ratio"": 0.6, ""history_periods"": null, ""horizon"": 96, ""method"": ""bf"", ""unsupported_factor"": ""unity""}",2020-12-31,2030-12-31,,7,7,176512.22637420814,
synthetic,shock,all,basic_gcc,2,42,basic_gcc,gcc,"{""average"": ""volume"", ""decay"": 0.75, ""drop_high"": false, ""drop_low"": false, ""exclude"": [], ""exhausted_exclusions"": ""keep"", ""expected_loss_ratio"": null, ""history_periods"": null, ""horizon"": 96, ""method"": ""gcc"", ""unsupported_factor"": ""unity""}",2020-12-31,2030-12-31,,7,7,102127.44495782955,
synthetic,shock,all,ave,3,42,gcc_w5_h0_l0_g0.75,gcc,"{""average"": ""volume"", ""decay"": 0.75, ""drop_high"": false, ""drop_low"": false, ""exclude"": [], ""exhausted_exclusions"": ""keep"", ""expected_loss_ratio"": null, ""history_periods"": 5, ""horizon"": 96, ""method"": ""gcc"", ""unsupported_factor"": ""unity""}",2020-12-31,2030-12-31,44986.129408201945,7,7,129432.29885820702,
synthetic,shock,all,cdr,3,42,bf_w5_h0_l0_lr0.60,bf,"{""average"": ""volume"", ""decay"": null, ""drop_high"": false, ""drop_low"": false, ""exclude"": [], ""exhausted_exclusions"": ""keep"", ""expected_loss_ratio"": 0.6, ""history_periods"": 5, ""horizon"": 96, ""method"": ""bf"", ""unsupported_factor"": ""unity""}",2020-12-31,2030-12-31,41522.285830016815,7,7,113244.39821931106,
synthetic,shock,all,basic_cl,3,42,basic_cl,cl,"{""average"": ""volume"", ""decay"": null, ""drop_high"": false, ""drop_low"": false, ""exclude"": [], ""exhausted_exclusions"": ""keep"", ""expected_loss_ratio"": null, ""history_periods"": null, ""horizon"": 96, ""method"": ""cl"", ""unsupported_factor"": ""unity""}",2020-12-31,2030-12-31,,7,7,143837.38854976915,
synthetic,shock,all,basic_bf,3,42,basic_bf,bf,"{""average"": ""volume"", ""decay"": null, ""drop_high"": false, ""drop_low"": false, ""exclude"": [], ""exhausted_exclusions"": ""keep"", ""expected_loss_ratio"": 0.6, ""history_periods"": null, ""horizon"": 96, ""method"": ""bf"", ""unsupported_factor"": ""unity""}",2020-12-31,2030-12-31,,7,7,122541.3184515386,
synthetic,shock,all,basic_gcc,3,42,basic_gcc,gcc,"{""average"": ""volume"", ""decay"": 0.75, ""drop_high"": false, ""drop_low"": false, ""exclude"": [], ""exhausted_exclusions"": ""keep"", ""expected_loss_ratio"": null, ""history_periods"": null, ""horizon"": 96, ""method"": ""gcc"", ""unsupported_factor"": ""unity""}",2020-12-31,2030-12-31,,7,7,144917.2770157585,
synthetic,shock,all,ave,4,42,gcc_w5_h0_l0_g0.75,gcc,"{""average"": ""volume"", ""decay"": 0.75, ""drop_high"": false, ""drop_low"": false, ""exclude"": [], ""exhausted_exclusions"": ""keep"", ""expected_loss_ratio"": null, ""history_periods"": 5, ""horizon"": 96, ""method"": ""gcc"", ""unsupported_factor"": ""unity""}",2020-12-31,2030-12-31,49602.18260761878,7,7,95486.35566109155,
synthetic,shock,all,cdr,4,42,bf_w5_h1_l0_lr0.60,bf,"{""average"": ""volume"", ""decay"": null, ""drop_high"": true, ""drop_low"": false, ""exclude"": [], ""exhausted_exclusions"": ""keep"", ""expected_loss_ratio"": 0.6, ""history_periods"": 5, ""horizon"": 96, ""method"": ""bf"", ""unsupported_factor"": ""unity""}",2020-12-31,2030-12-31,63928.51049756952,7,7,130317.1814016986,
synthetic,shock,all,basic_cl,4,42,basic_cl,cl,"{""average"": ""volume"", ""decay"": null, ""drop_high"": false, ""drop_low"": false, ""exclude"": [], ""exhausted_exclusions"": ""keep"", ""expected_loss_ratio"": null, ""history_periods"": null, ""horizon"": 96, ""method"": ""cl"", ""unsupported_factor"": ""unity""}",2020-12-31,2030-12-31,,7,7,145000.1375282964,
synthetic,shock,all,basic_bf,4,42,basic_bf,bf,"{""average"": ""volume"", ""decay"": null, ""drop_high"": false, ""drop_low"": false, ""exclude"": [], ""exhausted_exclusions"": ""keep"", ""expected_loss_ratio"": 0.6, ""history_periods"": null, ""horizon"": 96, ""method"": ""bf"", ""unsupported_factor"": ""unity""}",2020-12-31,2030-12-31,,7,7,112239.06474181841,
synthetic,shock,all,basic_gcc,4,42,basic_gcc,gcc,"{""average"": ""volume"", ""decay"": 0.75, ""drop_high"": false, ""drop_low"": false, ""exclude"": [], ""exhausted_exclusions"": ""keep"", ""expected_loss_ratio"": null, ""history_periods"": null, ""horizon"": 96, ""method"": ""gcc"", ""unsupported_factor"": ""unity""}",2020-12-31,2030-12-31,,7,7,90511.76583579674,
synthetic,shock,all,ave,5,42,gcc_wall_h0_l0_g1.00,gcc,"{""average"": ""volume"", ""decay"": 1.0, ""drop_high"": false, ""drop_low"": false, ""exclude"": [], ""exhausted_exclusions"": ""keep"", ""expected_loss_ratio"": null, ""history_periods"": null, ""horizon"": 96, ""method"": ""gcc"", ""unsupported_factor"": ""unity""}",2020-12-31,2030-12-31,40574.51301603687,7,7,133512.0660824061,
synthetic,shock,all,cdr,5,42,gcc_wall_h0_l0_g1.00,gcc,"{""average"": ""volume"", ""decay"": 1.0, ""drop_high"": false, ""drop_low"": false, ""exclude"": [], ""exhausted_exclusions"": ""keep"", ""expected_loss_ratio"": null, ""history_periods"": null, ""horizon"": 96, ""method"": ""gcc"", ""unsupported_factor"": ""unity""}",2020-12-31,2030-12-31,43141.04694497213,7,7,133512.0660824061,
synthetic,shock,all,basic_cl,5,42,basic_cl,cl,"{""average"": ""volume"", ""decay"": null, ""drop_high"": false, ""drop_low"": false, ""exclude"": [], ""exhausted_exclusions"": ""keep"", ""expected_loss_ratio"": null, ""history_periods"": null, ""horizon"": 96, ""method"": ""cl"", ""unsupported_factor"": ""unity""}",2020-12-31,2030-12-31,,7,7,195699.0511974103,
synthetic,shock,all,basic_bf,5,42,basic_bf,bf,"{""average"": ""volume"", ""decay"": null, ""drop_high"": false, ""drop_low"": false, ""exclude"": [], ""exhausted_exclusions"": ""keep"", ""expected_loss_ratio"": 0.6, ""history_periods"": null, ""horizon"": 96, ""method"": ""bf"", ""unsupported_factor"": ""unity""}",2020-12-31,2030-12-31,,7,7,159409.79900635133,
synthetic,shock,all,basic_gcc,5,42,basic_gcc,gcc,"{""average"": ""volume"", ""decay"": 0.75, ""drop_high"": false, ""drop_low"": false, ""exclude"": [], ""exhausted_exclusions"": ""keep"", ""expected_loss_ratio"": null, ""history_periods"": null, ""horizon"": 96, ""method"": ""gcc"", ""unsupported_factor"": ""unity""}",2020-12-31,2030-12-31,,7,7,129202.63349945983,
synthetic,shock,all,ave,6,42,gcc_wall_h0_l0_g1.00,gcc,"{""average"": ""volume"", ""decay"": 1.0, ""drop_high"": false, ""drop_low"": false, ""exclude"": [], ""exhausted_exclusions"": ""keep"", ""expected_loss_ratio"": null, ""history_periods"": null, ""horizon"": 96, ""method"": ""gcc"", ""unsupported_factor"": ""unity""}",2020-12-31,2030-12-31,38449.994788291224,7,7,233777.00482746048,
synthetic,shock,all,cdr,6,42,gcc_wall_h0_l0_g1.00,gcc,"{""average"": ""volume"", ""decay"": 1.0, ""drop_high"": false, ""drop_low"": false, ""exclude"": [], ""exhausted_exclusions"": ""keep"", ""expected_loss_ratio"": null, ""history_periods"": null, ""horizon"": 96, ""method"": ""gcc"", ""unsupported_factor"": ""unity""}",2020-12-31,2030-12-31,39403.17656253064,7,7,233777.00482746048,
synthetic,shock,all,basic_cl,6,42,basic_cl,cl,"{""average"": ""volume"", ""decay"": null, ""drop_high"": false, ""drop_low"": false, ""exclude"": [], ""exhausted_exclusions"": ""keep"", ""expected_loss_ratio"": null, ""history_periods"": null, ""horizon"": 96, ""method"": ""cl"", ""unsupported_factor"": ""unity""}",2020-12-31,2030-12-31,,7,7,318969.09181948676,
synthetic,shock,all,basic_bf,6,42,basic_bf,bf,"{""average"": ""volume"", ""decay"": null, ""drop_high"": false, ""drop_low"": false, ""exclude"": [], ""exhausted_exclusions"": ""keep"", ""expected_loss_ratio"": 0.6, ""history_periods"": null, ""horizon"": 96, ""method"": ""bf"", ""unsupported_factor"": ""unity""}",2020-12-31,2030-12-31,,7,7,262016.16348343372,
synthetic,shock,all,basic_gcc,6,42,basic_gcc,gcc,"{""average"": ""volume"", ""decay"": 0.75, ""drop_high"": false, ""drop_low"": false, ""exclude"": [], ""exhausted_exclusions"": ""keep"", ""expected_loss_ratio"": null, ""history_periods"": null, ""horizon"": 96, ""method"": ""gcc"", ""unsupported_factor"": ""unity""}",2020-12-31,2030-12-31,,7,7,235350.665799045,
synthetic,shock,all,ave,7,42,gcc_wall_h0_l0_g0.25,gcc,"{""average"": ""volume"", ""decay"": 0.25, ""drop_high"": false, ""drop_low"": false, ""exclude"": [], ""exhausted_exclusions"": ""keep"", ""expected_loss_ratio"": null, ""history_periods"": null, ""horizon"": 96, ""method"": ""gcc"", ""unsupported_factor"": ""unity""}",2020-12-31,2030-12-31,28859.775425152282,7,7,161558.88692782485,
synthetic,shock,all,cdr,7,42,bf_wall_h0_l0_lr0.50,bf,"{""average"": ""volume"", ""decay"": null, ""drop_high"": false, ""drop_low"": false, ""exclude"": [], ""exhausted_exclusions"": ""keep"", ""expected_loss_ratio"": 0.5, ""history_periods"": null, ""horizon"": 96, ""method"": ""bf"", ""unsupported_factor"": ""unity""}",2020-12-31,2030-12-31,30974.850034324034,7,7,175886.31477236876,
synthetic,shock,all,basic_cl,7,42,basic_cl,cl,"{""average"": ""volume"", ""decay"": null, ""drop_high"": false, ""drop_low"": false, ""exclude"": [], ""exhausted_exclusions"": ""keep"", ""expected_loss_ratio"": null, ""history_periods"": null, ""horizon"": 96, ""method"": ""cl"", ""unsupported_factor"": ""unity""}",2020-12-31,2030-12-31,,7,7,161863.8521983524,
synthetic,shock,all,basic_bf,7,42,basic_bf,bf,"{""average"": ""volume"", ""decay"": null, ""drop_high"": false, ""drop_low"": false, ""exclude"": [], ""exhausted_exclusions"": ""keep"", ""expected_loss_ratio"": 0.6, ""history_periods"": null, ""horizon"": 96, ""method"": ""bf"", ""unsupported_factor"": ""unity""}",2020-12-31,2030-12-31,,7,7,137613.69223536467,
synthetic,shock,all,basic_gcc,7,42,basic_gcc,gcc,"{""average"": ""volume"", ""decay"": 0.75, ""drop_high"": false, ""drop_low"": false, ""exclude"": [], ""exhausted_exclusions"": ""keep"", ""expected_loss_ratio"": null, ""history_periods"": null, ""horizon"": 96, ""method"": ""gcc"", ""unsupported_factor"": ""unity""}",2020-12-31,2030-12-31,,7,7,157701.5180037154,
synthetic,shock,all,ave,8,42,gcc_wall_h0_l0_g0.75,gcc,"{""average"": ""volume"", ""decay"": 0.75, ""drop_high"": false, ""drop_low"": false, ""exclude"": [], ""exhausted_exclusions"": ""keep"", ""expected_loss_ratio"": null, ""history_periods"": null, ""horizon"": 96, ""method"": ""gcc"", ""unsupported_factor"": ""unity""}",2020-12-31,2030-12-31,48387.95159785113,7,7,192807.66769301728,
synthetic,shock,all,cdr,8,42,bf_wall_h0_l0_lr0.60,bf,"{""average"": ""volume"", ""decay"": null, ""drop_high"": false, ""drop_low"": false, ""exclude"": [], ""exhausted_exclusions"": ""keep"", ""expected_loss_ratio"": 0.6, ""history_periods"": null, ""horizon"": 96, ""method"": ""bf"", ""unsupported_factor"": ""unity""}",2020-12-31,2030-12-31,52643.93111874316,7,7,240405.4777652768,
synthetic,shock,all,basic_cl,8,42,basic_cl,cl,"{""average"": ""volume"", ""decay"": null, ""drop_high"": false, ""drop_low"": false, ""exclude"": [], ""exhausted_exclusions"": ""keep"", ""expected_loss_ratio"": null, ""history_periods"": null, ""horizon"": 96, ""method"": ""cl"", ""unsupported_factor"": ""unity""}",2020-12-31,2030-12-31,,7,7,122702.46043872672,
synthetic,shock,all,basic_bf,8,42,basic_bf,bf,"{""average"": ""volume"", ""decay"": null, ""drop_high"": false, ""drop_low"": false, ""exclude"": [], ""exhausted_exclusions"": ""keep"", ""expected_loss_ratio"": 0.6, ""history_periods"": null, ""horizon"": 96, ""method"": ""bf"", ""unsupported_factor"": ""unity""}",2020-12-31,2030-12-31,,7,7,240405.4777652768,
synthetic,shock,all,basic_gcc,8,42,basic_gcc,gcc,"{""average"": ""volume"", ""decay"": 0.75, ""drop_high"": false, ""drop_low"": false, ""exclude"": [], ""exhausted_exclusions"": ""keep"", ""expected_loss_ratio"": null, ""history_periods"": null, ""horizon"": 96, ""method"": ""gcc"", ""unsupported_factor"": ""unity""}",2020-12-31,2030-12-31,,7,7,192807.66769301728,
synthetic,shock,all,ave,9,42,bf_wall_h1_l0_lr0.50,bf,"{""average"": ""volume"", ""decay"": null, ""drop_high"": true, ""drop_low"": false, ""exclude"": [], ""exhausted_exclusions"": ""keep"", ""expected_loss_ratio"": 0.5, ""history_periods"": null, ""horizon"": 96, ""method"": ""bf"", ""unsupported_factor"": ""unity""}",2020-12-31,2030-12-31,53983.2734388647,7,7,247270.36072979786,
synthetic,shock,all,cdr,9,42,bf_wall_h0_l0_lr0.50,bf,"{""average"": ""volume"", ""decay"": null, ""drop_high"": false, ""drop_low"": false, ""exclude"": [], ""exhausted_exclusions"": ""keep"", ""expected_loss_ratio"": 0.5, ""history_periods"": null, ""horizon"": 96, ""method"": ""bf"", ""unsupported_factor"": ""unity""}",2020-12-31,2030-12-31,54398.6197103587,7,7,242022.39332868275,
synthetic,shock,all,basic_cl,9,42,basic_cl,cl,"{""average"": ""volume"", ""decay"": null, ""drop_high"": false, ""drop_low"": false, ""exclude"": [], ""exhausted_exclusions"": ""keep"", ""expected_loss_ratio"": null, ""history_periods"": null, ""horizon"": 96, ""method"": ""cl"", ""unsupported_factor"": ""unity""}",2020-12-31,2030-12-31,,7,7,270039.9546713758,
synthetic,shock,all,basic_bf,9,42,basic_bf,bf,"{""average"": ""volume"", ""decay"": null, ""drop_high"": false, ""drop_low"": false, ""exclude"": [], ""exhausted_exclusions"": ""keep"", ""expected_loss_ratio"": 0.6, ""history_periods"": null, ""horizon"": 96, ""method"": ""bf"", ""unsupported_factor"": ""unity""}",2020-12-31,2030-12-31,,7,7,172629.7891066556,
synthetic,shock,all,basic_gcc,9,42,basic_gcc,gcc,"{""average"": ""volume"", ""decay"": 0.75, ""drop_high"": false, ""drop_low"": false, ""exclude"": [], ""exhausted_exclusions"": ""keep"", ""expected_loss_ratio"": null, ""history_periods"": null, ""horizon"": 96, ""method"": ""gcc"", ""unsupported_factor"": ""unity""}",2020-12-31,2030-12-31,,7,7,221937.60845117984,
synthetic,shock,all,ave,10,42,gcc_wall_h1_l0_g1.00,gcc,"{""average"": ""volume"", ""decay"": 1.0, ""drop_high"": true, ""drop_low"": false, ""exclude"": [], ""exhausted_exclusions"": ""keep"", ""expected_loss_ratio"": null, ""history_periods"": null, ""horizon"": 96, ""method"": ""gcc"", ""unsupported_factor"": ""unity""}",2020-12-31,2030-12-31,36257.78250610769,7,7,85811.70813580272,
synthetic,shock,all,cdr,10,42,gcc_wall_h0_l0_g1.00,gcc,"{""average"": ""volume"", ""decay"": 1.0, ""drop_high"": false, ""drop_low"": false, ""exclude"": [], ""exhausted_exclusions"": ""keep"", ""expected_loss_ratio"": null, ""history_periods"": null, ""horizon"": 96, ""method"": ""gcc"", ""unsupported_factor"": ""unity""}",2020-12-31,2030-12-31,37881.20031570211,7,7,75213.57777531528,
synthetic,shock,all,basic_cl,10,42,basic_cl,cl,"{""average"": ""volume"", ""decay"": null, ""drop_high"": false, ""drop_low"": false, ""exclude"": [], ""exhausted_exclusions"": ""keep"", ""expected_loss_ratio"": null, ""history_periods"": null, ""horizon"": 96, ""method"": ""cl"", ""unsupported_factor"": ""unity""}",2020-12-31,2030-12-31,,7,7,128153.19560260762,
synthetic,shock,all,basic_bf,10,42,basic_bf,bf,"{""average"": ""volume"", ""decay"": null, ""drop_high"": false, ""drop_low"": false, ""exclude"": [], ""exhausted_exclusions"": ""keep"", ""expected_loss_ratio"": 0.6, ""history_periods"": null, ""horizon"": 96, ""method"": ""bf"", ""unsupported_factor"": ""unity""}",2020-12-31,2030-12-31,,7,7,115562.36567810364,
synthetic,shock,all,basic_gcc,10,42,basic_gcc,gcc,"{""average"": ""volume"", ""decay"": 0.75, ""drop_high"": false, ""drop_low"": false, ""exclude"": [], ""exhausted_exclusions"": ""keep"", ""expected_loss_ratio"": null, ""history_periods"": null, ""horizon"": 96, ""method"": ""gcc"", ""unsupported_factor"": ""unity""}",2020-12-31,2030-12-31,,7,7,78434.46750702425,
synthetic,shock,all,ave,11,42,gcc_wall_h0_l0_g0.75,gcc,"{""average"": ""volume"", ""decay"": 0.75, ""drop_high"": false, ""drop_low"": false, ""exclude"": [], ""exhausted_exclusions"": ""keep"", ""expected_loss_ratio"": null, ""history_periods"": null, ""horizon"": 96, ""method"": ""gcc"", ""unsupported_factor"": ""unity""}",2020-12-31,2030-12-31,42635.48707213631,7,7,144002.65583891512,
synthetic,shock,all,cdr,11,42,bf_w5_h0_l0_lr0.60,bf,"{""average"": ""volume"", ""decay"": null, ""drop_high"": false, ""drop_low"": false, ""exclude"": [], ""exhausted_exclusions"": ""keep"", ""expected_loss_ratio"": 0.6, ""history_periods"": 5, ""horizon"": 96, ""method"": ""bf"", ""unsupported_factor"": ""unity""}",2020-12-31,2030-12-31,43839.044745562154,7,7,165982.10134145184,
synthetic,shock,all,basic_cl,11,42,basic_cl,cl,"{""average"": ""volume"", ""decay"": null, ""drop_high"": false, ""drop_low"": false, ""exclude"": [], ""exhausted_exclusions"": ""keep"", ""expected_loss_ratio"": null, ""history_periods"": null, ""horizon"": 96, ""method"": ""cl"", ""unsupported_factor"": ""unity""}",2020-12-31,2030-12-31,,7,7,194174.70680799024,
synthetic,shock,all,basic_bf,11,42,basic_bf,bf,"{""average"": ""volume"", ""decay"": null, ""drop_high"": false, ""drop_low"": false, ""exclude"": [], ""exhausted_exclusions"": ""keep"", ""expected_loss_ratio"": 0.6, ""history_periods"": null, ""horizon"": 96, ""method"": ""bf"", ""unsupported_factor"": ""unity""}",2020-12-31,2030-12-31,,7,7,157966.85035145364,
synthetic,shock,all,basic_gcc,11,42,basic_gcc,gcc,"{""average"": ""volume"", ""decay"": 0.75, ""drop_high"": false, ""drop_low"": false, ""exclude"": [], ""exhausted_exclusions"": ""keep"", ""expected_loss_ratio"": null, ""history_periods"": null, ""horizon"": 96, ""method"": ""gcc"", ""unsupported_factor"": ""unity""}",2020-12-31,2030-12-31,,7,7,144002.65583891512,
synthetic,shock,all,ave,12,42,gcc_wall_h0_l0_g0.75,gcc,"{""average"": ""volume"", ""decay"": 0.75, ""drop_high"": false, ""drop_low"": false, ""exclude"": [], ""exhausted_exclusions"": ""keep"", ""expected_loss_ratio"": null, ""history_periods"": null, ""horizon"": 96, ""method"": ""gcc"", ""unsupported_factor"": ""unity""}",2020-12-31,2030-12-31,58204.63203984107,7,7,303433.8724332492,
synthetic,shock,all,cdr,12,42,gcc_wall_h0_l0_g1.00,gcc,"{""average"": ""volume"", ""decay"": 1.0, ""drop_high"": false, ""drop_low"": false, ""exclude"": [], ""exhausted_exclusions"": ""keep"", ""expected_loss_ratio"": null, ""history_periods"": null, ""horizon"": 96, ""method"": ""gcc"", ""unsupported_factor"": ""unity""}",2020-12-31,2030-12-31,64227.81509495974,7,7,315885.6118675892,
synthetic,shock,all,basic_cl,12,42,basic_cl,cl,"{""average"": ""volume"", ""decay"": null, ""drop_high"": false, ""drop_low"": false, ""exclude"": [], ""exhausted_exclusions"": ""keep"", ""expected_loss_ratio"": null, ""history_periods"": null, ""horizon"": 96, ""method"": ""cl"", ""unsupported_factor"": ""unity""}",2020-12-31,2030-12-31,,7,7,256509.32169602063,
synthetic,shock,all,basic_bf,12,42,basic_bf,bf,"{""average"": ""volume"", ""decay"": null, ""drop_high"": false, ""drop_low"": false, ""exclude"": [], ""exhausted_exclusions"": ""keep"", ""expected_loss_ratio"": 0.6, ""history_periods"": null, ""horizon"": 96, ""method"": ""bf"", ""unsupported_factor"": ""unity""}",2020-12-31,2030-12-31,,7,7,349673.915729335,
synthetic,shock,all,basic_gcc,12,42,basic_gcc,gcc,"{""average"": ""volume"", ""decay"": 0.75, ""drop_high"": false, ""drop_low"": false, ""exclude"": [], ""exhausted_exclusions"": ""keep"", ""expected_loss_ratio"": null, ""history_periods"": null, ""horizon"": 96, ""method"": ""gcc"", ""unsupported_factor"": ""unity""}",2020-12-31,2030-12-31,,7,7,303433.8724332492,
synthetic,shock,all,ave,13,42,gcc_w5_h0_l0_g0.75,gcc,"{""average"": ""volume"", ""decay"": 0.75, ""drop_high"": false, ""drop_low"": false, ""exclude"": [], ""exhausted_exclusions"": ""keep"", ""expected_loss_ratio"": null, ""history_periods"": 5, ""horizon"": 96, ""method"": ""gcc"", ""unsupported_factor"": ""unity""}",2020-12-31,2030-12-31,57585.0653661361,7,7,284628.4370326385,
synthetic,shock,all,cdr,13,42,gcc_w3_h0_l0_g1.00,gcc,"{""average"": ""volume"", ""decay"": 1.0, ""drop_high"": false, ""drop_low"": false, ""exclude"": [], ""exhausted_exclusions"": ""keep"", ""expected_loss_ratio"": null, ""history_periods"": 3, ""horizon"": 96, ""method"": ""gcc"", ""unsupported_factor"": ""unity""}",2020-12-31,2030-12-31,63834.62522186458,7,7,355595.7863649758,
synthetic,shock,all,basic_cl,13,42,basic_cl,cl,"{""average"": ""volume"", ""decay"": null, ""drop_high"": false, ""drop_low"": false, ""exclude"": [], ""exhausted_exclusions"": ""keep"", ""expected_loss_ratio"": null, ""history_periods"": null, ""horizon"": 96, ""method"": ""cl"", ""unsupported_factor"": ""unity""}",2020-12-31,2030-12-31,,7,7,307585.49921180995,
synthetic,shock,all,basic_bf,13,42,basic_bf,bf,"{""average"": ""volume"", ""decay"": null, ""drop_high"": false, ""drop_low"": false, ""exclude"": [], ""exhausted_exclusions"": ""keep"", ""expected_loss_ratio"": 0.6, ""history_periods"": null, ""horizon"": 96, ""method"": ""bf"", ""unsupported_factor"": ""unity""}",2020-12-31,2030-12-31,,7,7,398555.24636650574,
synthetic,shock,all,basic_gcc,13,42,basic_gcc,gcc,"{""average"": ""volume"", ""decay"": 0.75, ""drop_high"": false, ""drop_low"": false, ""exclude"": [], ""exhausted_exclusions"": ""keep"", ""expected_loss_ratio"": null, ""history_periods"": null, ""horizon"": 96, ""method"": ""gcc"", ""unsupported_factor"": ""unity""}",2020-12-31,2030-12-31,,7,7,270421.10601696634,
synthetic,shock,all,ave,14,42,gcc_w3_h0_l0_g0.75,gcc,"{""average"": ""volume"", ""decay"": 0.75, ""drop_high"": false, ""drop_low"": false, ""exclude"": [], ""exhausted_exclusions"": ""keep"", ""expected_loss_ratio"": null, ""history_periods"": 3, ""horizon"": 96, ""method"": ""gcc"", ""unsupported_factor"": ""unity""}",2020-12-31,2030-12-31,51096.79809125694,7,7,151261.00779904443,
synthetic,shock,all,cdr,14,42,gcc_w3_h0_l0_g1.00,gcc,"{""average"": ""volume"", ""decay"": 1.0, ""drop_high"": false, ""drop_low"": false, ""exclude"": [], ""exhausted_exclusions"": ""keep"", ""expected_loss_ratio"": null, ""history_periods"": 3, ""horizon"": 96, ""method"": ""gcc"", ""unsupported_factor"": ""unity""}",2020-12-31,2030-12-31,62783.80207614603,7,7,182562.24651180903,
synthetic,shock,all,basic_cl,14,42,basic_cl,cl,"{""average"": ""volume"", ""decay"": null, ""drop_high"": false, ""drop_low"": false, ""exclude"": [], ""exhausted_exclusions"": ""keep"", ""expected_loss_ratio"": null, ""history_periods"": null, ""horizon"": 96, ""method"": ""cl"", ""unsupported_factor"": ""unity""}",2020-12-31,2030-12-31,,7,7,108285.97825742695,
synthetic,shock,all,basic_bf,14,42,basic_bf,bf,"{""average"": ""volume"", ""decay"": null, ""drop_high"": false, ""drop_low"": false, ""exclude"": [], ""exhausted_exclusions"": ""keep"", ""expected_loss_ratio"": 0.6, ""history_periods"": null, ""horizon"": 96, ""method"": ""bf"", ""unsupported_factor"": ""unity""}",2020-12-31,2030-12-31,,7,7,266692.0802267596,
synthetic,shock,all,basic_gcc,14,42,basic_gcc,gcc,"{""average"": ""volume"", ""decay"": 0.75, ""drop_high"": false, ""drop_low"": false, ""exclude"": [], ""exhausted_exclusions"": ""keep"", ""expected_loss_ratio"": null, ""history_periods"": null, ""horizon"": 96, ""method"": ""gcc"", ""unsupported_factor"": ""unity""}",2020-12-31,2030-12-31,,7,7,163459.87458697407,
synthetic,shock,all,ave,15,42,gcc_w3_h0_l0_g1.00,gcc,"{""average"": ""volume"", ""decay"": 1.0, ""drop_high"": false, ""drop_low"": false, ""exclude"": [], ""exhausted_exclusions"": ""keep"", ""expected_loss_ratio"": null, ""history_periods"": 3, ""horizon"": 96, ""method"": ""gcc"", ""unsupported_factor"": ""unity""}",2020-12-31,2030-12-31,48590.632670460196,7,7,168490.38418473196,
synthetic,shock,all,cdr,15,42,bf_w3_h0_l0_lr0.60,bf,"{""average"": ""volume"", ""decay"": null, ""drop_high"": false, ""drop_low"": false, ""exclude"": [], ""exhausted_exclusions"": ""keep"", ""expected_loss_ratio"": 0.6, ""history_periods"": 3, ""horizon"": 96, ""method"": ""bf"", ""unsupported_factor"": ""unity""}",2020-12-31,2030-12-31,49090.632930692205,7,7,194160.5532535885,
synthetic,shock,all,basic_cl,15,42,basic_cl,cl,"{""average"": ""volume"", ""decay"": null, ""drop_high"": false, ""drop_low"": false, ""exclude"": [], ""exhausted_exclusions"": ""keep"", ""expected_loss_ratio"": null, ""history_periods"": null, ""horizon"": 96, ""method"": ""cl"", ""unsupported_factor"": ""unity""}",2020-12-31,2030-12-31,,7,7,198281.21121551545,
synthetic,shock,all,basic_bf,15,42,basic_bf,bf,"{""average"": ""volume"", ""decay"": null, ""drop_high"": false, ""drop_low"": false, ""exclude"": [], ""exhausted_exclusions"": ""keep"", ""expected_loss_ratio"": 0.6, ""history_periods"": null, ""horizon"": 96, ""method"": ""bf"", ""unsupported_factor"": ""unity""}",2020-12-31,2030-12-31,,7,7,189435.03828135706,
synthetic,shock,all,basic_gcc,15,42,basic_gcc,gcc,"{""average"": ""volume"", ""decay"": 0.75, ""drop_high"": false, ""drop_low"": false, ""exclude"": [], ""exhausted_exclusions"": ""keep"", ""expected_loss_ratio"": null, ""history_periods"": null, ""horizon"": 96, ""method"": ""gcc"", ""unsupported_factor"": ""unity""}",2020-12-31,2030-12-31,,7,7,164717.90761717135,
synthetic,shock,all,ave,16,42,gcc_wall_h0_l0_g0.75,gcc,"{""average"": ""volume"", ""decay"": 0.75, ""drop_high"": false, ""drop_low"": false, ""exclude"": [], ""exhausted_exclusions"": ""keep"", ""expected_loss_ratio"": null, ""history_periods"": null, ""horizon"": 96, ""method"": ""gcc"", ""unsupported_factor"": ""unity""}",2020-12-31,2030-12-31,36979.57123764006,7,7,82735.838053208,
synthetic,shock,all,cdr,16,42,bf_wall_h1_l0_lr0.60,bf,"{""average"": ""volume"", ""decay"": null, ""drop_high"": true, ""drop_low"": false, ""exclude"": [], ""exhausted_exclusions"": ""keep"", ""expected_loss_ratio"": 0.6, ""history_periods"": null, ""horizon"": 96, ""method"": ""bf"", ""unsupported_factor"": ""unity""}",2020-12-31,2030-12-31,38113.833843769375,7,7,70694.6321954349,
synthetic,shock,all,basic_cl,16,42,basic_cl,cl,"{""average"": ""volume"", ""decay"": null, ""drop_high"": false, ""drop_low"": false, ""exclude"": [], ""exhausted_exclusions"": ""keep"", ""expected_loss_ratio"": null, ""history_periods"": null, ""horizon"": 96, ""method"": ""cl"", ""unsupported_factor"": ""unity""}",2020-12-31,2030-12-31,,7,7,101077.62757644783,
synthetic,shock,all,basic_bf,16,42,basic_bf,bf,"{""average"": ""volume"", ""decay"": null, ""drop_high"": false, ""drop_low"": false, ""exclude"": [], ""exhausted_exclusions"": ""keep"", ""expected_loss_ratio"": 0.6, ""history_periods"": null, ""horizon"": 96, ""method"": ""bf"", ""unsupported_factor"": ""unity""}",2020-12-31,2030-12-31,,7,7,65888.03738328007,
synthetic,shock,all,basic_gcc,16,42,basic_gcc,gcc,"{""average"": ""volume"", ""decay"": 0.75, ""drop_high"": false, ""drop_low"": false, ""exclude"": [], ""exhausted_exclusions"": ""keep"", ""expected_loss_ratio"": null, ""history_periods"": null, ""horizon"": 96, ""method"": ""gcc"", ""unsupported_factor"": ""unity""}",2020-12-31,2030-12-31,,7,7,82735.838053208,
synthetic,shock,all,ave,17,42,gcc_wall_h0_l0_g1.00,gcc,"{""average"": ""volume"", ""decay"": 1.0, ""drop_high"": false, ""drop_low"": false, ""exclude"": [], ""exhausted_exclusions"": ""keep"", ""expected_loss_ratio"": null, ""history_periods"": null, ""horizon"": 96, ""method"": ""gcc"", ""unsupported_factor"": ""unity""}",2020-12-31,2030-12-31,49690.38164746677,7,7,183906.1124806649,
synthetic,shock,all,cdr,17,42,bf_wall_h0_l0_lr0.60,bf,"{""average"": ""volume"", ""decay"": null, ""drop_high"": false, ""drop_low"": false, ""exclude"": [], ""exhausted_exclusions"": ""keep"", ""expected_loss_ratio"": 0.6, ""history_periods"": null, ""horizon"": 96, ""method"": ""bf"", ""unsupported_factor"": ""unity""}",2020-12-31,2030-12-31,54954.65883912491,7,7,243351.38962919835,
synthetic,shock,all,basic_cl,17,42,basic_cl,cl,"{""average"": ""volume"", ""decay"": null, ""drop_high"": false, ""drop_low"": false, ""exclude"": [], ""exhausted_exclusions"": ""keep"", ""expected_loss_ratio"": null, ""history_periods"": null, ""horizon"": 96, ""method"": ""cl"", ""unsupported_factor"": ""unity""}",2020-12-31,2030-12-31,,7,7,214549.183001895,
synthetic,shock,all,basic_bf,17,42,basic_bf,bf,"{""average"": ""volume"", ""decay"": null, ""drop_high"": false, ""drop_low"": false, ""exclude"": [], ""exhausted_exclusions"": ""keep"", ""expected_loss_ratio"": 0.6, ""history_periods"": null, ""horizon"": 96, ""method"": ""bf"", ""unsupported_factor"": ""unity""}",2020-12-31,2030-12-31,,7,7,243351.38962919835,
synthetic,shock,all,basic_gcc,17,42,basic_gcc,gcc,"{""average"": ""volume"", ""decay"": 0.75, ""drop_high"": false, ""drop_low"": false, ""exclude"": [], ""exhausted_exclusions"": ""keep"", ""expected_loss_ratio"": null, ""history_periods"": null, ""horizon"": 96, ""method"": ""gcc"", ""unsupported_factor"": ""unity""}",2020-12-31,2030-12-31,,7,7,192819.83330801228,
synthetic,shock,all,ave,18,42,bf_w3_h0_l0_lr0.60,bf,"{""average"": ""volume"", ""decay"": null, ""drop_high"": false, ""drop_low"": false, ""exclude"": [], ""exhausted_exclusions"": ""keep"", ""expected_loss_ratio"": 0.6, ""history_periods"": 3, ""horizon"": 96, ""method"": ""bf"", ""unsupported_factor"": ""unity""}",2020-12-31,2030-12-31,36809.56508223995,7,7,342130.0665632192,
synthetic,shock,all,cdr,18,42,bf_wall_h0_l0_lr0.60,bf,"{""average"": ""volume"", ""decay"": null, ""drop_high"": false, ""drop_low"": false, ""exclude"": [], ""exhausted_exclusions"": ""keep"", ""expected_loss_ratio"": 0.6, ""history_periods"": null, ""horizon"": 96, ""method"": ""bf"", ""unsupported_factor"": ""unity""}",2020-12-31,2030-12-31,38571.79763353217,7,7,354406.59986811806,
synthetic,shock,all,basic_cl,18,42,basic_cl,cl,"{""average"": ""volume"", ""decay"": null, ""drop_high"": false, ""drop_low"": false, ""exclude"": [], ""exhausted_exclusions"": ""keep"", ""expected_loss_ratio"": null, ""history_periods"": null, ""horizon"": 96, ""method"": ""cl"", ""unsupported_factor"": ""unity""}",2020-12-31,2030-12-31,,7,7,272929.5527658274,
synthetic,shock,all,basic_bf,18,42,basic_bf,bf,"{""average"": ""volume"", ""decay"": null, ""drop_high"": false, ""drop_low"": false, ""exclude"": [], ""exhausted_exclusions"": ""keep"", ""expected_loss_ratio"": 0.6, ""history_periods"": null, ""horizon"": 96, ""method"": ""bf"", ""unsupported_factor"": ""unity""}",2020-12-31,2030-12-31,,7,7,354406.59986811806,
synthetic,shock,all,basic_gcc,18,42,basic_gcc,gcc,"{""average"": ""volume"", ""decay"": 0.75, ""drop_high"": false, ""drop_low"": false, ""exclude"": [], ""exhausted_exclusions"": ""keep"", ""expected_loss_ratio"": null, ""history_periods"": null, ""horizon"": 96, ""method"": ""gcc"", ""unsupported_factor"": ""unity""}",2020-12-31,2030-12-31,,7,7,358765.9037565657,
synthetic,shock,all,ave,19,42,gcc_wall_h1_l0_g1.00,gcc,"{""average"": ""volume"", ""decay"": 1.0, ""drop_high"": true, ""drop_low"": false, ""exclude"": [], ""exhausted_exclusions"": ""keep"", ""expected_loss_ratio"": null, ""history_periods"": null, ""horizon"": 96, ""method"": ""gcc"", ""unsupported_factor"": ""unity""}",2020-12-31,2030-12-31,43676.78634698555,7,7,199857.28188571637,
synthetic,shock,all,cdr,19,42,gcc_wall_h1_l0_g1.00,gcc,"{""average"": ""volume"", ""decay"": 1.0, ""drop_high"": true, ""drop_low"": false, ""exclude"": [], ""exhausted_exclusions"": ""keep"", ""expected_loss_ratio"": null, ""history_periods"": null, ""horizon"": 96, ""method"": ""gcc"", ""unsupported_factor"": ""unity""}",2020-12-31,2030-12-31,45372.37597350678,7,7,199857.28188571637,
synthetic,shock,all,basic_cl,19,42,basic_cl,cl,"{""average"": ""volume"", ""decay"": null, ""drop_high"": false, ""drop_low"": false, ""exclude"": [], ""exhausted_exclusions"": ""keep"", ""expected_loss_ratio"": null, ""history_periods"": null, ""horizon"": 96, ""method"": ""cl"", ""unsupported_factor"": ""unity""}",2020-12-31,2030-12-31,,7,7,309464.60284864885,
synthetic,shock,all,basic_bf,19,42,basic_bf,bf,"{""average"": ""volume"", ""decay"": null, ""drop_high"": false, ""drop_low"": false, ""exclude"": [], ""exhausted_exclusions"": ""keep"", ""expected_loss_ratio"": 0.6, ""history_periods"": null, ""horizon"": 96, ""method"": ""bf"", ""unsupported_factor"": ""unity""}",2020-12-31,2030-12-31,,7,7,221052.61534356998,
synthetic,shock,all,basic_gcc,19,42,basic_gcc,gcc,"{""average"": ""volume"", ""decay"": 0.75, ""drop_high"": false, ""drop_low"": false, ""exclude"": [], ""exhausted_exclusions"": ""keep"", ""expected_loss_ratio"": null, ""history_periods"": null, ""horizon"": 96, ""method"": ""gcc"", ""unsupported_factor"": ""unity""}",2020-12-31,2030-12-31,,7,7,210209.9534659246,
synthetic,shock,all,ave,20,42,gcc_w5_h0_l0_g1.00,gcc,"{""average"": ""volume"", ""decay"": 1.0, ""drop_high"": false, ""drop_low"": false, ""exclude"": [], ""exhausted_exclusions"": ""keep"", ""expected_loss_ratio"": null, ""history_periods"": 5, ""horizon"": 96, ""method"": ""gcc"", ""unsupported_factor"": ""unity""}",2020-12-31,2030-12-31,38647.8861953268,7,7,130137.17131558794,
synthetic,shock,all,cdr,20,42,gcc_wall_h0_l0_g1.00,gcc,"{""average"": ""volume"", ""decay"": 1.0, ""drop_high"": false, ""drop_low"": false, ""exclude"": [], ""exhausted_exclusions"": ""keep"", ""expected_loss_ratio"": null, ""history_periods"": null, ""horizon"": 96, ""method"": ""gcc"", ""unsupported_factor"": ""unity""}",2020-12-31,2030-12-31,40573.32016252951,7,7,142546.00120633835,
synthetic,shock,all,basic_cl,20,42,basic_cl,cl,"{""average"": ""volume"", ""decay"": null, ""drop_high"": false, ""drop_low"": false, ""exclude"": [], ""exhausted_exclusions"": ""keep"", ""expected_loss_ratio"": null, ""history_periods"": null, ""horizon"": 96, ""method"": ""cl"", ""unsupported_factor"": ""unity""}",2020-12-31,2030-12-31,,7,7,139134.95585514876,
synthetic,shock,all,basic_bf,20,42,basic_bf,bf,"{""average"": ""volume"", ""decay"": null, ""drop_high"": false, ""drop_low"": false, ""exclude"": [], ""exhausted_exclusions"": ""keep"", ""expected_loss_ratio"": 0.6, ""history_periods"": null, ""horizon"": 96, ""method"": ""bf"", ""unsupported_factor"": ""unity""}",2020-12-31,2030-12-31,,7,7,182972.22108877148,
synthetic,shock,all,basic_gcc,20,42,basic_gcc,gcc,"{""average"": ""volume"", ""decay"": 0.75, ""drop_high"": false, ""drop_low"": false, ""exclude"": [], ""exhausted_exclusions"": ""keep"", ""expected_loss_ratio"": null, ""history_periods"": null, ""horizon"": 96, ""method"": ""gcc"", ""unsupported_factor"": ""unity""}",2020-12-31,2030-12-31,,7,7,145247.2989560665,
synthetic,shock,all,ave,21,42,gcc_w5_h0_l0_g1.00,gcc,"{""average"": ""volume"", ""decay"": 1.0, ""drop_high"": false, ""drop_low"": false, ""exclude"": [], ""exhausted_exclusions"": ""keep"", ""expected_loss_ratio"": null, ""history_periods"": 5, ""horizon"": 96, ""method"": ""gcc"", ""unsupported_factor"": ""unity""}",2020-12-31,2030-12-31,41494.67203404949,7,7,229831.83620935734,
synthetic,shock,all,cdr,21,42,bf_wall_h0_l0_lr0.60,bf,"{""average"": ""volume"", ""decay"": null, ""drop_high"": false, ""drop_low"": false, ""exclude"": [], ""exhausted_exclusions"": ""keep"", ""expected_loss_ratio"": 0.6, ""history_periods"": null, ""horizon"": 96, ""method"": ""bf"", ""unsupported_factor"": ""unity""}",2020-12-31,2030-12-31,41576.529440031205,7,7,220441.2238497263,
synthetic,shock,all,basic_cl,21,42,basic_cl,cl,"{""average"": ""volume"", ""decay"": null, ""drop_high"": false, ""drop_low"": false, ""exclude"": [], ""exhausted_exclusions"": ""keep"", ""expected_loss_ratio"": null, ""history_periods"": null, ""horizon"": 96, ""method"": ""cl"", ""unsupported_factor"": ""unity""}",2020-12-31,2030-12-31,,7,7,142486.7848774236,
synthetic,shock,all,basic_bf,21,42,basic_bf,bf,"{""average"": ""volume"", ""decay"": null, ""drop_high"": false, ""drop_low"": false, ""exclude"": [], ""exhausted_exclusions"": ""keep"", ""expected_loss_ratio"": 0.6, ""history_periods"": null, ""horizon"": 96, ""method"": ""bf"", ""unsupported_factor"": ""unity""}",2020-12-31,2030-12-31,,7,7,220441.2238497263,
synthetic,shock,all,basic_gcc,21,42,basic_gcc,gcc,"{""average"": ""volume"", ""decay"": 0.75, ""drop_high"": false, ""drop_low"": false, ""exclude"": [], ""exhausted_exclusions"": ""keep"", ""expected_loss_ratio"": null, ""history_periods"": null, ""horizon"": 96, ""method"": ""gcc"", ""unsupported_factor"": ""unity""}",2020-12-31,2030-12-31,,7,7,246982.02686561074,
synthetic,shock,all,ave,22,42,gcc_wall_h0_l0_g1.00,gcc,"{""average"": ""volume"", ""decay"": 1.0, ""drop_high"": false, ""drop_low"": false, ""exclude"": [], ""exhausted_exclusions"": ""keep"", ""expected_loss_ratio"": null, ""history_periods"": null, ""horizon"": 96, ""method"": ""gcc"", ""unsupported_factor"": ""unity""}",2020-12-31,2030-12-31,68031.06811794142,7,7,267961.4788023856,
synthetic,shock,all,cdr,22,42,bf_wall_h0_l0_lr0.60,bf,"{""average"": ""volume"", ""decay"": null, ""drop_high"": false, ""drop_low"": false, ""exclude"": [], ""exhausted_exclusions"": ""keep"", ""expected_loss_ratio"": 0.6, ""history_periods"": null, ""horizon"": 96, ""method"": ""bf"", ""unsupported_factor"": ""unity""}",2020-12-31,2030-12-31,70480.36283534492,7,7,308451.16600727645,
synthetic,shock,all,basic_cl,22,42,basic_cl,cl,"{""average"": ""volume"", ""decay"": null, ""drop_high"": false, ""drop_low"": false, ""exclude"": [], ""exhausted_exclusions"": ""keep"", ""expected_loss_ratio"": null, ""history_periods"": null, ""horizon"": 96, ""method"": ""cl"", ""unsupported_factor"": ""unity""}",2020-12-31,2030-12-31,,7,7,194230.57690947605,
synthetic,shock,all,basic_bf,22,42,basic_bf,bf,"{""average"": ""volume"", ""decay"": null, ""drop_high"": false, ""drop_low"": false, ""exclude"": [], ""exhausted_exclusions"": ""keep"", ""expected_loss_ratio"": 0.6, ""history_periods"": null, ""horizon"": 96, ""method"": ""bf"", ""unsupported_factor"": ""unity""}",2020-12-31,2030-12-31,,7,7,308451.16600727645,
synthetic,shock,all,basic_gcc,22,42,basic_gcc,gcc,"{""average"": ""volume"", ""decay"": 0.75, ""drop_high"": false, ""drop_low"": false, ""exclude"": [], ""exhausted_exclusions"": ""keep"", ""expected_loss_ratio"": null, ""history_periods"": null, ""horizon"": 96, ""method"": ""gcc"", ""unsupported_factor"": ""unity""}",2020-12-31,2030-12-31,,7,7,255846.58841105705,
synthetic,shock,all,ave,23,42,gcc_wall_h0_l0_g1.00,gcc,"{""average"": ""volume"", ""decay"": 1.0, ""drop_high"": false, ""drop_low"": false, ""exclude"": [], ""exhausted_exclusions"": ""keep"", ""expected_loss_ratio"": null, ""history_periods"": null, ""horizon"": 96, ""method"": ""gcc"", ""unsupported_factor"": ""unity""}",2020-12-31,2030-12-31,65986.13703843745,7,7,100782.1167535306,
synthetic,shock,all,cdr,23,42,gcc_wall_h0_l0_g1.00,gcc,"{""average"": ""volume"", ""decay"": 1.0, ""drop_high"": false, ""drop_low"": false, ""exclude"": [], ""exhausted_exclusions"": ""keep"", ""expected_loss_ratio"": null, ""history_periods"": null, ""horizon"": 96, ""method"": ""gcc"", ""unsupported_factor"": ""unity""}",2020-12-31,2030-12-31,69880.44711741479,7,7,100782.1167535306,
synthetic,shock,all,basic_cl,23,42,basic_cl,cl,"{""average"": ""volume"", ""decay"": null, ""drop_high"": false, ""drop_low"": false, ""exclude"": [], ""exhausted_exclusions"": ""keep"", ""expected_loss_ratio"": null, ""history_periods"": null, ""horizon"": 96, ""method"": ""cl"", ""unsupported_factor"": ""unity""}",2020-12-31,2030-12-31,,7,7,122331.49848984937,
synthetic,shock,all,basic_bf,23,42,basic_bf,bf,"{""average"": ""volume"", ""decay"": null, ""drop_high"": false, ""drop_low"": false, ""exclude"": [], ""exhausted_exclusions"": ""keep"", ""expected_loss_ratio"": 0.6, ""history_periods"": null, ""horizon"": 96, ""method"": ""bf"", ""unsupported_factor"": ""unity""}",2020-12-31,2030-12-31,,7,7,132678.57909505427,
synthetic,shock,all,basic_gcc,23,42,basic_gcc,gcc,"{""average"": ""volume"", ""decay"": 0.75, ""drop_high"": false, ""drop_low"": false, ""exclude"": [], ""exhausted_exclusions"": ""keep"", ""expected_loss_ratio"": null, ""history_periods"": null, ""horizon"": 96, ""method"": ""gcc"", ""unsupported_factor"": ""unity""}",2020-12-31,2030-12-31,,7,7,96190.12774950895,
synthetic,shock,all,ave,24,42,gcc_wall_h1_l0_g1.00,gcc,"{""average"": ""volume"", ""decay"": 1.0, ""drop_high"": true, ""drop_low"": false, ""exclude"": [], ""exhausted_exclusions"": ""keep"", ""expected_loss_ratio"": null, ""history_periods"": null, ""horizon"": 96, ""method"": ""gcc"", ""unsupported_factor"": ""unity""}",2020-12-31,2030-12-31,54843.43141806801,7,7,85192.2439534265,
synthetic,shock,all,cdr,24,42,gcc_wall_h0_l0_g1.00,gcc,"{""average"": ""volume"", ""decay"": 1.0, ""drop_high"": false, ""drop_low"": false, ""exclude"": [], ""exhausted_exclusions"": ""keep"", ""expected_loss_ratio"": null, ""history_periods"": null, ""horizon"": 96, ""method"": ""gcc"", ""unsupported_factor"": ""unity""}",2020-12-31,2030-12-31,58097.09391127518,7,7,77029.25724416097,
synthetic,shock,all,basic_cl,24,42,basic_cl,cl,"{""average"": ""volume"", ""decay"": null, ""drop_high"": false, ""drop_low"": false, ""exclude"": [], ""exhausted_exclusions"": ""keep"", ""expected_loss_ratio"": null, ""history_periods"": null, ""horizon"": 96, ""method"": ""cl"", ""unsupported_factor"": ""unity""}",2020-12-31,2030-12-31,,7,7,186468.3099588808,
synthetic,shock,all,basic_bf,24,42,basic_bf,bf,"{""average"": ""volume"", ""decay"": null, ""drop_high"": false, ""drop_low"": false, ""exclude"": [], ""exhausted_exclusions"": ""keep"", ""expected_loss_ratio"": 0.6, ""history_periods"": null, ""horizon"": 96, ""method"": ""bf"", ""unsupported_factor"": ""unity""}",2020-12-31,2030-12-31,,7,7,141773.78682072894,
synthetic,shock,all,basic_gcc,24,42,basic_gcc,gcc,"{""average"": ""volume"", ""decay"": 0.75, ""drop_high"": false, ""drop_low"": false, ""exclude"": [], ""exhausted_exclusions"": ""keep"", ""expected_loss_ratio"": null, ""history_periods"": null, ""horizon"": 96, ""method"": ""gcc"", ""unsupported_factor"": ""unity""}",2020-12-31,2030-12-31,,7,7,80337.91572566588,
synthetic,shock,all,ave,25,42,gcc_wall_h0_l0_g0.75,gcc,"{""average"": ""volume"", ""decay"": 0.75, ""drop_high"": false, ""drop_low"": false, ""exclude"": [], ""exhausted_exclusions"": ""keep"", ""expected_loss_ratio"": null, ""history_periods"": null, ""horizon"": 96, ""method"": ""gcc"", ""unsupported_factor"": ""unity""}",2020-12-31,2030-12-31,41349.02676613925,7,7,124091.79324022867,
synthetic,shock,all,cdr,25,42,bf_w5_h0_l0_lr0.60,bf,"{""average"": ""volume"", ""decay"": null, ""drop_high"": false, ""drop_low"": false, ""exclude"": [], ""exhausted_exclusions"": ""keep"", ""expected_loss_ratio"": 0.6, ""history_periods"": 5, ""horizon"": 96, ""method"": ""bf"", ""unsupported_factor"": ""unity""}",2020-12-31,2030-12-31,44139.26926923987,7,7,128411.5444448547,
synthetic,shock,all,basic_cl,25,42,basic_cl,cl,"{""average"": ""volume"", ""decay"": null, ""drop_high"": false, ""drop_low"": false, ""exclude"": [], ""exhausted_exclusions"": ""keep"", ""expected_loss_ratio"": null, ""history_periods"": null, ""horizon"": 96, ""method"": ""cl"", ""unsupported_factor"": ""unity""}",2020-12-31,2030-12-31,,7,7,152657.4216442356,
synthetic,shock,all,basic_bf,25,42,basic_bf,bf,"{""average"": ""volume"", ""decay"": null, ""drop_high"": false, ""drop_low"": false, ""exclude"": [], ""exhausted_exclusions"": ""keep"", ""expected_loss_ratio"": 0.6, ""history_periods"": null, ""horizon"": 96, ""method"": ""bf"", ""unsupported_factor"": ""unity""}",2020-12-31,2030-12-31,,7,7,134915.63177329005,
synthetic,shock,all,basic_gcc,25,42,basic_gcc,gcc,"{""average"": ""volume"", ""decay"": 0.75, ""drop_high"": false, ""drop_low"": false, ""exclude"": [], ""exhausted_exclusions"": ""keep"", ""expected_loss_ratio"": null, ""history_periods"": null, ""horizon"": 96, ""method"": ""gcc"", ""unsupported_factor"": ""unity""}",2020-12-31,2030-12-31,,7,7,124091.79324022867,
synthetic,shock,all,ave,26,42,gcc_w5_h0_l0_g0.75,gcc,"{""average"": ""volume"", ""decay"": 0.75, ""drop_high"": false, ""drop_low"": false, ""exclude"": [], ""exhausted_exclusions"": ""keep"", ""expected_loss_ratio"": null, ""history_periods"": 5, ""horizon"": 96, ""method"": ""gcc"", ""unsupported_factor"": ""unity""}",2020-12-31,2030-12-31,37107.22085545465,7,7,229216.52976527397,
synthetic,shock,all,cdr,26,42,bf_w5_h0_l0_lr0.60,bf,"{""average"": ""volume"", ""decay"": null, ""drop_high"": false, ""drop_low"": false, ""exclude"": [], ""exhausted_exclusions"": ""keep"", ""expected_loss_ratio"": 0.6, ""history_periods"": 5, ""horizon"": 96, ""method"": ""bf"", ""unsupported_factor"": ""unity""}",2020-12-31,2030-12-31,38233.37997839953,7,7,280030.91587986343,
synthetic,shock,all,basic_cl,26,42,basic_cl,cl,"{""average"": ""volume"", ""decay"": null, ""drop_high"": false, ""drop_low"": false, ""exclude"": [], ""exhausted_exclusions"": ""keep"", ""expected_loss_ratio"": null, ""history_periods"": null, ""horizon"": 96, ""method"": ""cl"", ""unsupported_factor"": ""unity""}",2020-12-31,2030-12-31,,7,7,195603.57044860558,
synthetic,shock,all,basic_bf,26,42,basic_bf,bf,"{""average"": ""volume"", ""decay"": null, ""drop_high"": false, ""drop_low"": false, ""exclude"": [], ""exhausted_exclusions"": ""keep"", ""expected_loss_ratio"": 0.6, ""history_periods"": null, ""horizon"": 96, ""method"": ""bf"", ""unsupported_factor"": ""unity""}",2020-12-31,2030-12-31,,7,7,278460.3519882649,
synthetic,shock,all,basic_gcc,26,42,basic_gcc,gcc,"{""average"": ""volume"", ""decay"": 0.75, ""drop_high"": false, ""drop_low"": false, ""exclude"": [], ""exhausted_exclusions"": ""keep"", ""expected_loss_ratio"": null, ""history_periods"": null, ""horizon"": 96, ""method"": ""gcc"", ""unsupported_factor"": ""unity""}",2020-12-31,2030-12-31,,7,7,226316.29631175823,
synthetic,shock,all,ave,27,42,gcc_wall_h0_l0_g0.75,gcc,"{""average"": ""volume"", ""decay"": 0.75, ""drop_high"": false, ""drop_low"": false, ""exclude"": [], ""exhausted_exclusions"": ""keep"", ""expected_loss_ratio"": null, ""history_periods"": null, ""horizon"": 96, ""method"": ""gcc"", ""unsupported_factor"": ""unity""}",2020-12-31,2030-12-31,48550.293678221424,7,7,103955.56973057581,
synthetic,shock,all,cdr,27,42,gcc_wall_h0_l0_g1.00,gcc,"{""average"": ""volume"", ""decay"": 1.0, ""drop_high"": false, ""drop_low"": false, ""exclude"": [], ""exhausted_exclusions"": ""keep"", ""expected_loss_ratio"": null, ""history_periods"": null, ""horizon"": 96, ""method"": ""gcc"", ""unsupported_factor"": ""unity""}",2020-12-31,2030-12-31,51737.47909163529,7,7,126126.09427087971,
synthetic,shock,all,basic_cl,27,42,basic_cl,cl,"{""average"": ""volume"", ""decay"": null, ""drop_high"": false, ""drop_low"": false, ""exclude"": [], ""exhausted_exclusions"": ""keep"", ""expected_loss_ratio"": null, ""history_periods"": null, ""horizon"": 96, ""method"": ""cl"", ""unsupported_factor"": ""unity""}",2020-12-31,2030-12-31,,7,7,173738.99897155925,
synthetic,shock,all,basic_bf,27,42,basic_bf,bf,"{""average"": ""volume"", ""decay"": null, ""drop_high"": false, ""drop_low"": false, ""exclude"": [], ""exhausted_exclusions"": ""keep"", ""expected_loss_ratio"": 0.6, ""history_periods"": null, ""horizon"": 96, ""method"": ""bf"", ""unsupported_factor"": ""unity""}",2020-12-31,2030-12-31,,7,7,161633.17434283244,
synthetic,shock,all,basic_gcc,27,42,basic_gcc,gcc,"{""average"": ""volume"", ""decay"": 0.75, ""drop_high"": false, ""drop_low"": false, ""exclude"": [], ""exhausted_exclusions"": ""keep"", ""expected_loss_ratio"": null, ""history_periods"": null, ""horizon"": 96, ""method"": ""gcc"", ""unsupported_factor"": ""unity""}",2020-12-31,2030-12-31,,7,7,103955.56973057581,
synthetic,shock,all,ave,28,42,bf_wall_h0_l0_lr0.60,bf,"{""average"": ""volume"", ""decay"": null, ""drop_high"": false, ""drop_low"": false, ""exclude"": [], ""exhausted_exclusions"": ""keep"", ""expected_loss_ratio"": 0.6, ""history_periods"": null, ""horizon"": 96, ""method"": ""bf"", ""unsupported_factor"": ""unity""}",2020-12-31,2030-12-31,51206.953260816146,7,7,265067.6546585514,
synthetic,shock,all,cdr,28,42,bf_wall_h1_l0_lr0.50,bf,"{""average"": ""volume"", ""decay"": null, ""drop_high"": true, ""drop_low"": false, ""exclude"": [], ""exhausted_exclusions"": ""keep"", ""expected_loss_ratio"": 0.5, ""history_periods"": null, ""horizon"": 96, ""method"": ""bf"", ""unsupported_factor"": ""unity""}",2020-12-31,2030-12-31,51901.271385649175,7,7,351686.2210799979,
synthetic,shock,all,basic_cl,28,42,basic_cl,cl,"{""average"": ""volume"", ""decay"": null, ""drop_high"": false, ""drop_low"": false, ""exclude"": [], ""exhausted_exclusions"": ""keep"", ""expected_loss_ratio"": null, ""history_periods"": null, ""horizon"": 96, ""method"": ""cl"", ""unsupported_factor"": ""unity""}",2020-12-31,2030-12-31,,7,7,226178.77057234003,
synthetic,shock,all,basic_bf,28,42,basic_bf,bf,"{""average"": ""volume"", ""decay"": null, ""drop_high"": false, ""drop_low"": false, ""exclude"": [], ""exhausted_exclusions"": ""keep"", ""expected_loss_ratio"": 0.6, ""history_periods"": null, ""horizon"": 96, ""method"": ""bf"", ""unsupported_factor"": ""unity""}",2020-12-31,2030-12-31,,7,7,265067.6546585514,
synthetic,shock,all,basic_gcc,28,42,basic_gcc,gcc,"{""average"": ""volume"", ""decay"": 0.75, ""drop_high"": false, ""drop_low"": false, ""exclude"": [], ""exhausted_exclusions"": ""keep"", ""expected_loss_ratio"": null, ""history_periods"": null, ""horizon"": 96, ""method"": ""gcc"", ""unsupported_factor"": ""unity""}",2020-12-31,2030-12-31,,7,7,287922.59530999383,
synthetic,shock,all,ave,29,42,gcc_w5_h1_l0_g0.75,gcc,"{""average"": ""volume"", ""decay"": 0.75, ""drop_high"": true, ""drop_low"": false, ""exclude"": [], ""exhausted_exclusions"": ""keep"", ""expected_loss_ratio"": null, ""history_periods"": 5, ""horizon"": 96, ""method"": ""gcc"", ""unsupported_factor"": ""unity""}",2020-12-31,2030-12-31,41407.9866665508,7,7,342110.7161446985,
synthetic,shock,all,cdr,29,42,bf_w5_h1_l0_lr0.60,bf,"{""average"": ""volume"", ""decay"": null, ""drop_high"": true, ""drop_low"": false, ""exclude"": [], ""exhausted_exclusions"": ""keep"", ""expected_loss_ratio"": 0.6, ""history_periods"": 5, ""horizon"": 96, ""method"": ""bf"", ""unsupported_factor"": ""unity""}",2020-12-31,2030-12-31,41800.290816488436,7,7,363877.55320894223,
synthetic,shock,all,basic_cl,29,42,basic_cl,cl,"{""average"": ""volume"", ""decay"": null, ""drop_high"": false, ""drop_low"": false, ""exclude"": [], ""exhausted_exclusions"": ""keep"", ""expected_loss_ratio"": null, ""history_periods"": null, ""horizon"": 96, ""method"": ""cl"", ""unsupported_factor"": ""unity""}",2020-12-31,2030-12-31,,7,7,161627.3906832733,
synthetic,shock,all,basic_bf,29,42,basic_bf,bf,"{""average"": ""volume"", ""decay"": null, ""drop_high"": false, ""drop_low"": false, ""exclude"": [], ""exhausted_exclusions"": ""keep"", ""expected_loss_ratio"": 0.6, ""history_periods"": null, ""horizon"": 96, ""method"": ""bf"", ""unsupported_factor"": ""unity""}",2020-12-31,2030-12-31,,7,7,330504.2674439811,
synthetic,shock,all,basic_gcc,29,42,basic_gcc,gcc,"{""average"": ""volume"", ""decay"": 0.75, ""drop_high"": false, ""drop_low"": false, ""exclude"": [], ""exhausted_exclusions"": ""keep"", ""expected_loss_ratio"": null, ""history_periods"": null, ""horizon"": 96, ""method"": ""gcc"", ""unsupported_factor"": ""unity""}",2020-12-31,2030-12-31,,7,7,275089.7137232909,
