model,line,company_code,estimate,outcome,se,cv,percentile,crps,seconds,anchor,premium,mart_publish_id,loss_field
chain_ladder,commercial_auto,10022,6791.590784982241,5882.0,,,,,,5913.0,12090.0,20260613_041006,reported_loss
chain_ladder,private_passenger_auto,10022,66712.02229946983,63628.0,,,,,,66117.0,74078.0,20260613_041006,reported_loss
chain_ladder,ALL,10022,73503.61308445207,69510.0,,,,,,72030.0,86168.0,20260613_041006,reported_loss
chain_ladder,commercial_auto,1066,67925.35633526304,63145.0,,,,,,63941.0,96880.0,20260613_041006,reported_loss
chain_ladder,private_passenger_auto,1066,217952.13305464832,213877.0,,,,,,207265.0,314145.0,20260613_041006,reported_loss
chain_ladder,workers_compensation,1066,136909.2379414019,123970.0,,,,,,128948.0,164562.0,20260613_041006,reported_loss
chain_ladder,ALL,1066,422786.72733131325,400992.0,,,,,,400154.0,575587.0,20260613_041006,reported_loss
chain_ladder,commercial_auto,1090,21237.401647914827,21364.0,,,,,,19700.0,34665.0,20260613_041006,reported_loss
chain_ladder,private_passenger_auto,1090,1084643.288144843,1084387.0,,,,,,1020853.0,1295968.0,20260613_041006,reported_loss
chain_ladder,ALL,1090,1105880.6897927579,1105751.0,,,,,,1040553.0,1330633.0,20260613_041006,reported_loss
chain_ladder,workers_compensation,11126,149141.27525439137,149198.0,,,,,,137115.0,207371.0,20260613_041006,reported_loss
chain_ladder,other_liability,11126,22017.66040151237,20392.0,,,,,,17534.0,74255.0,20260613_041006,reported_loss
chain_ladder,ALL,11126,171158.93565590374,169590.0,,,,,,154649.0,281626.0,20260613_041006,reported_loss
chain_ladder,workers_compensation,1252,22349.716798098463,23620.0,,,,,,22562.0,34226.0,20260613_041006,reported_loss
chain_ladder,other_liability,1252,9543.092371962346,9745.0,,,,,,9840.0,20554.0,20260613_041006,reported_loss
chain_ladder,ALL,1252,31892.80917006081,33365.0,,,,,,32402.0,54780.0,20260613_041006,reported_loss
chain_ladder,commercial_auto,13439,3699.6531544454056,3667.0,,,,,,3924.0,6305.0,20260613_041006,reported_loss
chain_ladder,private_passenger_auto,13439,36870.37163696698,36241.0,,,,,,37696.0,55117.0,20260613_041006,reported_loss
chain_ladder,workers_compensation,13439,6242.721130318354,5701.0,,,,,,6138.0,11286.0,20260613_041006,reported_loss
chain_ladder,ALL,13439,46812.74592173073,45609.0,,,,,,47758.0,72708.0,20260613_041006,reported_loss
chain_ladder,private_passenger_auto,13501,100915.54412868588,100001.0,,,,,,96219.0,132076.0,20260613_041006,reported_loss
chain_ladder,workers_compensation,13501,4072.7204287819527,5349.0,,,,,,4002.0,8967.0,20260613_041006,reported_loss
chain_ladder,other_liability,13501,2622.845059358277,2489.0,,,,,,2357.0,7339.0,20260613_041006,reported_loss
chain_ladder,ALL,13501,107611.10961682611,107839.0,,,,,,102578.0,148382.0,20260613_041006,reported_loss
chain_ladder,commercial_auto,13528,20648.54730700443,19930.0,,,,,,19928.0,25863.0,20260613_041006,reported_loss
chain_ladder,private_passenger_auto,13528,4763.4914758874065,4739.0,,,,,,4732.0,5963.0,20260613_041006,reported_loss
chain_ladder,workers_compensation,13528,27094.49668159689,26562.0,,,,,,26687.0,56067.0,20260613_041006,reported_loss
chain_ladder,ALL,13528,52506.53546448873,51231.0,,,,,,51347.0,87893.0,20260613_041006,reported_loss
chain_ladder,commercial_auto,13641,8099.563475655389,8591.0,,,,,,8150.0,12780.0,20260613_041006,reported_loss
chain_ladder,private_passenger_auto,13641,70135.88967601051,70599.0,,,,,,66026.0,84367.0,20260613_041006,reported_loss
chain_ladder,ALL,13641,78235.4531516659,79190.0,,,,,,74176.0,97147.0,20260613_041006,reported_loss
chain_ladder,commercial_auto,13889,1948.778399399173,2100.0,,,,,,2079.0,6478.0,20260613_041006,reported_loss
chain_ladder,private_passenger_auto,13889,117016.90568930602,113934.0,,,,,,117605.0,153295.0,20260613_041006,reported_loss
chain_ladder,ALL,13889,118965.6840887052,116034.0,,,,,,119684.0,159773.0,20260613_041006,reported_loss
chain_ladder,commercial_auto,14044,5575.011869994817,5403.0,,,,,,5426.0,8864.0,20260613_041006,reported_loss
chain_ladder,private_passenger_auto,14044,36484.29401243382,36665.0,,,,,,36575.0,52943.0,20260613_041006,reported_loss
chain_ladder,other_liability,14044,4610.654080289271,4793.0,,,,,,4410.0,10897.0,20260613_041006,reported_loss
chain_ladder,ALL,14044,46669.959962717905,46861.0,,,,,,46411.0,72704.0,20260613_041006,reported_loss
chain_ladder,commercial_auto,14176,24213.756157756725,21775.0,,,,,,20021.0,38399.0,20260613_041006,reported_loss
chain_ladder,private_passenger_auto,14176,143536.16240970988,139279.0,,,,,,134019.0,188477.0,20260613_041006,reported_loss
chain_ladder,workers_compensation,14176,125634.56305639131,109695.0,,,,,,110904.0,190543.0,20260613_041006,reported_loss
chain_ladder,other_liability,14176,4754.260106256903,4783.0,,,,,,4405.0,13525.0,20260613_041006,reported_loss
chain_ladder,ALL,14176,298138.74173011485,275532.0,,,,,,269349.0,430944.0,20260613_041006,reported_loss
chain_ladder,commercial_auto,14257,6713.535363869377,6871.0,,,,,,6653.0,11424.0,20260613_041006,reported_loss
chain_ladder,private_passenger_auto,14257,115557.16616134497,115704.0,,,,,,114501.0,151272.0,20260613_041006,reported_loss
chain_ladder,other_liability,14257,32166.472699607377,31670.0,,,,,,32073.0,53121.0,20260613_041006,reported_loss
chain_ladder,ALL,14257,154437.17422482173,154245.0,,,,,,153227.0,215817.0,20260613_041006,reported_loss
chain_ladder,commercial_auto,14311,7634.162166875643,7877.0,,,,,,7582.0,13923.0,20260613_041006,reported_loss
chain_ladder,private_passenger_auto,14311,130644.07783199339,129106.0,,,,,,128758.0,140359.0,20260613_041006,reported_loss
chain_ladder,ALL,14311,138278.23999886904,136983.0,,,,,,136340.0,154282.0,20260613_041006,reported_loss
chain_ladder,commercial_auto,14320,1693.6728970573508,1830.0,,,,,,1798.0,6020.0,20260613_041006,reported_loss
chain_ladder,workers_compensation,14320,10733.930365551698,11550.0,,,,,,10479.0,13697.0,20260613_041006,reported_loss
chain_ladder,ALL,14320,12427.60326260905,13380.0,,,,,,12277.0,19717.0,20260613_041006,reported_loss
chain_ladder,commercial_auto,14508,10717.922527812332,11807.0,,,,,,10488.0,20264.0,20260613_041006,reported_loss
chain_ladder,workers_compensation,14508,56967.83580207183,56590.0,,,,,,52797.0,77827.0,20260613_041006,reported_loss
chain_ladder,ALL,14508,67685.75832988416,68397.0,,,,,,63285.0,98091.0,20260613_041006,reported_loss
chain_ladder,commercial_auto,14974,37337.966838658474,38445.0,,,,,,35725.0,50686.0,20260613_041006,reported_loss
chain_ladder,workers_compensation,14974,30072.60816224308,31222.0,,,,,,28450.0,38753.0,20260613_041006,reported_loss
chain_ladder,ALL,14974,67410.57500090156,69667.0,,,,,,64175.0,89439.0,20260613_041006,reported_loss
chain_ladder,commercial_auto,15024,2637.997148271481,2671.0,,,,,,2777.0,5441.0,20260613_041006,reported_loss
chain_ladder,private_passenger_auto,15024,112872.90168281332,118706.0,,,,,,116005.0,141341.0,20260613_041006,reported_loss
chain_ladder,ALL,15024,115510.89883108479,121377.0,,,,,,118782.0,146782.0,20260613_041006,reported_loss
chain_ladder,workers_compensation,15148,768.8215558694424,752.0,,,,,,741.0,2241.0,20260613_041006,reported_loss
chain_ladder,other_liability,15148,359.47609712865216,349.0,,,,,,350.0,1032.0,20260613_041006,reported_loss
chain_ladder,ALL,15148,1128.2976529980945,1101.0,,,,,,1091.0,3273.0,20260613_041006,reported_loss
chain_ladder,commercial_auto,15199,1841.663261179745,2033.0,,,,,,1833.0,2580.0,20260613_041006,reported_loss
chain_ladder,private_passenger_auto,15199,108532.83367756399,106528.0,,,,,,102567.0,149084.0,20260613_041006,reported_loss
chain_ladder,workers_compensation,15199,1425.9607075647887,1349.0,,,,,,1363.0,3354.0,20260613_041006,reported_loss
chain_ladder,ALL,15199,111800.45764630852,109910.0,,,,,,105763.0,155018.0,20260613_041006,reported_loss
chain_ladder,commercial_auto,1538,89222.96540754772,91035.0,,,,,,90572.0,121671.0,20260613_041006,reported_loss
chain_ladder,private_passenger_auto,1538,311643.0058446745,312319.0,,,,,,316387.0,402879.0,20260613_041006,reported_loss
chain_ladder,workers_compensation,1538,133168.9175964703,134900.0,,,,,,138706.0,252542.0,20260613_041006,reported_loss
chain_ladder,other_liability,1538,17001.32940410807,15961.0,,,,,,17220.0,33445.0,20260613_041006,reported_loss
chain_ladder,ALL,1538,551036.2182528006,554215.0,,,,,,562885.0,810537.0,20260613_041006,reported_loss
chain_ladder,private_passenger_auto,16373,9754.047541809801,9780.0,,,,,,9565.0,16248.0,20260613_041006,reported_loss
chain_ladder,other_liability,16373,203.25102270706114,204.0,,,,,,203.0,464.0,20260613_041006,reported_loss
chain_ladder,ALL,16373,9957.298564516863,9984.0,,,,,,9768.0,16712.0,20260613_041006,reported_loss
chain_ladder,commercial_auto,1767,2274893.9714879943,2232066.0,,,,,,2041548.0,3543796.0,20260613_041006,reported_loss
chain_ladder,private_passenger_auto,1767,91911951.3200568,91532402.0,,,,,,86390103.0,117655840.0,20260613_041006,reported_loss
chain_ladder,workers_compensation,1767,1836933.8309000176,1843847.0,,,,,,1632452.0,2905415.0,20260613_041006,reported_loss
chain_ladder,other_liability,1767,2407896.8676043022,2207154.0,,,,,,1677949.0,2414413.0,20260613_041006,reported_loss
chain_ladder,ALL,1767,98431675.99004911,97815469.0,,,,,,91742052.0,126519464.0,20260613_041006,reported_loss
chain_ladder,commercial_auto,18163,31523.433563287075,32347.0,,,,,,31224.0,41961.0,20260613_041006,reported_loss
chain_ladder,private_passenger_auto,18163,129190.48032191202,130352.0,,,,,,128013.0,166481.0,20260613_041006,reported_loss
chain_ladder,other_liability,18163,6815.930420375681,7352.0,,,,,,6602.0,16737.0,20260613_041006,reported_loss
chain_ladder,ALL,18163,167529.84430557478,170051.0,,,,,,165839.0,225179.0,20260613_041006,reported_loss
chain_ladder,commercial_auto,18767,83963.1006377728,79694.0,,,,,,77752.0,123653.0,20260613_041006,reported_loss
chain_ladder,workers_compensation,18767,181691.89818749434,180944.0,,,,,,183247.0,310557.0,20260613_041006,reported_loss
chain_ladder,ALL,18767,265654.99882526713,260638.0,,,,,,260999.0,434210.0,20260613_041006,reported_loss
chain_ladder,commercial_auto,18791,11059.229226068453,11084.0,,,,,,10848.0,15736.0,20260613_041006,reported_loss
chain_ladder,private_passenger_auto,18791,91773.5179124849,93075.0,,,,,,91339.0,128601.0,20260613_041006,reported_loss
chain_ladder,workers_compensation,18791,1867.8742996046435,2107.0,,,,,,1869.0,3076.0,20260613_041006,reported_loss
chain_ladder,ALL,18791,104700.62143815799,106266.0,,,,,,104056.0,147413.0,20260613_041006,reported_loss
chain_ladder,private_passenger_auto,2003,12341929.58017313,12428163.0,,,,,,11724695.0,17482366.0,20260613_041006,reported_loss
chain_ladder,other_liability,2003,251352.4853264541,277202.0,,,,,,209526.0,646894.0,20260613_041006,reported_loss
chain_ladder,ALL,2003,12593282.065499583,12705365.0,,,,,,11934221.0,18129260.0,20260613_041006,reported_loss
chain_ladder,commercial_auto,2135,492312.287758393,527697.0,,,,,,453618.0,667326.0,20260613_041006,reported_loss
chain_ladder,workers_compensation,2135,609568.6556020505,642976.0,,,,,,567100.0,1136260.0,20260613_041006,reported_loss
chain_ladder,other_liability,2135,75906.55187584744,92770.0,,,,,,72455.0,263934.0,20260613_041006,reported_loss
chain_ladder,ALL,2135,1177787.4952362909,1263443.0,,,,,,1093173.0,2067520.0,20260613_041006,reported_loss
chain_ladder,commercial_auto,2143,40861.37743072386,41492.0,,,,,,39869.0,59794.0,20260613_041006,reported_loss
chain_ladder,private_passenger_auto,2143,135751.45519045883,136257.0,,,,,,136125.0,174317.0,20260613_041006,reported_loss
chain_ladder,other_liability,2143,10638.218706867276,10836.0,,,,,,10682.0,23410.0,20260613_041006,reported_loss
chain_ladder,ALL,2143,187251.05132804997,188585.0,,,,,,186676.0,257521.0,20260613_041006,reported_loss
chain_ladder,commercial_auto,2208,5723.0821889123745,5528.0,,,,,,5368.0,8872.0,20260613_041006,reported_loss
chain_ladder,other_liability,2208,1977.68591283637,2660.0,,,,,,1857.0,5829.0,20260613_041006,reported_loss
chain_ladder,ALL,2208,7700.768101748745,8188.0,,,,,,7225.0,14701.0,20260613_041006,reported_loss
chain_ladder,commercial_auto,25275,1252.6972941323183,1062.0,,,,,,1183.0,2475.0,20260613_041006,reported_loss
chain_ladder,private_passenger_auto,25275,101906.06796247132,103629.0,,,,,,104468.0,136467.0,20260613_041006,reported_loss
chain_ladder,ALL,25275,103158.76525660364,104691.0,,,,,,105651.0,138942.0,20260613_041006,reported_loss
chain_ladder,commercial_auto,27022,2098.9399938759084,1970.0,,,,,,1861.0,2705.0,20260613_041006,reported_loss
chain_ladder,private_passenger_auto,27022,63725.90986551689,60411.0,,,,,,60057.0,69961.0,20260613_041006,reported_loss
chain_ladder,ALL,27022,65824.8498593928,62381.0,,,,,,61918.0,72666.0,20260613_041006,reported_loss
chain_ladder,commercial_auto,27065,3543.9259508081577,3620.0,,,,,,3369.0,4435.0,20260613_041006,reported_loss
chain_ladder,private_passenger_auto,27065,42788.153241497625,43585.0,,,,,,41817.0,54838.0,20260613_041006,reported_loss
chain_ladder,other_liability,27065,20598.596946172034,20232.0,,,,,,20181.0,32915.0,20260613_041006,reported_loss
chain_ladder,ALL,27065,66930.67613847782,67437.0,,,,,,65367.0,92188.0,20260613_041006,reported_loss
chain_ladder,commercial_auto,2712,343548.1460361386,343410.0,,,,,,312289.0,462818.0,20260613_041006,reported_loss
chain_ladder,workers_compensation,2712,556262.1120327824,571527.0,,,,,,537633.0,846036.0,20260613_041006,reported_loss
chain_ladder,ALL,2712,899810.258068921,914937.0,,,,,,849922.0,1308854.0,20260613_041006,reported_loss
chain_ladder,private_passenger_auto,29440,67903.59296860096,71892.0,,,,,,65990.0,82532.0,20260613_041006,reported_loss
chain_ladder,other_liability,29440,445.43406825436045,497.0,,,,,,501.0,933.0,20260613_041006,reported_loss
chain_ladder,ALL,29440,68349.02703685532,72389.0,,,,,,66491.0,83465.0,20260613_041006,reported_loss
chain_ladder,commercial_auto,31550,13310.725975114005,13511.0,,,,,,13068.0,20966.0,20260613_041006,reported_loss
chain_ladder,private_passenger_auto,31550,33118.055970288915,33123.0,,,,,,33027.0,41106.0,20260613_041006,reported_loss
chain_ladder,ALL,31550,46428.78194540292,46634.0,,,,,,46095.0,62072.0,20260613_041006,reported_loss
chain_ladder,commercial_auto,3240,92439.73426324298,92662.0,,,,,,89362.0,160285.0,20260613_041006,reported_loss
chain_ladder,private_passenger_auto,3240,1077515.5005406355,1086131.0,,,,,,1058101.0,1408635.0,20260613_041006,reported_loss
chain_ladder,workers_compensation,3240,39055.51792461644,40544.0,,,,,,38946.0,93276.0,20260613_041006,reported_loss
chain_ladder,other_liability,3240,14301.915029969534,14248.0,,,,,,14487.0,43790.0,20260613_041006,reported_loss
chain_ladder,ALL,3240,1223312.6677584643,1233585.0,,,,,,1200896.0,1705986.0,20260613_041006,reported_loss
chain_ladder,commercial_auto,32875,5518.911900860572,4183.0,,,,,,4473.0,5892.0,20260613_041006,reported_loss
chain_ladder,other_liability,32875,20505.11311233909,19662.0,,,,,,18436.0,45428.0,20260613_041006,reported_loss
chain_ladder,ALL,32875,26024.025013199665,23845.0,,,,,,22909.0,51320.0,20260613_041006,reported_loss
chain_ladder,commercial_auto,34606,685.8402520886232,597.0,,,,,,616.0,2468.0,20260613_041006,reported_loss
chain_ladder,private_passenger_auto,34606,11556.36112884805,12032.0,,,,,,11240.0,19193.0,20260613_041006,reported_loss
chain_ladder,other_liability,34606,551.4939558760292,498.0,,,,,,482.0,958.0,20260613_041006,reported_loss
chain_ladder,ALL,34606,12793.695336812701,13127.0,,,,,,12338.0,22619.0,20260613_041006,reported_loss
chain_ladder,commercial_auto,353,38914.28013715876,40061.0,,,,,,35789.0,52429.0,20260613_041006,reported_loss
chain_ladder,private_passenger_auto,353,127924.12304133823,125477.0,,,,,,120832.0,155061.0,20260613_041006,reported_loss
chain_ladder,workers_compensation,353,34739.63072649096,35658.0,,,,,,34609.0,53892.0,20260613_041006,reported_loss
chain_ladder,ALL,353,201578.03390498794,201196.0,,,,,,191230.0,261382.0,20260613_041006,reported_loss
chain_ladder,commercial_auto,38733,27254.682502712767,27302.0,,,,,,24656.0,50107.0,20260613_041006,reported_loss
chain_ladder,workers_compensation,38733,196405.36900978748,203178.0,,,,,,192452.0,387839.0,20260613_041006,reported_loss
chain_ladder,other_liability,38733,26485.435964163622,24298.0,,,,,,22899.0,67882.0,20260613_041006,reported_loss
chain_ladder,ALL,38733,250145.48747666387,254778.0,,,,,,240007.0,505828.0,20260613_041006,reported_loss
chain_ladder,commercial_auto,388,696778.6050306401,750175.0,,,,,,664334.0,1086150.0,20260613_041006,reported_loss
chain_ladder,private_passenger_auto,388,909752.6968570034,923360.0,,,,,,878230.0,1270861.0,20260613_041006,reported_loss
chain_ladder,workers_compensation,388,1249608.6880107902,1309643.0,,,,,,1220155.0,2372911.0,20260613_041006,reported_loss
chain_ladder,ALL,388,2856139.989898434,2983178.0,,,,,,2762719.0,4729922.0,20260613_041006,reported_loss
chain_ladder,commercial_auto,40568,12070.312736054624,13221.0,,,,,,10816.0,16933.0,20260613_041006,reported_loss
chain_ladder,private_passenger_auto,40568,3978.168130601951,3834.0,,,,,,3526.0,4322.0,20260613_041006,reported_loss
chain_ladder,ALL,40568,16048.480866656575,17055.0,,,,,,14342.0,21255.0,20260613_041006,reported_loss
chain_ladder,workers_compensation,41300,37878.48538566356,37915.0,,,,,,36486.0,52950.0,20260613_041006,reported_loss
chain_ladder,other_liability,41300,5278.752728613528,5562.0,,,,,,4921.0,18842.0,20260613_041006,reported_loss
chain_ladder,ALL,41300,43157.23811427709,43477.0,,,,,,41407.0,71792.0,20260613_041006,reported_loss
chain_ladder,private_passenger_auto,42439,64075.86951408304,68613.0,,,,,,60101.0,80711.0,20260613_041006,reported_loss
chain_ladder,other_liability,42439,26399.315581010072,33550.0,,,,,,20515.0,74965.0,20260613_041006,reported_loss
chain_ladder,ALL,42439,90475.18509509311,102163.0,,,,,,80616.0,155676.0,20260613_041006,reported_loss
chain_ladder,commercial_auto,4839,152715.13163801446,154686.0,,,,,,152678.0,246195.0,20260613_041006,reported_loss
chain_ladder,private_passenger_auto,4839,3027141.443514039,3028991.0,,,,,,3061595.0,4078168.0,20260613_041006,reported_loss
chain_ladder,ALL,4839,3179856.5751520535,3183677.0,,,,,,3214273.0,4324363.0,20260613_041006,reported_loss
chain_ladder,commercial_auto,5185,88725.78995524376,88539.0,,,,,,84628.0,105505.0,20260613_041006,reported_loss
chain_ladder,private_passenger_auto,5185,260517.22201871005,260501.0,,,,,,252884.0,351763.0,20260613_041006,reported_loss
chain_ladder,workers_compensation,5185,109935.88585269843,106900.0,,,,,,104185.0,200467.0,20260613_041006,reported_loss
chain_ladder,other_liability,5185,138209.34849684307,141675.0,,,,,,136865.0,196774.0,20260613_041006,reported_loss
chain_ladder,ALL,5185,597388.2463234953,597615.0,,,,,,578562.0,854509.0,20260613_041006,reported_loss
chain_ladder,commercial_auto,620,370373.6276015314,389323.0,,,,,,365697.0,553119.0,20260613_041006,reported_loss
chain_ladder,private_passenger_auto,620,506670.6880838182,504924.0,,,,,,500607.0,589907.0,20260613_041006,reported_loss
chain_ladder,other_liability,620,401895.20545392495,455387.0,,,,,,399454.0,719473.0,20260613_041006,reported_loss
chain_ladder,ALL,620,1278939.5211392744,1349634.0,,,,,,1265758.0,1862499.0,20260613_041006,reported_loss
chain_ladder,commercial_auto,6408,16978.249355202126,16269.0,,,,,,15165.0,22367.0,20260613_041006,reported_loss
chain_ladder,workers_compensation,6408,36191.03761155995,37533.0,,,,,,33603.0,64881.0,20260613_041006,reported_loss
chain_ladder,ALL,6408,53169.286966762076,53802.0,,,,,,48768.0,87248.0,20260613_041006,reported_loss
chain_ladder,commercial_auto,6459,8852.398284426823,8835.0,,,,,,8211.0,16769.0,20260613_041006,reported_loss
chain_ladder,other_liability,6459,11687.011366811328,9688.0,,,,,,9201.0,29730.0,20260613_041006,reported_loss
chain_ladder,ALL,6459,20539.40965123815,18523.0,,,,,,17412.0,46499.0,20260613_041006,reported_loss
chain_ladder,commercial_auto,671,50729.82994097366,53308.0,,,,,,47264.0,59467.0,20260613_041006,reported_loss
chain_ladder,workers_compensation,671,99898.76830735191,99907.0,,,,,,96632.0,165779.0,20260613_041006,reported_loss
chain_ladder,other_liability,671,6229.509064381136,6071.0,,,,,,4947.0,15626.0,20260613_041006,reported_loss
chain_ladder,ALL,671,156858.1073127067,159286.0,,,,,,148843.0,240872.0,20260613_041006,reported_loss
chain_ladder,private_passenger_auto,6807,11801.888604493623,11771.0,,,,,,11605.0,14198.0,20260613_041006,reported_loss
chain_ladder,workers_compensation,6807,172720.20536132768,194402.0,,,,,,166709.0,347129.0,20260613_041006,reported_loss
chain_ladder,ALL,6807,184522.09396582132,206173.0,,,,,,178314.0,361327.0,20260613_041006,reported_loss
chain_ladder,commercial_auto,6947,16353.39216233533,16731.0,,,,,,15710.0,32028.0,20260613_041006,reported_loss
chain_ladder,private_passenger_auto,6947,900569.4853265112,909292.0,,,,,,865910.0,1088573.0,20260613_041006,reported_loss
chain_ladder,other_liability,6947,20042.846089146537,19790.0,,,,,,18921.0,44522.0,20260613_041006,reported_loss
chain_ladder,ALL,6947,936965.7235779931,945813.0,,,,,,900541.0,1165123.0,20260613_041006,reported_loss
chain_ladder,commercial_auto,7080,330086.8586195724,335527.0,,,,,,302817.0,526707.0,20260613_041006,reported_loss
chain_ladder,private_passenger_auto,7080,1462768.245751945,1477235.0,,,,,,1353049.0,1825656.0,20260613_041006,reported_loss
chain_ladder,workers_compensation,7080,2035642.0339868674,2020225.0,,,,,,1910809.0,2738156.0,20260613_041006,reported_loss
chain_ladder,ALL,7080,3828497.138358385,3832987.0,,,,,,3566675.0,5090519.0,20260613_041006,reported_loss
chain_ladder,commercial_auto,715,111671.34438564573,108222.0,,,,,,104556.0,142808.0,20260613_041006,reported_loss
chain_ladder,private_passenger_auto,715,169395.6267668763,165810.0,,,,,,163025.0,210516.0,20260613_041006,reported_loss
chain_ladder,workers_compensation,715,248003.17471990458,242834.0,,,,,,252445.0,482874.0,20260613_041006,reported_loss
chain_ladder,other_liability,715,67217.6336094082,65381.0,,,,,,58541.0,141168.0,20260613_041006,reported_loss
chain_ladder,ALL,715,596287.7794818347,582247.0,,,,,,578567.0,977366.0,20260613_041006,reported_loss
chain_ladder,commercial_auto,833,24356.558292654496,24613.0,,,,,,23721.0,31134.0,20260613_041006,reported_loss
chain_ladder,other_liability,833,15648.669511621792,11462.0,,,,,,11335.0,20478.0,20260613_041006,reported_loss
chain_ladder,ALL,833,40005.22780427629,36075.0,,,,,,35056.0,51612.0,20260613_041006,reported_loss
chain_ladder,commercial_auto,8427,7957.6637800630915,8202.0,,,,,,7768.0,12065.0,20260613_041006,reported_loss
chain_ladder,private_passenger_auto,8427,123330.38208491786,127063.0,,,,,,123528.0,157203.0,20260613_041006,reported_loss
chain_ladder,ALL,8427,131288.04586498096,135265.0,,,,,,131296.0,169268.0,20260613_041006,reported_loss
chain_ladder,private_passenger_auto,8559,149927.79254879657,146153.0,,,,,,149072.0,155743.0,20260613_041006,reported_loss
chain_ladder,workers_compensation,8559,83211.08452340451,81921.0,,,,,,78154.0,106389.0,20260613_041006,reported_loss
chain_ladder,ALL,8559,233138.87707220108,228074.0,,,,,,227226.0,262132.0,20260613_041006,reported_loss
chain_ladder,commercial_auto,8672,143990.94162139,140795.0,,,,,,139619.0,266116.0,20260613_041006,reported_loss
chain_ladder,workers_compensation,8672,77672.93017769561,80320.0,,,,,,76947.0,121755.0,20260613_041006,reported_loss
chain_ladder,ALL,8672,221663.8717990856,221115.0,,,,,,216566.0,387871.0,20260613_041006,reported_loss
chain_ladder,commercial_auto,9466,89200.75815914589,99207.0,,,,,,78097.0,123233.0,20260613_041006,reported_loss
chain_ladder,workers_compensation,9466,151779.16588658138,164276.0,,,,,,137109.0,237720.0,20260613_041006,reported_loss
chain_ladder,ALL,9466,240979.92404572727,263483.0,,,,,,215206.0,360953.0,20260613_041006,reported_loss
sur,commercial_auto,10022,6842.0599811751645,5882.0,373.8953212047611,0.0546466009116369,0.27999999999999997,750.0564685401735,0.16681999992579222,5913.0,12090.0,20260613_041006,reported_loss
sur,private_passenger_auto,10022,66700.34601833184,63628.0,1167.2004770836588,0.017499166747393886,0.37,2414.904319451015,0.16681999992579222,66117.0,74078.0,20260613_041006,reported_loss
sur,ALL,10022,73542.40599950636,69510.0,1385.9429568867877,0.018845493807968298,0.13,3250.0231624904586,0.16681999992579222,72030.0,86168.0,20260613_041006,reported_loss
sur,commercial_auto,1066,68007.0193907781,63145.0,3550.9913714480604,0.05221507137437613,7.91,3091.9161404101887,0.1841802999842912,63941.0,96880.0,20260613_041006,reported_loss
sur,private_passenger_auto,1066,217838.67153318416,213877.0,3318.7361241987674,0.01523483457202966,11.700000000000001,2444.2742839522493,0.1841802999842912,207265.0,314145.0,20260613_041006,reported_loss
sur,workers_compensation,1066,136558.92635764604,123970.0,2820.311178833742,0.02065270468989617,0.0,11001.167833002599,0.1841802999842912,128948.0,164562.0,20260613_041006,reported_loss
sur,ALL,1066,422404.61728160817,400992.0,5582.792844505447,0.01321669464797426,0.01,18262.916809643266,0.1841802999842912,400154.0,575587.0,20260613_041006,reported_loss
sur,commercial_auto,1090,21232.676859707175,21364.0,694.895001219281,0.03272762100656132,59.03,174.5319958848557,0.1685437000123784,19700.0,34665.0,20260613_041006,reported_loss
sur,private_passenger_auto,1090,1084793.6000549023,1084387.0,4421.343017507368,0.004075745853666173,46.01,1050.60467174339,0.1685437000123784,1020853.0,1295968.0,20260613_041006,reported_loss
sur,ALL,1090,1106026.2769146077,1105751.0,4382.059128148206,0.003961984646849877,47.49,1036.3135182192473,0.1685437000123784,1040553.0,1330633.0,20260613_041006,reported_loss
sur,workers_compensation,11126,149032.76785261807,149198.0,3501.428156265316,0.023494350985468905,51.980000000000004,829.1780423947259,0.19139770010951906,137115.0,207371.0,20260613_041006,reported_loss
sur,other_liability,11126,22033.0981310372,20392.0,1874.8156884735697,0.08509087906401085,19.34,932.2462917932578,0.19139770010951906,17534.0,74255.0,20260613_041006,reported_loss
sur,ALL,11126,171065.8659836551,169590.0,4073.7895040174762,0.02381415766723863,36.33,1160.2182336115366,0.19139770010951906,154649.0,281626.0,20260613_041006,reported_loss
sur,workers_compensation,1252,22343.617361614208,23620.0,576.2018842791197,0.025788209444949615,98.5,957.3857026204214,0.1939095000270754,22562.0,34226.0,20260613_041006,reported_loss
sur,other_liability,1252,9558.698459227013,9745.0,391.3708365200712,0.04094394631125547,69.06,129.78226937902969,0.1939095000270754,9840.0,20554.0,20260613_041006,reported_loss
sur,ALL,1252,31902.315820841086,33365.0,623.9135688873828,0.019556999322280975,98.88,1115.4790618348998,0.1939095000270754,32402.0,54780.0,20260613_041006,reported_loss
sur,commercial_auto,13439,3745.3663860352635,3667.0,237.20435279080766,0.06333274994810463,37.99,63.59613304991922,0.21828809997532517,3924.0,6305.0,20260613_041006,reported_loss
sur,private_passenger_auto,13439,36823.167166206724,36241.0,609.2836225423777,0.016546203638385784,16.68,344.7093444216748,0.21828809997532517,37696.0,55117.0,20260613_041006,reported_loss
sur,workers_compensation,13439,6243.427593618866,5701.0,529.4038146205492,0.08479377820632206,15.160000000000002,318.9625539098599,0.21828809997532517,6138.0,11286.0,20260613_041006,reported_loss
sur,ALL,13439,46811.961145861074,45609.0,870.4819535590052,0.01859528915797132,8.05,771.2364129420519,0.21828809997532517,47758.0,72708.0,20260613_041006,reported_loss
sur,private_passenger_auto,13501,100836.4220211177,100001.0,1239.0777846105573,0.01228799832218425,24.779999999999998,505.4383978247704,0.23534070001915097,96219.0,132076.0,20260613_041006,reported_loss
sur,workers_compensation,13501,4029.434747183309,5349.0,233.57413351878697,0.05796697258394916,100.0,1187.912867226763,0.23534070001915097,4002.0,8967.0,20260613_041006,reported_loss
sur,other_liability,13501,2686.3990242743776,2489.0,322.72386237535613,0.12013251175987416,28.24,115.2362978816484,0.23534070001915097,2357.0,7339.0,20260613_041006,reported_loss
sur,ALL,13501,107552.25579257544,107839.0,1356.8529517500688,0.01261575539956025,58.709999999999994,339.20199401794287,0.23534070001915097,102578.0,148382.0,20260613_041006,reported_loss
sur,commercial_auto,13528,20627.721495000376,19930.0,444.4770974207186,0.02154756149526492,5.7700000000000005,468.0749078077797,0.22625360009260476,19928.0,25863.0,20260613_041006,reported_loss
sur,private_passenger_auto,13528,4759.200243206996,4739.0,106.0171301554452,0.022276249104409476,42.8,25.801245704059617,0.22625360009260476,4732.0,5963.0,20260613_041006,reported_loss
sur,workers_compensation,13528,26756.848015567477,26562.0,889.24594759217,0.03323433115420752,42.28,221.43017321861936,0.22625360009260476,26687.0,56067.0,20260613_041006,reported_loss
sur,ALL,13528,52143.769753774824,51231.0,997.6273227088158,0.019132243936709138,18.0,532.3812281955826,0.22625360009260476,51347.0,87893.0,20260613_041006,reported_loss
sur,commercial_auto,13641,8069.739695438086,8591.0,313.63952419620125,0.03886612654600311,94.89,360.1533037798365,0.1914636999135837,8150.0,12780.0,20260613_041006,reported_loss
sur,private_passenger_auto,13641,70092.76188720088,70599.0,960.5011155804395,0.013703285328179222,70.55,330.8367571320541,0.1914636999135837,66026.0,84367.0,20260613_041006,reported_loss
sur,ALL,13641,78162.50158263907,79190.0,1049.086949668553,0.01342187018617082,83.54,622.494954331516,0.1914636999135837,74176.0,97147.0,20260613_041006,reported_loss
sur,commercial_auto,13889,1928.0177023608853,2100.0,129.52568837827653,0.0671807568051219,90.23,112.62202854725952,0.223719900008291,2079.0,6478.0,20260613_041006,reported_loss
sur,private_passenger_auto,13889,116977.72602655248,113934.0,1218.4364882283696,0.01041597002793335,0.62,2360.3032781182574,0.223719900008291,117605.0,153295.0,20260613_041006,reported_loss
sur,ALL,13889,118905.74372891347,116034.0,1225.1219342274042,0.010303303236725812,0.9199999999999999,2187.4832957258436,0.223719900008291,119684.0,159773.0,20260613_041006,reported_loss
sur,commercial_auto,14044,5568.992494323948,5403.0,134.34750166241588,0.024124202321936346,10.9,103.5757719991667,0.23118669993709773,5426.0,8864.0,20260613_041006,reported_loss
sur,private_passenger_auto,14044,36478.46062704009,36665.0,342.664671584318,0.009393616553279492,71.06,120.25483784480485,0.23118669993709773,36575.0,52943.0,20260613_041006,reported_loss
sur,other_liability,14044,4609.094262937986,4793.0,146.5765508124728,0.031801595378750214,89.05,117.74986264573255,0.23118669993709773,4410.0,10897.0,20260613_041006,reported_loss
sur,ALL,14044,46656.54738430177,46861.0,430.8551032133543,0.009234611804094219,68.66,140.15910565913765,0.23118669993709773,46411.0,72704.0,20260613_041006,reported_loss
sur,commercial_auto,14176,23955.857582151784,21775.0,1229.3347256571244,0.05131666530581795,3.4099999999999997,1514.8015941055824,0.23398010001983494,20021.0,38399.0,20260613_041006,reported_loss
sur,private_passenger_auto,14176,143359.52743029495,139279.0,2216.0965109802123,0.01545831344943387,3.02,2883.408599092144,0.23398010001983494,134019.0,188477.0,20260613_041006,reported_loss
sur,workers_compensation,14176,125582.30309040914,109695.0,3090.610099111008,0.024610235861704317,0.0,14145.19188133328,0.23398010001983494,110904.0,190543.0,20260613_041006,reported_loss
sur,other_liability,14176,4719.3734892309085,4783.0,192.8463886310566,0.040862709652268646,63.739999999999995,54.1141671193069,0.23398010001983494,4405.0,13525.0,20260613_041006,reported_loss
sur,ALL,14176,297617.06159208674,275532.0,3902.3715884847534,0.01311205603472201,0.0,19881.384671590306,0.23398010001983494,269349.0,430944.0,20260613_041006,reported_loss
sur,commercial_auto,14257,6705.405821927191,6871.0,190.37867492861022,0.028391819970993756,80.88,99.99985970493272,0.20204630005173385,6653.0,11424.0,20260613_041006,reported_loss
sur,private_passenger_auto,14257,115559.88859762785,115704.0,971.5898945983015,0.008407674205894361,56.16,237.96518124005945,0.20204630005173385,114501.0,151272.0,20260613_041006,reported_loss
sur,other_liability,14257,32208.99392484293,31670.0,426.03281522841854,0.013227138240409853,9.879999999999999,340.4658889972161,0.20204630005173385,32073.0,53121.0,20260613_041006,reported_loss
sur,ALL,14257,154474.2883443984,154245.0,1193.939890690188,0.007729052539982023,42.63,295.29095100409825,0.20204630005173385,153227.0,215817.0,20260613_041006,reported_loss
sur,commercial_auto,14311,7655.262275821376,7877.0,309.5344102746723,0.04043420056975914,76.88000000000001,140.49496233984308,0.19958569994196296,7582.0,13923.0,20260613_041006,reported_loss
sur,private_passenger_auto,14311,130932.6275381345,129106.0,2834.2696347474557,0.021646778866650077,26.21,1105.0104836363978,0.19958569994196296,128758.0,140359.0,20260613_041006,reported_loss
sur,ALL,14311,138587.88981395558,136983.0,2837.0852425393637,0.02047137918289938,28.999999999999996,1007.6254463008465,0.19958569994196296,136340.0,154282.0,20260613_041006,reported_loss
sur,commercial_auto,14320,1712.5206591337044,1830.0,224.71838127019024,0.1312208294081931,73.03,85.55106843874353,0.25582520000170916,1798.0,6020.0,20260613_041006,reported_loss
sur,workers_compensation,14320,10812.820452116393,11550.0,272.97228437042264,0.02524524341999906,99.61,584.2108540950644,0.25582520000170916,10479.0,13697.0,20260613_041006,reported_loss
sur,ALL,14320,12525.34111125011,13380.0,342.801370244307,0.027368625508841986,99.02,664.5982566369579,0.25582520000170916,12277.0,19717.0,20260613_041006,reported_loss
sur,commercial_auto,14508,10702.490117312116,11807.0,286.1091600395179,0.026732952509501872,99.97,943.477330510036,0.22236090002115816,10488.0,20264.0,20260613_041006,reported_loss
sur,workers_compensation,14508,56911.791108749756,56590.0,891.1286138384808,0.015658066570698327,36.22,253.21805121351412,0.22236090002115816,52797.0,77827.0,20260613_041006,reported_loss
sur,ALL,14508,67614.28122606188,68397.0,955.929679644246,0.014137984791233476,79.63,468.715233273359,0.22236090002115816,63285.0,98091.0,20260613_041006,reported_loss
sur,commercial_auto,14974,37409.20943969322,38445.0,1052.5352269080174,0.028135724937058407,83.61,637.2206595095167,0.20056159992236644,35725.0,50686.0,20260613_041006,reported_loss
sur,workers_compensation,14974,30137.787267388718,31222.0,955.6083180511303,0.03170797874352136,86.6,673.9385107763653,0.20056159992236644,28450.0,38753.0,20260613_041006,reported_loss
sur,ALL,14974,67546.99670708194,69667.0,1157.825786144651,0.017141040202950417,96.38,1499.9251344256636,0.20056159992236644,64175.0,89439.0,20260613_041006,reported_loss
sur,commercial_auto,15024,2637.8646441961464,2671.0,306.59904726992687,0.11623001504057794,56.10000000000001,75.04154238049239,0.19839209993369877,2777.0,5441.0,20260613_041006,reported_loss
sur,private_passenger_auto,15024,112884.7629591836,118706.0,2011.7771551130675,0.017821511977134392,99.74,4689.02142586103,0.19839209993369877,116005.0,141341.0,20260613_041006,reported_loss
sur,ALL,15024,115522.62760337934,121377.0,2069.9471316889485,0.01791810985113359,99.69,4691.123000396871,0.19839209993369877,118782.0,146782.0,20260613_041006,reported_loss
sur,workers_compensation,15148,767.1004648878802,752.0,37.687139169192804,0.04912933949883758,35.6,10.995164195451217,0.16576930007431656,741.0,2241.0,20260613_041006,reported_loss
sur,other_liability,15148,362.172829177447,349.0,20.487166076474065,0.056567374540502466,26.76,7.444200595912212,0.16576930007431656,350.0,1032.0,20260613_041006,reported_loss
sur,ALL,15148,1129.2732940653257,1101.0,39.797892442993415,0.035242038089577994,24.26,16.54962478943379,0.16576930007431656,1091.0,3273.0,20260613_041006,reported_loss
sur,commercial_auto,15199,1844.9044141146408,2033.0,106.99262862947947,0.05799358915883164,94.43,135.87824809939067,0.2528200000524521,1833.0,2580.0,20260613_041006,reported_loss
sur,private_passenger_auto,15199,109213.05210398443,106528.0,1205.573520386236,0.011038731151276496,1.23,2015.9864210064575,0.2528200000524521,102567.0,149084.0,20260613_041006,reported_loss
sur,workers_compensation,15199,1292.57383338807,1349.0,107.89715152692354,0.0834746524646144,70.74000000000001,38.06376821260602,0.2528200000524521,1363.0,3354.0,20260613_041006,reported_loss
sur,ALL,15199,112350.53035148697,109910.0,1145.3199372049403,0.010194165827449357,1.51,1807.3878031836011,0.2528200000524521,105763.0,155018.0,20260613_041006,reported_loss
sur,commercial_auto,1538,89194.87372714865,91035.0,1825.1874166436671,0.02046291833123731,84.37,1130.1752814590754,0.3094638000475243,90572.0,121671.0,20260613_041006,reported_loss
sur,private_passenger_auto,1538,311493.47687556327,312319.0,2165.787983600552,0.006952916013922661,64.59,629.2662130196677,0.3094638000475243,316387.0,402879.0,20260613_041006,reported_loss
sur,workers_compensation,1538,133294.6589612038,134900.0,1260.898503042891,0.009459482569439508,89.74,1017.896100863544,0.3094638000475243,138706.0,252542.0,20260613_041006,reported_loss
sur,other_liability,1538,16796.205502253644,15961.0,1303.975046283712,0.07763509717172429,26.93,483.3821325015799,0.3094638000475243,17220.0,33445.0,20260613_041006,reported_loss
sur,ALL,1538,550779.2150661701,554215.0,3852.683763035143,0.006994969413601211,81.71000000000001,2077.638151832802,0.3094638000475243,562885.0,810537.0,20260613_041006,reported_loss
sur,private_passenger_auto,16373,9752.840509747799,9780.0,84.28065250191267,0.008641651877488983,62.18,23.214501710334247,0.19850080006290227,9565.0,16248.0,20260613_041006,reported_loss
sur,other_liability,16373,203.22586598199055,204.0,6.017930810968869,0.029612031824247043,56.67,1.4975210715749676,0.19850080006290227,203.0,464.0,20260613_041006,reported_loss
sur,ALL,16373,9956.066375729837,9984.0,84.50007247910995,0.00848729501091897,62.470000000000006,23.49329128072297,0.19850080006290227,9768.0,16712.0,20260613_041006,reported_loss
sur,commercial_auto,1767,2274268.691595483,2232066.0,18180.052714424517,0.007993801603833601,1.0699999999999998,32068.640144960213,0.2143258999567479,2041548.0,3543796.0,20260613_041006,reported_loss
sur,private_passenger_auto,1767,91910036.89495699,91532402.0,382586.54443491943,0.004162619854806211,16.28,226886.83709098055,0.2143258999567479,86390103.0,117655840.0,20260613_041006,reported_loss
sur,workers_compensation,1767,1836397.6169062306,1843847.0,31616.92658109279,0.017216819652792658,59.12,8010.408213774608,0.2143258999567479,1632452.0,2905415.0,20260613_041006,reported_loss
sur,other_liability,1767,2418121.18879158,2207154.0,83039.90270299822,0.03434067038819348,0.37,164295.81729397533,0.2143258999567479,1677949.0,2414413.0,20260613_041006,reported_loss
sur,ALL,1767,98438824.39225003,97815469.0,455376.4862604388,0.0046259846058898085,8.51,401076.1782676183,0.2143258999567479,91742052.0,126519464.0,20260613_041006,reported_loss
sur,commercial_auto,18163,31517.661875742888,32347.0,1323.4259992432972,0.04198998023587063,73.99,521.6696977468858,0.24864540004637092,31224.0,41961.0,20260613_041006,reported_loss
sur,private_passenger_auto,18163,129182.01541125782,130352.0,1085.4836053370525,0.00840274555154878,85.9,720.1605592047615,0.24864540004637092,128013.0,166481.0,20260613_041006,reported_loss
sur,other_liability,18163,6783.15754257716,7352.0,495.075841891681,0.07298604503642184,87.18,359.6105196032265,0.24864540004637092,6602.0,16737.0,20260613_041006,reported_loss
sur,ALL,18163,167482.8348295778,170051.0,1962.53176957245,0.011717808404481717,90.25999999999999,1652.9192984363474,0.24864540004637092,165839.0,225179.0,20260613_041006,reported_loss
sur,commercial_auto,18767,83932.38603784953,79694.0,1747.5486534975846,0.02082090997281458,0.51,3257.0635550733796,0.19338149996474385,77752.0,123653.0,20260613_041006,reported_loss
sur,workers_compensation,18767,181676.78350393978,180944.0,3740.530352981854,0.020588928760403434,42.43,920.3440895437043,0.19338149996474385,183247.0,310557.0,20260613_041006,reported_loss
sur,ALL,18767,265609.16954178957,260638.0,4138.826538430375,0.015582393279457898,11.28,3080.738590581986,0.19338149996474385,260999.0,434210.0,20260613_041006,reported_loss
sur,commercial_auto,18791,11082.950943510521,11084.0,238.82827981918487,0.02154915969911675,51.01,55.76778784044092,0.20368249993771315,10848.0,15736.0,20260613_041006,reported_loss
sur,private_passenger_auto,18791,91777.56335992088,93075.0,1147.4541322725363,0.012502556074327287,87.08,807.8610709532473,0.20368249993771315,91339.0,128601.0,20260613_041006,reported_loss
sur,workers_compensation,18791,1858.5477677781191,2107.0,140.95981788860166,0.0758440650988046,95.42,175.3417565524514,0.20368249993771315,1869.0,3076.0,20260613_041006,reported_loss
sur,ALL,18791,104719.06207120896,106266.0,1119.1553094221483,0.010687216704262714,91.16,1006.9984184562986,0.20368249993771315,104056.0,147413.0,20260613_041006,reported_loss
sur,private_passenger_auto,2003,12334140.783047007,12428163.0,86199.1156611285,0.0069886599461883225,86.02,57310.96909168425,0.17020739999134094,11724695.0,17482366.0,20260613_041006,reported_loss
sur,other_liability,2003,247585.9369863769,277202.0,11519.42740444207,0.04652698592115881,99.11,23207.865869511217,0.17020739999134094,209526.0,646894.0,20260613_041006,reported_loss
sur,ALL,2003,12581726.7200333,12705365.0,91499.99200480271,0.0072724510745501665,91.3,79491.80729000273,0.17020739999134094,11934221.0,18129260.0,20260613_041006,reported_loss
sur,commercial_auto,2135,492230.1667478608,527697.0,8261.455555154746,0.016783724593187277,100.0,30807.616483507787,0.314314299961552,453618.0,667326.0,20260613_041006,reported_loss
sur,workers_compensation,2135,609838.7968559191,642976.0,47043.44606604422,0.07714078918655407,76.62,20536.05644410528,0.314314299961552,567100.0,1136260.0,20260613_041006,reported_loss
sur,other_liability,2135,75621.27716920878,92770.0,8607.274238673923,0.11382079965952498,96.84,12602.44365282821,0.314314299961552,72455.0,263934.0,20260613_041006,reported_loss
sur,ALL,2135,1177690.2407729873,1263443.0,50233.468344072244,0.04265422825538664,95.09,59771.87434571408,0.314314299961552,1093173.0,2067520.0,20260613_041006,reported_loss
sur,commercial_auto,2143,40805.923638899316,41492.0,1045.0024653019946,0.025609087409697022,74.88,420.0215340041798,0.26535430003423244,39869.0,59794.0,20260613_041006,reported_loss
sur,private_passenger_auto,2143,135731.9620297971,136257.0,1417.8037415108909,0.010445614432359283,65.19,411.85229520747396,0.26535430003423244,136125.0,174317.0,20260613_041006,reported_loss
sur,other_liability,2143,10666.700915886293,10836.0,511.25420950493935,0.04792992824459065,64.4,143.0982079957206,0.26535430003423244,10682.0,23410.0,20260613_041006,reported_loss
sur,ALL,2143,187204.58658458298,188585.0,1820.947330301777,0.009727044425159074,77.60000000000001,835.1607249149124,0.26535430003423244,186676.0,257521.0,20260613_041006,reported_loss
sur,commercial_auto,2208,5730.936645611923,5528.0,323.38186915277834,0.056427402560868666,27.02,121.93384302205118,0.23871589999180287,5368.0,8872.0,20260613_041006,reported_loss
sur,other_liability,2208,1959.8025797391117,2660.0,371.1415901157049,0.18937702907050524,95.52000000000001,513.9012360904327,0.23871589999180287,1857.0,5829.0,20260613_041006,reported_loss
sur,ALL,2208,7690.739225351025,8188.0,493.26819042709496,0.06413794252718027,84.6,313.7377105771092,0.23871589999180287,7225.0,14701.0,20260613_041006,reported_loss
sur,commercial_auto,25275,1256.8900880743097,1062.0,104.49918717432497,0.0831410703018821,2.23,137.72075561679856,0.18581029993947595,1183.0,2475.0,20260613_041006,reported_loss
sur,private_passenger_auto,25275,101788.44410422217,103629.0,1572.9258952815528,0.015452892606070476,87.85,1143.9668040599913,0.18581029993947595,104468.0,136467.0,20260613_041006,reported_loss
sur,ALL,25275,103045.33419229688,104691.0,1567.05886902256,0.015207470394517919,85.46000000000001,1001.8910671428764,0.18581029993947595,105651.0,138942.0,20260613_041006,reported_loss
sur,commercial_auto,27022,2092.1075514801782,1970.0,161.85521928887246,0.07736467428472257,23.32,69.6030978762203,0.20166150003205985,1861.0,2705.0,20260613_041006,reported_loss
sur,private_passenger_auto,27022,63621.38442775032,60411.0,707.9739180295251,0.011127923801053307,0.0,2810.513182062057,0.20166150003205985,60057.0,69961.0,20260613_041006,reported_loss
sur,ALL,27022,65713.49197923046,62381.0,759.5487447380176,0.011558490073516139,0.0,2903.5830712107486,0.20166150003205985,61918.0,72666.0,20260613_041006,reported_loss
sur,commercial_auto,27065,3552.9775803561943,3620.0,138.54636539008504,0.03899443839895985,69.31,46.23009867986258,0.2394266000483185,3369.0,4435.0,20260613_041006,reported_loss
sur,private_passenger_auto,27065,42800.54803067409,43585.0,567.345810892906,0.01325557351476676,91.47999999999999,512.4438197466197,0.2394266000483185,41817.0,54838.0,20260613_041006,reported_loss
sur,other_liability,27065,20587.10921097943,20232.0,639.0863548872995,0.031043035150678886,29.26,221.72282198192488,0.2394266000483185,20181.0,32915.0,20260613_041006,reported_loss
sur,ALL,27065,66940.63482200971,67437.0,858.1007059375469,0.01281883131552568,72.25,316.2274914774093,0.2394266000483185,65367.0,92188.0,20260613_041006,reported_loss
sur,commercial_auto,2712,343527.76575291733,343410.0,5901.557123432316,0.017179272570581723,49.65,1377.0710599788727,0.16306040005292743,312289.0,462818.0,20260613_041006,reported_loss
sur,workers_compensation,2712,556439.134475911,571527.0,7609.721149293522,0.01367574758461378,97.56,10947.348889599916,0.16306040005292743,537633.0,846036.0,20260613_041006,reported_loss
sur,ALL,2712,899966.9002288261,914937.0,9197.211032685813,0.010219499217523804,94.54,10199.237063905384,0.16306040005292743,849922.0,1308854.0,20260613_041006,reported_loss
sur,private_passenger_auto,29440,67761.3793378467,71892.0,2088.251487083915,0.030817724011671144,97.39999999999999,2999.458971813776,0.1880893000634387,65990.0,82532.0,20260613_041006,reported_loss
sur,other_liability,29440,559.2052840740639,497.0,283.14334832170067,0.506331675299763,52.21,55.81052524915674,0.1880893000634387,501.0,933.0,20260613_041006,reported_loss
sur,ALL,29440,68320.5846219208,72389.0,2100.814051693548,0.030749357068872295,97.08,2934.2627134360673,0.1880893000634387,66491.0,83465.0,20260613_041006,reported_loss
sur,commercial_auto,31550,13310.145012913168,13511.0,361.64536725916196,0.02717065568469034,71.92,130.99665907837144,0.22463100007735193,13068.0,20966.0,20260613_041006,reported_loss
sur,private_passenger_auto,31550,33084.09638858748,33123.0,371.2694682116956,0.011221992097078002,54.21,88.14359890449458,0.22463100007735193,33027.0,41106.0,20260613_041006,reported_loss
sur,ALL,31550,46394.241401500716,46634.0,623.3604954256231,0.013436160967284599,65.13,185.30006904470088,0.22463100007735193,46095.0,62072.0,20260613_041006,reported_loss
sur,commercial_auto,3240,92345.88248451074,92662.0,1908.1459506352132,0.020663032279271014,57.330000000000005,474.2910092116308,0.27515260002110153,89362.0,160285.0,20260613_041006,reported_loss
sur,private_passenger_auto,3240,1076891.808938511,1086131.0,9207.737372996711,0.0085502901002402,84.1,5614.763563071877,0.27515260002110153,1058101.0,1408635.0,20260613_041006,reported_loss
sur,workers_compensation,3240,39049.6290886726,40544.0,988.4516579538107,0.025312702860999462,93.24,1001.5079337700532,0.27515260002110153,38946.0,93276.0,20260613_041006,reported_loss
sur,other_liability,3240,14276.40987885833,14248.0,965.5696584642482,0.06763392664244967,50.160000000000004,227.47204853806477,0.27515260002110153,14487.0,43790.0,20260613_041006,reported_loss
sur,ALL,3240,1222563.730390548,1233585.0,10378.467145586079,0.008489101130352263,85.72999999999999,6753.298468639975,0.27515260002110153,1200896.0,1705986.0,20260613_041006,reported_loss
sur,commercial_auto,32875,5556.013128252348,4183.0,682.3221487644803,0.12280787194235909,1.02,993.1630585096011,0.24274840008001775,4473.0,5892.0,20260613_041006,reported_loss
sur,other_liability,32875,20536.241141419327,19662.0,2099.774626289509,0.10224727163212433,36.33,589.2731082658809,0.24274840008001775,18436.0,45428.0,20260613_041006,reported_loss
sur,ALL,32875,26092.254269671677,23845.0,2179.9907391554743,0.0835493444385672,14.77,1301.9298477870248,0.24274840008001775,22909.0,51320.0,20260613_041006,reported_loss
sur,commercial_auto,34606,687.1053915665793,597.0,133.40504501074582,0.19415514220691296,26.029999999999998,50.461474332638474,0.23476799996569753,616.0,2468.0,20260613_041006,reported_loss
sur,private_passenger_auto,34606,11539.811071103873,12032.0,259.4126378087654,0.022479799384094296,96.64,353.6364688824101,0.23476799996569753,11240.0,19193.0,20260613_041006,reported_loss
sur,other_liability,34606,574.0756277838602,498.0,83.76289958694751,0.14590917212476454,18.32,43.48039116231889,0.23476799996569753,482.0,958.0,20260613_041006,reported_loss
sur,ALL,34606,12800.992090454269,13127.0,282.8005702458516,0.022092082257963167,87.49,205.09355799796748,0.23476799996569753,12338.0,22619.0,20260613_041006,reported_loss
sur,commercial_auto,353,38874.535521665806,40061.0,1060.8139521710953,0.027288144744002808,86.87,734.8684674568368,0.251162700005807,35789.0,52429.0,20260613_041006,reported_loss
sur,private_passenger_auto,353,127943.53020352492,125477.0,1230.2606365860154,0.009615653363862872,2.04,1795.0738676015285,0.251162700005807,120832.0,155061.0,20260613_041006,reported_loss
sur,workers_compensation,353,34735.40132647916,35658.0,412.8862504791142,0.011886612352578945,98.42,696.1793528507784,0.251162700005807,34609.0,53892.0,20260613_041006,reported_loss
sur,ALL,353,201553.46705166937,201196.0,1846.6345472119642,0.009162008345599775,42.42,449.2687313125,0.251162700005807,191230.0,261382.0,20260613_041006,reported_loss
sur,commercial_auto,38733,27088.15530101968,27302.0,1634.656167127566,0.060345791323266396,56.75,396.04478672692153,0.24687329994048923,24656.0,50107.0,20260613_041006,reported_loss
sur,workers_compensation,38733,196700.5020630684,203178.0,3130.609505256095,0.01591561522426782,97.89999999999999,4766.095666067298,0.24687329994048923,192452.0,387839.0,20260613_041006,reported_loss
sur,other_liability,38733,26302.89284973197,24298.0,2139.4964903153464,0.08134072942235888,17.119999999999997,1147.3753621036205,0.24687329994048923,22899.0,67882.0,20260613_041006,reported_loss
sur,ALL,38733,250091.5502138202,254778.0,3972.9607588930644,0.015886025559425383,87.86,2950.1653986956294,0.24687329994048923,240007.0,505828.0,20260613_041006,reported_loss
sur,commercial_auto,388,696893.6808018946,750175.0,6548.939171784951,0.009397328964511894,100.0,49586.74796545885,0.17501130001619458,664334.0,1086150.0,20260613_041006,reported_loss
sur,private_passenger_auto,388,909307.6397697218,923360.0,13077.713485367054,0.01438205609784487,85.67,8576.070936296532,0.17501130001619458,878230.0,1270861.0,20260613_041006,reported_loss
sur,workers_compensation,388,1249552.972652861,1309643.0,25658.824091050345,0.020534402824536065,98.92999999999999,45855.679770536815,0.17501130001619458,1220155.0,2372911.0,20260613_041006,reported_loss
sur,ALL,388,2855754.2932244698,2983178.0,30685.53446063593,0.010745159180339877,100.0,110123.6739806861,0.17501130001619458,2762719.0,4729922.0,20260613_041006,reported_loss
sur,commercial_auto,40568,12022.936963341554,13221.0,617.8761225697571,0.0513914465703087,97.07000000000001,864.6641739040697,0.2362417000113055,10816.0,16933.0,20260613_041006,reported_loss
sur,private_passenger_auto,40568,3963.261564417182,3834.0,190.27905814713603,0.04801072426192934,25.3,76.62007504110012,0.2362417000113055,3526.0,4322.0,20260613_041006,reported_loss
sur,ALL,40568,15986.198527758721,17055.0,701.6763925045149,0.04389263596883971,93.47999999999999,715.8967659784356,0.2362417000113055,14342.0,21255.0,20260613_041006,reported_loss
sur,workers_compensation,41300,37868.63866766976,37915.0,423.81110395714853,0.011191611815688956,54.47,101.92373744238591,0.27347110002301633,36486.0,52950.0,20260613_041006,reported_loss
sur,other_liability,41300,5317.640874282035,5562.0,581.462253037132,0.10934590484462502,69.38,197.15864618160316,0.27347110002301633,4921.0,18842.0,20260613_041006,reported_loss
sur,ALL,41300,43186.27954195182,43477.0,650.1303982451108,0.015054096003189254,69.16,213.06337750478968,0.27347110002301633,41407.0,71792.0,20260613_041006,reported_loss
sur,private_passenger_auto,42439,64003.6533214091,68613.0,3012.4693085577996,0.0470671462053891,93.21000000000001,3093.814965867995,0.2048073000041768,60101.0,80711.0,20260613_041006,reported_loss
sur,other_liability,42439,26508.242569776332,33550.0,3659.792026056875,0.1380624164888859,96.11,5164.259039004834,0.2048073000041768,20515.0,74965.0,20260613_041006,reported_loss
sur,ALL,42439,90511.89589118514,102163.0,4449.111617660818,0.04915499309626231,99.22999999999999,9183.387330584657,0.2048073000041768,80616.0,155676.0,20260613_041006,reported_loss
sur,commercial_auto,4839,152658.6811720092,154686.0,2227.465086845964,0.01459114588010984,82.17,1220.6495897677282,0.19129430002067238,152678.0,246195.0,20260613_041006,reported_loss
sur,private_passenger_auto,4839,3026575.1743968087,3028991.0,15902.521773152703,0.005254295980380546,55.510000000000005,3868.6661245320865,0.19129430002067238,3061595.0,4078168.0,20260613_041006,reported_loss
sur,ALL,4839,3179233.855568821,3183677.0,16410.699660657297,0.0051618409988657896,60.35,4304.395572667547,0.19129430002067238,3214273.0,4324363.0,20260613_041006,reported_loss
sur,commercial_auto,5185,88790.17116952591,88539.0,1856.8207088384938,0.020912457813526346,44.4,446.26302354280006,0.25291240005753934,84628.0,105505.0,20260613_041006,reported_loss
sur,private_passenger_auto,5185,260589.37884569916,260501.0,2585.6213644365093,0.00992220548623171,48.67,601.181559138656,0.25291240005753934,252884.0,351763.0,20260613_041006,reported_loss
sur,workers_compensation,5185,109935.03861223288,106900.0,2791.484319831105,0.025392125705047838,13.94,1830.3741723661017,0.25291240005753934,104185.0,200467.0,20260613_041006,reported_loss
sur,other_liability,5185,138055.98439490487,141675.0,1974.074657580909,0.014299087911568755,96.56,2558.70745049138,0.25291240005753934,136865.0,196774.0,20260613_041006,reported_loss
sur,ALL,5185,597370.5730223606,597615.0,5470.724819968546,0.009158008557886845,51.81,1299.8050942356185,0.25291240005753934,578562.0,854509.0,20260613_041006,reported_loss
sur,commercial_auto,620,370111.7574122413,389323.0,7338.9165170039905,0.019828920238353007,99.55000000000001,15102.851051507669,0.21118069998919964,365697.0,553119.0,20260613_041006,reported_loss
sur,private_passenger_auto,620,506838.38034627476,504924.0,3595.5150138930967,0.007094006991807963,29.630000000000003,1226.6506390495515,0.21118069998919964,500607.0,589907.0,20260613_041006,reported_loss
sur,other_liability,620,403197.3231297094,455387.0,14090.549408915196,0.0349470311448031,99.98,44254.68173496633,0.21118069998919964,399454.0,719473.0,20260613_041006,reported_loss
sur,ALL,620,1280147.4608882258,1349634.0,15811.812867705603,0.012351555856490651,99.99,60572.60700848169,0.21118069998919964,1265758.0,1862499.0,20260613_041006,reported_loss
sur,commercial_auto,6408,16957.759881077858,16269.0,446.5543114527212,0.026333331441436687,5.949999999999999,457.8287854698436,0.16897699993569404,15165.0,22367.0,20260613_041006,reported_loss
sur,workers_compensation,6408,36171.47955763607,37533.0,899.2088859022425,0.02485961030345558,93.35,909.6464392806566,0.16897699993569404,33603.0,64881.0,20260613_041006,reported_loss
sur,ALL,6408,53129.23943871414,53802.0,988.4398953857215,0.018604442785707685,75.69,410.34185943501745,0.16897699993569404,48768.0,87248.0,20260613_041006,reported_loss
sur,commercial_auto,6459,8863.201984804342,8835.0,341.5961603476766,0.03854094275785789,47.27,79.74336758702418,0.19442160008475184,8211.0,16769.0,20260613_041006,reported_loss
sur,other_liability,6459,11693.146499998074,9688.0,990.7292082381645,0.08472734077507091,1.32,1450.7070004215625,0.19442160008475184,9201.0,29730.0,20260613_041006,reported_loss
sur,ALL,6459,20556.348484802395,18523.0,1027.5503033703023,0.049987005431922166,1.7500000000000002,1462.3464858466418,0.19442160008475184,17412.0,46499.0,20260613_041006,reported_loss
sur,commercial_auto,671,51098.12697191196,53308.0,2069.4243358805434,0.04049902527773829,85.65,1355.2973849390203,0.19572830002289265,47264.0,59467.0,20260613_041006,reported_loss
sur,workers_compensation,671,99826.19171260032,99907.0,2746.2579519460164,0.02751039486563301,52.059999999999995,646.2780368360304,0.19572830002289265,96632.0,165779.0,20260613_041006,reported_loss
sur,other_liability,671,6179.011394057952,6071.0,641.3459568144808,0.10379426673840274,44.800000000000004,153.1265108368023,0.19572830002289265,4947.0,15626.0,20260613_041006,reported_loss
sur,ALL,671,157103.3300785698,159286.0,3169.737259459267,0.02017613030783009,76.08,1353.535010856283,0.19572830002289265,148843.0,240872.0,20260613_041006,reported_loss
sur,private_passenger_auto,6807,11815.072501083283,11771.0,108.97267912816069,0.00922319174242641,34.449999999999996,32.28696176629711,0.18173909990582615,11605.0,14198.0,20260613_041006,reported_loss
sur,workers_compensation,6807,172410.37403275725,194402.0,2604.6739499546693,0.015107408498863254,100.0,20522.297822120025,0.18173909990582615,166709.0,347129.0,20260613_041006,reported_loss
sur,ALL,6807,184225.44653384105,206173.0,2637.0894836359216,0.014314469218298272,100.0,20459.974442936094,0.18173909990582615,178314.0,361327.0,20260613_041006,reported_loss
sur,commercial_auto,6947,16359.882295336556,16731.0,315.35401664540166,0.019276056572564367,88.19,231.73938697388036,0.2187497999984771,15710.0,32028.0,20260613_041006,reported_loss
sur,private_passenger_auto,6947,900318.4951879602,909292.0,4350.826294707241,0.004832541281737098,97.84,6599.173041235845,0.2187497999984771,865910.0,1088573.0,20260613_041006,reported_loss
sur,other_liability,6947,20041.51470450003,19790.0,664.9171006605039,0.03317698838956551,36.0,188.3068080544664,0.2187497999984771,18921.0,44522.0,20260613_041006,reported_loss
sur,ALL,6947,936719.8921878004,945813.0,4645.6480869488105,0.004959484821122404,97.39999999999999,6581.7140255775375,0.2187497999984771,900541.0,1165123.0,20260613_041006,reported_loss
sur,commercial_auto,7080,329012.5817636234,335527.0,6110.355706824773,0.01857179951621033,85.63,4000.5541841141876,0.19763760000932962,302817.0,526707.0,20260613_041006,reported_loss
sur,private_passenger_auto,7080,1462910.9974358345,1477235.0,11487.095049837319,0.007852217305066203,89.29,9012.459723046011,0.19763760000932962,1353049.0,1825656.0,20260613_041006,reported_loss
sur,workers_compensation,7080,2034235.815666172,2020225.0,30756.594604493537,0.01511948337927644,32.87,9598.362522911444,0.19763760000932962,1910809.0,2738156.0,20260613_041006,reported_loss
sur,ALL,7080,3826159.394865631,3832987.0,40220.74103584929,0.01051204011255307,57.120000000000005,9860.021274751693,0.19763760000932962,3566675.0,5090519.0,20260613_041006,reported_loss
sur,commercial_auto,715,111618.6237160604,108222.0,2138.183756685704,0.019156155894959743,5.56,2285.0026260649356,0.24019779998343438,104556.0,142808.0,20260613_041006,reported_loss
sur,private_passenger_auto,715,169387.69193895775,165810.0,1906.2409919267993,0.011253716076453486,3.18,2545.5968067414838,0.24019779998343438,163025.0,210516.0,20260613_041006,reported_loss
sur,workers_compensation,715,247965.68394369274,242834.0,2558.13360799741,0.010316482374949523,2.25,3728.146070887052,0.24019779998343438,252445.0,482874.0,20260613_041006,reported_loss
sur,other_liability,715,67111.42251298469,65381.0,2220.8210519864956,0.03309155086910596,21.9,1014.4678637916886,0.24019779998343438,58541.0,141168.0,20260613_041006,reported_loss
sur,ALL,715,596083.4221116992,582247.0,4643.167002474267,0.007789458371489805,0.16999999999999998,11222.50194408731,0.24019779998343438,578567.0,977366.0,20260613_041006,reported_loss
sur,commercial_auto,833,24377.13563517563,24613.0,622.7655329936141,0.025547116868602813,65.83,185.3733728268163,0.1559770000167191,23721.0,31134.0,20260613_041006,reported_loss
sur,other_liability,833,15635.571506722199,11462.0,1529.0447135310915,0.09779269743185975,0.13,3314.308418489653,0.1559770000167191,11335.0,20478.0,20260613_041006,reported_loss
sur,ALL,833,40012.70714189789,36075.0,1697.5622618595057,0.0424255788502239,0.79,2989.130656427359,0.1559770000167191,35056.0,51612.0,20260613_041006,reported_loss
sur,commercial_auto,8427,7892.972564765306,8202.0,370.449819560593,0.0469341324223402,79.86,189.19038040598116,0.20367489999625832,7768.0,12065.0,20260613_041006,reported_loss
sur,private_passenger_auto,8427,123361.60245826635,127063.0,1641.784951502523,0.013308719397171776,98.69,2788.60396590247,0.20367489999625832,123528.0,157203.0,20260613_041006,reported_loss
sur,ALL,8427,131254.57502303243,135265.0,1680.0714944970898,0.012800098542868106,99.06,3072.0694339649226,0.20367489999625832,131296.0,169268.0,20260613_041006,reported_loss
sur,private_passenger_auto,8559,149967.47346787565,146153.0,1541.7940737982951,0.010280856496049198,0.59,2949.173613487441,0.21655819995794445,149072.0,155743.0,20260613_041006,reported_loss
sur,workers_compensation,8559,83180.76676080177,81921.0,1336.1707324287495,0.01606345774944706,17.48,746.7769297156616,0.21655819995794445,78154.0,106389.0,20260613_041006,reported_loss
sur,ALL,8559,233148.2402286768,228074.0,2316.831422723949,0.00993716023956068,1.27,3787.8497278791406,0.21655819995794445,227226.0,262132.0,20260613_041006,reported_loss
sur,commercial_auto,8672,144560.56677648073,140795.0,3631.9897827425557,0.025124346588640118,14.87,2240.201261385896,0.21008829993661493,139619.0,266116.0,20260613_041006,reported_loss
sur,workers_compensation,8672,77772.37919363873,80320.0,730.8437637919407,0.009397214941467535,99.97,2135.6091460760904,0.21008829993661493,76947.0,121755.0,20260613_041006,reported_loss
sur,ALL,8672,222332.94597012005,221115.0,3935.1441323617314,0.01769932978304793,38.65,1049.9159169202949,0.21008829993661493,216566.0,387871.0,20260613_041006,reported_loss
sur,commercial_auto,9466,89302.13857270776,99207.0,3174.7195314003593,0.03555031919885743,99.88,8116.074156057909,0.1859563000034541,78097.0,123233.0,20260613_041006,reported_loss
sur,workers_compensation,9466,151785.00648533646,164276.0,3156.19976004492,0.02079388361952491,99.99,10710.179399664894,0.1859563000034541,137109.0,237720.0,20260613_041006,reported_loss
sur,ALL,9466,241087.14505804333,263483.0,4929.188404526482,0.02044567081060978,100.0,19613.891251833138,0.1859563000034541,215206.0,360953.0,20260613_041006,reported_loss
nn_transformer,commercial_auto,10022,6270.863644749045,5882.0,463.80691885607075,0.07396220762102569,17.5,230.29641770544373,274.6561157000251,5913.0,12090.0,20260613_041006,reported_loss
nn_transformer,private_passenger_auto,10022,67082.2279026664,63628.0,938.5778557930108,0.013991453252787747,0.1,2953.092884823923,0.18614949996117502,66117.0,74078.0,20260613_041006,reported_loss
nn_transformer,commercial_auto,1066,67122.05527772363,63145.0,2562.921330647003,0.038182998420454826,5.5,2734.9360280156425,0.17923210002481937,63941.0,96880.0,20260613_041006,reported_loss
nn_transformer,private_passenger_auto,1066,215408.20541474826,213877.0,4042.818834330182,0.018768174715285867,33.0,1213.9902815137493,0.16334750002715737,207265.0,314145.0,20260613_041006,reported_loss
nn_transformer,workers_compensation,1066,130012.26396387556,123970.0,2022.162521302726,0.015553629016602557,0.5,4935.918771538205,0.16124139993917197,128948.0,164562.0,20260613_041006,reported_loss
nn_transformer,commercial_auto,1090,20833.395005352064,21364.0,958.0809630659783,0.045987750091612475,74.7,337.792058316978,0.14885530003812164,19700.0,34665.0,20260613_041006,reported_loss
nn_transformer,private_passenger_auto,1090,1062721.4228254838,1084387.0,21053.39974292302,0.019810835926265438,89.8,13364.952783580022,0.15300719998776913,1020853.0,1295968.0,20260613_041006,reported_loss
nn_transformer,workers_compensation,11126,142089.88519166503,149198.0,3684.1776061485157,0.02592850012637373,97.8,5167.690125992725,0.14091030007693917,137115.0,207371.0,20260613_041006,reported_loss
nn_transformer,other_liability,11126,19454.030814778966,20392.0,1749.3978997826096,0.08992470076965312,72.8,588.3677158591615,0.13827569992281497,17534.0,74255.0,20260613_041006,reported_loss
nn_transformer,workers_compensation,1252,22966.695223699404,23620.0,873.3253035879189,0.038025727910854665,81.0,412.79968115261465,0.13673799997195601,22562.0,34226.0,20260613_041006,reported_loss
nn_transformer,other_liability,1252,10110.36232781611,9745.0,617.8755262293829,0.06111309428836732,26.0,205.31259261645914,0.13569300004746765,9840.0,20554.0,20260613_041006,reported_loss
nn_transformer,commercial_auto,13439,4081.4091923208744,3667.0,298.5270420196755,0.07314312972621093,7.000000000000001,277.259845221574,0.14799909992143512,3924.0,6305.0,20260613_041006,reported_loss
nn_transformer,private_passenger_auto,13439,38566.00400704102,36241.0,1045.019827162086,0.027096917455365507,1.0,1778.751022924992,0.1656257000286132,37696.0,55117.0,20260613_041006,reported_loss
nn_transformer,workers_compensation,13439,6267.085987710354,5701.0,442.8629500638096,0.07066489129593181,6.2,366.79967567067916,0.18327039992436767,6138.0,11286.0,20260613_041006,reported_loss
nn_transformer,private_passenger_auto,13501,98680.06563823341,100001.0,1764.0329411241717,0.01787628463474289,83.6,877.4077661897434,0.20489549997728318,96219.0,132076.0,20260613_041006,reported_loss
nn_transformer,workers_compensation,13501,4098.768541456209,5349.0,445.16111051349407,0.1086085018002352,98.7,1022.3631636284687,0.20800690003670752,4002.0,8967.0,20260613_041006,reported_loss
nn_transformer,other_liability,13501,2490.8778967146905,2489.0,329.6611061346934,0.13234735695775993,50.6,61.06251880498718,0.16561319993343204,2357.0,7339.0,20260613_041006,reported_loss
nn_transformer,commercial_auto,13528,20870.698864085454,19930.0,1020.1483246515375,0.0488794520631516,14.299999999999999,562.5316385493799,0.1625724999466911,19928.0,25863.0,20260613_041006,reported_loss
nn_transformer,private_passenger_auto,13528,4885.9525682138865,4739.0,183.83971379214765,0.03762617651840044,16.3,80.2370308640478,0.1958865000633523,4732.0,5963.0,20260613_041006,reported_loss
nn_transformer,workers_compensation,13528,27099.107126573253,26562.0,1495.648274268288,0.055191791644000794,35.3,358.39984572783055,0.20641390001401305,26687.0,56067.0,20260613_041006,reported_loss
nn_transformer,commercial_auto,13641,8557.026888056736,8591.0,468.60594328435104,0.0547627054834193,53.6,98.51650448715264,0.26793879992328584,8150.0,12780.0,20260613_041006,reported_loss
nn_transformer,private_passenger_auto,13641,68601.89426613337,70599.0,1475.8187677802985,0.021512799078915002,92.7,1368.9483291482425,0.21508200000971556,66026.0,84367.0,20260613_041006,reported_loss
nn_transformer,commercial_auto,13889,2225.6805844569767,2100.0,267.87358886716214,0.12035580969607916,28.499999999999996,76.55948773841686,0.23686870001256466,2079.0,6478.0,20260613_041006,reported_loss
nn_transformer,private_passenger_auto,13889,119514.86506768284,113934.0,2885.2552098218125,0.024141392020045827,0.8,4039.190850554576,0.18221470003481954,117605.0,153295.0,20260613_041006,reported_loss
nn_transformer,commercial_auto,14044,5622.107653067007,5403.0,276.5719655993803,0.04919364456646486,18.9,122.55015390480835,0.19303690001834184,5426.0,8864.0,20260613_041006,reported_loss
nn_transformer,private_passenger_auto,14044,37255.95323420936,36665.0,1049.752066861088,0.028176760376035125,26.8,331.73109120178844,0.24632239993661642,36575.0,52943.0,20260613_041006,reported_loss
nn_transformer,other_liability,14044,4595.617871326179,4793.0,380.3576354675445,0.08276528774090239,74.2,129.06545549092652,0.22063180000986904,4410.0,10897.0,20260613_041006,reported_loss
nn_transformer,commercial_auto,14176,21608.687123590662,21775.0,1340.640506408494,0.062041738063063,57.49999999999999,269.99361176160517,0.2391182000283152,20021.0,38399.0,20260613_041006,reported_loss
nn_transformer,private_passenger_auto,14176,141302.0645428105,139279.0,4071.0457960865156,0.02881094348662616,27.1,1255.7452278895448,0.26464429998304695,134019.0,188477.0,20260613_041006,reported_loss
nn_transformer,workers_compensation,14176,115966.7832713174,109695.0,4070.3671540045675,0.03509942277592958,7.3,4315.592570640188,0.2537711999611929,110904.0,190543.0,20260613_041006,reported_loss
nn_transformer,other_liability,14176,4678.61391330514,4783.0,385.8741822318069,0.08247617550455486,63.2,91.40516447395015,0.23162320000119507,4405.0,13525.0,20260613_041006,reported_loss
nn_transformer,commercial_auto,14257,6985.594163315658,6871.0,442.25850902545216,0.06331007766639818,38.5,97.48149131547436,0.20060240000020713,6653.0,11424.0,20260613_041006,reported_loss
nn_transformer,private_passenger_auto,14257,117133.64094962926,115704.0,2265.811655561672,0.01934381649193364,23.7,790.465888310179,0.21873510000295937,114501.0,151272.0,20260613_041006,reported_loss
nn_transformer,other_liability,14257,32804.92870011359,31670.0,1425.42744164149,0.043451624439487184,17.299999999999997,609.9867558443862,0.222239000024274,32073.0,53121.0,20260613_041006,reported_loss
nn_transformer,commercial_auto,14311,7729.192668092482,7877.0,217.21609780968754,0.028103335902906812,77.5,92.07122458471405,0.2552907000062987,7582.0,13923.0,20260613_041006,reported_loss
nn_transformer,private_passenger_auto,14311,131991.10913230624,129106.0,2454.635565203404,0.018596976579255107,9.1,1843.491610526128,0.23391840001568198,128758.0,140359.0,20260613_041006,reported_loss
nn_transformer,commercial_auto,14320,1909.8672143320337,1830.0,203.3506129396249,0.10647369168580956,33.1,54.58230848790532,0.21119940001517534,1798.0,6020.0,20260613_041006,reported_loss
nn_transformer,workers_compensation,14320,10597.551233951679,11550.0,338.78181066669754,0.03196793326946441,99.4,773.5170283248758,0.18958860007114708,10479.0,13697.0,20260613_041006,reported_loss
nn_transformer,commercial_auto,14508,10733.218776242562,11807.0,275.1467433721729,0.025635063358737862,99.9,923.1031341518396,0.21499950008001179,10488.0,20264.0,20260613_041006,reported_loss
nn_transformer,workers_compensation,14508,54492.40661866925,56590.0,1435.5044187076799,0.026343200966570487,94.19999999999999,1380.4428030005333,0.22006429999601096,52797.0,77827.0,20260613_041006,reported_loss
nn_transformer,commercial_auto,14974,36948.03354388233,38445.0,1132.5000634049466,0.03065115933869396,90.5,1001.5441320800712,0.2073147000046447,35725.0,50686.0,20260613_041006,reported_loss
nn_transformer,workers_compensation,14974,28771.302763054508,31222.0,1038.6647285113522,0.036100719423977946,98.0,1907.528089362869,0.19890900002792478,28450.0,38753.0,20260613_041006,reported_loss
nn_transformer,commercial_auto,15024,3006.7586200977416,2671.0,370.50847211067327,0.12322521323598269,13.5,201.32934695532555,0.26134369999635965,2777.0,5441.0,20260613_041006,reported_loss
nn_transformer,private_passenger_auto,15024,120599.23585200543,118706.0,3223.016178318181,0.026725013268519695,27.1,1096.3146373271652,0.21652360004372895,116005.0,141341.0,20260613_041006,reported_loss
nn_transformer,workers_compensation,15148,757.4160092028565,752.0,62.24675539886438,0.08218304688908816,45.7,12.379962258127577,0.19024610007181764,741.0,2241.0,20260613_041006,reported_loss
nn_transformer,other_liability,15148,366.7980893602317,349.0,38.218922512776196,0.10419607850040206,28.999999999999996,10.654858615006592,0.19133830000646412,350.0,1032.0,20260613_041006,reported_loss
nn_transformer,commercial_auto,15199,1904.384581513052,2033.0,117.34521521838677,0.061618444277234626,88.0,83.11376119177342,0.18344599998090416,1833.0,2580.0,20260613_041006,reported_loss
nn_transformer,private_passenger_auto,15199,106225.62578339672,106528.0,2109.3520524380265,0.019857280546778596,58.5,446.141232562243,0.19823019998148084,102567.0,149084.0,20260613_041006,reported_loss
nn_transformer,workers_compensation,15199,1421.0858098964372,1349.0,123.69041284200121,0.08703936946004355,22.7,41.37366394701478,0.19201939995400608,1363.0,3354.0,20260613_041006,reported_loss
nn_transformer,commercial_auto,1538,91978.10788363141,91035.0,3135.864222698536,0.03409359351755702,43.1,724.2478495320586,0.1692391000688076,90572.0,121671.0,20260613_041006,reported_loss
nn_transformer,private_passenger_auto,1538,318185.7394174322,312319.0,7768.361612383629,0.024414549899711906,27.500000000000004,3324.5901505103748,0.14684290008153766,316387.0,402879.0,20260613_041006,reported_loss
nn_transformer,workers_compensation,1538,134734.6487695389,134900.0,6489.213123499854,0.048162912678827934,55.900000000000006,1608.4056063406274,0.2005252999952063,138706.0,252542.0,20260613_041006,reported_loss
nn_transformer,other_liability,1538,17493.67756086111,15961.0,846.9777213107792,0.048416218851874596,2.5,1108.0618737995383,0.23178740008734167,17220.0,33445.0,20260613_041006,reported_loss
nn_transformer,private_passenger_auto,16373,9797.929452202261,9780.0,241.87562161253263,0.02468640163133311,52.1,44.829208734209686,0.21147219999693334,9565.0,16248.0,20260613_041006,reported_loss
nn_transformer,other_liability,16373,209.4447376881003,204.0,16.610281232310843,0.07930627150464122,36.5,4.03406356526154,0.21480630000587553,203.0,464.0,20260613_041006,reported_loss
nn_transformer,commercial_auto,1767,2166080.0361405383,2232066.0,48313.90972325258,0.022304766637033863,93.7,43369.78057172314,0.199452199973166,2041548.0,3543796.0,20260613_041006,reported_loss
nn_transformer,private_passenger_auto,1767,90514744.81280415,91532402.0,1427643.5089529164,0.015772496645772602,77.7,688047.9999793886,0.1880469999741763,86390103.0,117655840.0,20260613_041006,reported_loss
nn_transformer,workers_compensation,1767,1731494.808854825,1843847.0,45407.18014528942,0.02622426582689023,99.9,86912.49213668075,0.22100689995568246,1632452.0,2905415.0,20260613_041006,reported_loss
nn_transformer,other_liability,1767,1979022.8217775635,2207154.0,155006.43131693228,0.07832473158531092,93.60000000000001,143217.20885237167,0.22931819991208613,1677949.0,2414413.0,20260613_041006,reported_loss
nn_transformer,commercial_auto,18163,32660.28902647136,32347.0,1509.740058976744,0.04622555721270839,41.8,343.66510545835877,0.2229462000541389,31224.0,41961.0,20260613_041006,reported_loss
nn_transformer,private_passenger_auto,18163,131272.8347299486,130352.0,3344.6353268700627,0.025478503101959885,40.6,719.0970400395493,0.27683640003670007,128013.0,166481.0,20260613_041006,reported_loss
nn_transformer,other_liability,18163,6899.628883311807,7352.0,654.0872112176338,0.09480034684179613,79.60000000000001,286.82732046120805,0.23303200001828372,6602.0,16737.0,20260613_041006,reported_loss
nn_transformer,commercial_auto,18767,81139.64408949058,79694.0,2909.841980020465,0.03586214867803882,26.900000000000002,871.1988282181896,0.2309934999793768,77752.0,123653.0,20260613_041006,reported_loss
nn_transformer,workers_compensation,18767,183420.2223120124,180944.0,5716.295967623163,0.031165025838313994,35.4,1449.2214432893097,0.2803637000033632,183247.0,310557.0,20260613_041006,reported_loss
nn_transformer,commercial_auto,18791,11139.057810525881,11084.0,329.05821872393227,0.029540938230250308,42.1,70.01608031041974,0.2034203999210149,10848.0,15736.0,20260613_041006,reported_loss
nn_transformer,private_passenger_auto,18791,93492.95045584542,93075.0,2273.170911985619,0.0243138215330918,45.1,449.93519650142,0.2177783000515774,91339.0,128601.0,20260613_041006,reported_loss
nn_transformer,workers_compensation,18791,1922.39876719196,2107.0,140.7194215872222,0.07319991252011178,91.9,125.67976093288516,0.24063840007875115,1869.0,3076.0,20260613_041006,reported_loss
nn_transformer,private_passenger_auto,2003,12215744.318247246,12428163.0,235442.22978314036,0.01927367040839656,84.39999999999999,136646.76783320965,0.25201940000988543,11724695.0,17482366.0,20260613_041006,reported_loss
nn_transformer,other_liability,2003,251383.45527652724,277202.0,22238.217510420134,0.08846332980011598,87.1,15307.399608259439,0.25517799996305257,209526.0,646894.0,20260613_041006,reported_loss
nn_transformer,commercial_auto,2135,481468.5698038785,527697.0,12626.41040539372,0.02622478640825291,99.6,39349.06515238677,0.2648674000520259,453618.0,667326.0,20260613_041006,reported_loss
nn_transformer,workers_compensation,2135,586652.3911999335,642976.0,20144.2255053861,0.034337583563212426,98.4,46103.35425379685,0.23191030009184033,567100.0,1136260.0,20260613_041006,reported_loss
nn_transformer,other_liability,2135,78973.58371425033,92770.0,7096.580056171804,0.0898601750409266,96.2,10330.83953446915,0.24661580007523298,72455.0,263934.0,20260613_041006,reported_loss
nn_transformer,commercial_auto,2143,41268.924497976106,41492.0,1966.5739201613517,0.04765265739497998,58.099999999999994,449.66193057787837,0.22785860009025782,39869.0,59794.0,20260613_041006,reported_loss
nn_transformer,private_passenger_auto,2143,137737.64670554083,136257.0,2329.2329834154666,0.01691064889757382,27.3,817.6040864254396,0.17603109998162836,136125.0,174317.0,20260613_041006,reported_loss
nn_transformer,other_liability,2143,10870.358508032246,10836.0,760.3380002059093,0.06994599116892841,48.8,158.48740443774534,0.20900690008420497,10682.0,23410.0,20260613_041006,reported_loss
nn_transformer,commercial_auto,2208,5657.854362332559,5528.0,407.00205709049845,0.07193576063041397,36.7,94.27678413289286,0.16865560004953295,5368.0,8872.0,20260613_041006,reported_loss
nn_transformer,other_liability,2208,1997.0619293450422,2660.0,310.09938531979327,0.15527780123548482,97.6,505.0595764742035,0.23356319998856634,1857.0,5829.0,20260613_041006,reported_loss
nn_transformer,commercial_auto,25275,1264.4025575877115,1062.0,117.48181328624077,0.09291488108848678,4.1000000000000005,141.39138140123455,0.23220570001285523,1183.0,2475.0,20260613_041006,reported_loss
nn_transformer,private_passenger_auto,25275,106903.85077293763,103629.0,3085.370840575912,0.028861175890933986,11.799999999999999,1886.6498193008943,0.22464669996406883,104468.0,136467.0,20260613_041006,reported_loss
nn_transformer,commercial_auto,27022,1948.5441858736851,1970.0,113.12444753054915,0.05805588005171491,62.5,26.486391639507517,0.22231520002242178,1861.0,2705.0,20260613_041006,reported_loss
nn_transformer,private_passenger_auto,27022,61981.79087262192,60411.0,1275.5140162370099,0.02057885063144278,6.800000000000001,987.2888071343389,0.2162606999045238,60057.0,69961.0,20260613_041006,reported_loss
nn_transformer,commercial_auto,27065,3510.4916993896586,3620.0,197.54578115104084,0.056272966315626546,75.6,69.77917877478528,0.18927370000164956,3369.0,4435.0,20260613_041006,reported_loss
nn_transformer,private_passenger_auto,27065,42924.12220353633,43585.0,1141.345790421623,0.02658984579835141,80.10000000000001,464.7771997662512,0.19665489997714758,41817.0,54838.0,20260613_041006,reported_loss
nn_transformer,other_liability,27065,20752.249457169095,20232.0,858.0967468526915,0.04134957748188847,24.7,300.27939457680577,0.19683180004358292,20181.0,32915.0,20260613_041006,reported_loss
nn_transformer,commercial_auto,2712,326849.62627073243,343410.0,7466.8312914829285,0.022844851856425517,98.6,12535.880318890364,0.19733330002054572,312289.0,462818.0,20260613_041006,reported_loss
nn_transformer,workers_compensation,2712,555486.8854994932,571527.0,11644.329082733468,0.02096238342740153,94.8,10561.43140581268,0.210792199941352,537633.0,846036.0,20260613_041006,reported_loss
nn_transformer,private_passenger_auto,29440,67361.54297887711,71892.0,1957.9882704896952,0.0290668560116515,97.5,3553.1229111334187,0.25156170001719147,65990.0,82532.0,20260613_041006,reported_loss
nn_transformer,other_liability,29440,522.9571643228152,497.0,49.727785193772434,0.09508959545121762,27.800000000000004,15.525316662143684,0.20459519990254194,501.0,933.0,20260613_041006,reported_loss
nn_transformer,commercial_auto,31550,13545.826039699386,13511.0,683.3671140466523,0.050448537582268985,50.3,140.0021038466889,0.1985141000477597,13068.0,20966.0,20260613_041006,reported_loss
nn_transformer,private_passenger_auto,31550,33757.30698607537,33123.0,914.2157763111181,0.027082011509040847,19.3,345.2538742161738,0.17239010008051991,33027.0,41106.0,20260613_041006,reported_loss
nn_transformer,commercial_auto,3240,93491.2678215887,92662.0,3272.807923281517,0.03500656263991503,39.5,727.478122187574,0.2282267000991851,89362.0,160285.0,20260613_041006,reported_loss
nn_transformer,private_passenger_auto,3240,1094384.7643890008,1086131.0,20251.725179404544,0.018505123461501367,32.5,5196.005872383068,0.22237269999459386,1058101.0,1408635.0,20260613_041006,reported_loss
nn_transformer,workers_compensation,3240,38566.60819797783,40544.0,2567.264224869347,0.0665670211829506,79.9,1293.2955590919526,0.25772480003070086,38946.0,93276.0,20260613_041006,reported_loss
nn_transformer,other_liability,3240,15121.716314887852,14248.0,1401.9359011456645,0.09271010459080033,23.599999999999998,504.390398749205,0.2347159000346437,14487.0,43790.0,20260613_041006,reported_loss
nn_transformer,commercial_auto,32875,4637.783968727077,4183.0,191.17803802827385,0.04122185063327693,0.8999999999999999,349.47322190489297,0.2040456000249833,4473.0,5892.0,20260613_041006,reported_loss
nn_transformer,other_liability,32875,19461.43576053125,19662.0,986.7562667677215,0.05070315874478859,59.3,243.345470629391,0.17042020009830594,18436.0,45428.0,20260613_041006,reported_loss
nn_transformer,commercial_auto,34606,677.275604309946,597.0,107.48297879603429,0.15869902608635253,20.0,46.26199580875462,0.17563840001821518,616.0,2468.0,20260613_041006,reported_loss
nn_transformer,private_passenger_auto,34606,11704.644467356124,12032.0,558.4585574916734,0.04771256051810855,79.2,229.89519554875716,0.18104990001302212,11240.0,19193.0,20260613_041006,reported_loss
nn_transformer,other_liability,34606,499.504271420039,498.0,37.026369580946344,0.07412623214549137,47.8,7.479661440913745,0.21950889995787293,482.0,958.0,20260613_041006,reported_loss
nn_transformer,commercial_auto,353,37425.64499969565,40061.0,1198.9162554048276,0.03203461838572394,98.8,1992.0050105046992,0.20414369995705783,35789.0,52429.0,20260613_041006,reported_loss
nn_transformer,private_passenger_auto,353,124970.48099628977,125477.0,2137.9888861059467,0.01710795116623918,61.0,493.00827475740357,0.2119526999304071,120832.0,155061.0,20260613_041006,reported_loss
nn_transformer,workers_compensation,353,34726.502108875844,35658.0,347.3422147299985,0.010002222902871071,99.2,743.11303788853,0.21522060001734644,34609.0,53892.0,20260613_041006,reported_loss
nn_transformer,commercial_auto,38733,25561.094330312797,27302.0,1056.4562248129828,0.04133063362471675,94.69999999999999,1211.5323198867923,0.22710989997722208,24656.0,50107.0,20260613_041006,reported_loss
nn_transformer,workers_compensation,38733,191991.47575396922,203178.0,6712.493409154878,0.03496245540482598,94.5,8485.295912295125,0.18594480003230274,192452.0,387839.0,20260613_041006,reported_loss
nn_transformer,other_liability,38733,24458.490151858,24298.0,1654.883325047674,0.06766089463302215,45.300000000000004,363.89957320837243,0.19491760001983494,22899.0,67882.0,20260613_041006,reported_loss
nn_transformer,commercial_auto,388,693281.851210146,750175.0,18514.804407598487,0.02670602782299911,99.4,47432.72387563661,0.18754159996751696,664334.0,1086150.0,20260613_041006,reported_loss
nn_transformer,private_passenger_auto,388,906299.53467885,923360.0,19648.624426161183,0.02168005573689689,85.9,11842.067406393773,0.19200320006348193,878230.0,1270861.0,20260613_041006,reported_loss
nn_transformer,workers_compensation,388,1260079.1630903152,1309643.0,39354.53646928162,0.031231796875972082,91.5,35801.87694464638,0.2265096000628546,1220155.0,2372911.0,20260613_041006,reported_loss
nn_transformer,commercial_auto,40568,11815.134124965167,13221.0,1042.8665752250272,0.08826531837852511,91.7,937.2377573339352,0.18965370010118932,10816.0,16933.0,20260613_041006,reported_loss
nn_transformer,private_passenger_auto,40568,3770.1486729732924,3834.0,256.3800379821356,0.06800263337624399,68.7,67.22921066814894,0.2083971000974998,3526.0,4322.0,20260613_041006,reported_loss
nn_transformer,workers_compensation,41300,37049.310839461505,37915.0,811.251632403551,0.021896537722895525,88.6,545.3343869288476,0.20222620002459735,36486.0,52950.0,20260613_041006,reported_loss
nn_transformer,other_liability,41300,5146.811191281734,5562.0,340.91927780918405,0.06623893225123018,90.3,275.66623621869905,0.2308746000053361,4921.0,18842.0,20260613_041006,reported_loss
nn_transformer,private_passenger_auto,42439,62743.475244996924,68613.0,1886.4477999125402,0.030066039417588092,99.1,4927.160342104081,0.20701420004479587,60101.0,80711.0,20260613_041006,reported_loss
nn_transformer,other_liability,42439,22518.755346693517,33550.0,2532.748729207245,0.11247285607990473,100.0,9644.364502335797,0.19820220000110567,20515.0,74965.0,20260613_041006,reported_loss
nn_transformer,commercial_auto,4839,155786.03586209944,154686.0,4977.318632334215,0.031949709772062615,46.7,1045.7121836867946,0.21484780008904636,152678.0,246195.0,20260613_041006,reported_loss
nn_transformer,private_passenger_auto,4839,3082702.2594339214,3028991.0,96315.28137408293,0.031243783300619297,35.5,34320.42501891208,0.2227244001114741,3061595.0,4078168.0,20260613_041006,reported_loss
nn_transformer,commercial_auto,5185,87945.1259075899,88539.0,2512.0214838596003,0.028563510006218616,59.9,593.3521294537547,0.21523099998012185,84628.0,105505.0,20260613_041006,reported_loss
nn_transformer,private_passenger_auto,5185,261383.80696568757,260501.0,5795.186169950842,0.02217117516660697,48.199999999999996,1021.3754741143052,0.21512429998256266,252884.0,351763.0,20260613_041006,reported_loss
nn_transformer,workers_compensation,5185,106296.0690170453,106900.0,3946.7224597142103,0.037129524132085506,60.6,843.9002180614384,0.2362223999807611,104185.0,200467.0,20260613_041006,reported_loss
nn_transformer,other_liability,5185,140500.57349255754,141675.0,5088.225567955283,0.03621498077532624,65.8,1300.1322314743384,0.18883720005396754,136865.0,196774.0,20260613_041006,reported_loss
nn_transformer,commercial_auto,620,378530.22011315485,389323.0,11383.075645362069,0.030071775093569283,87.4,7586.497162597266,0.22901900007855147,365697.0,553119.0,20260613_041006,reported_loss
nn_transformer,private_passenger_auto,620,509917.6164262129,504924.0,8125.487205014718,0.015934901919966337,27.1,2588.873049960849,0.2183660001028329,500607.0,589907.0,20260613_041006,reported_loss
nn_transformer,other_liability,620,418333.6678113314,455387.0,17225.244537156457,0.041175850433642476,98.2,27896.106967037478,0.19885410007555038,399454.0,719473.0,20260613_041006,reported_loss
nn_transformer,commercial_auto,6408,16071.01183160694,16269.0,765.9691116012787,0.047661536163817846,62.4,184.18879285952312,0.19246690010186285,15165.0,22367.0,20260613_041006,reported_loss
nn_transformer,workers_compensation,6408,34876.295425682765,37533.0,1707.7022109684851,0.048964552861051294,95.39999999999999,1834.2960249675466,0.25399630004540086,33603.0,64881.0,20260613_041006,reported_loss
nn_transformer,commercial_auto,6459,8660.703307425822,8835.0,583.9871786867161,0.06742953290941123,64.5,141.29197509914928,0.20233599992934614,8211.0,16769.0,20260613_041006,reported_loss
nn_transformer,other_liability,6459,10171.117286495677,9688.0,1194.5158431873363,0.11744194954602581,30.9,334.0880227471424,0.22021629998926073,9201.0,29730.0,20260613_041006,reported_loss
nn_transformer,commercial_auto,671,49827.14424502017,53308.0,1988.6141209736397,0.039910256770783845,96.0,2489.063784480198,0.24342509999405593,47264.0,59467.0,20260613_041006,reported_loss
nn_transformer,workers_compensation,671,99103.5358340361,99907.0,3491.5712647559867,0.03523155087627905,65.8,862.405686005033,0.22458780009765178,96632.0,165779.0,20260613_041006,reported_loss
nn_transformer,other_liability,671,5391.519569285002,6071.0,597.8734871503817,0.11089146194635233,89.0,441.95030574603135,0.20523950003553182,4947.0,15626.0,20260613_041006,reported_loss
nn_transformer,private_passenger_auto,6807,11755.218825445743,11771.0,293.23492938689014,0.024945084710132653,55.400000000000006,55.52274436533028,0.18971629999578,11605.0,14198.0,20260613_041006,reported_loss
nn_transformer,workers_compensation,6807,169784.61548175168,194402.0,12755.426930282625,0.07512710674103196,96.2,19106.131692196395,0.18564540008082986,166709.0,347129.0,20260613_041006,reported_loss
nn_transformer,commercial_auto,6947,16525.75576828509,16731.0,930.5567280461968,0.05630948085485125,60.8,209.7502319543629,0.17133649997413158,15710.0,32028.0,20260613_041006,reported_loss
nn_transformer,private_passenger_auto,6947,895084.6857265526,909292.0,17514.987421963913,0.01956796680947206,83.7,9144.418119119557,0.16089579998515546,865910.0,1088573.0,20260613_041006,reported_loss
nn_transformer,other_liability,6947,19751.1842096444,19790.0,1516.5217741924441,0.07678130881144506,54.400000000000006,305.73707373097113,0.17870559997390956,18921.0,44522.0,20260613_041006,reported_loss
nn_transformer,commercial_auto,7080,320930.88966228557,335527.0,9694.861608511663,0.030208564899170443,95.5,9483.725925382885,0.14293490001000464,302817.0,526707.0,20260613_041006,reported_loss
nn_transformer,private_passenger_auto,7080,1452599.6050084066,1477235.0,44271.034069978414,0.030477107330427924,68.4,14102.526712176747,0.17549019993748516,1353049.0,1825656.0,20260613_041006,reported_loss
nn_transformer,workers_compensation,7080,1979007.4717691424,2020225.0,33892.09141801503,0.01712580265688287,91.7,27527.85319143011,0.16990520001854748,1910809.0,2738156.0,20260613_041006,reported_loss
nn_transformer,commercial_auto,715,110747.45720851928,108222.0,4034.6998512363452,0.03643153488968751,23.1,1524.1368081729383,0.19891199993435293,104556.0,142808.0,20260613_041006,reported_loss
nn_transformer,private_passenger_auto,715,170184.0128661286,165810.0,4192.56648906544,0.024635489658851956,10.299999999999999,2744.019312616548,0.18435009999666363,163025.0,210516.0,20260613_041006,reported_loss
nn_transformer,workers_compensation,715,250281.12955549196,242834.0,12227.062155303267,0.04885331218146153,29.099999999999998,3872.6124338224545,0.20719530002679676,252445.0,482874.0,20260613_041006,reported_loss
nn_transformer,other_liability,715,62766.08391334546,65381.0,3947.1889900208234,0.06288729109610044,79.10000000000001,1631.5001747392025,0.21181070001330227,58541.0,141168.0,20260613_041006,reported_loss
nn_transformer,commercial_auto,833,24635.696412214824,24613.0,850.2002475224551,0.03451090780209933,49.8,174.0887317633891,0.17970099998638034,23721.0,31134.0,20260613_041006,reported_loss
nn_transformer,other_liability,833,11880.266661920166,11462.0,785.9700791455782,0.06615761257824701,25.5,272.1031739517435,0.18165389995556325,11335.0,20478.0,20260613_041006,reported_loss
nn_transformer,commercial_auto,8427,8194.844812885322,8202.0,562.7983820167788,0.06867712505450402,51.800000000000004,112.81283194419723,0.2214885000139475,7768.0,12065.0,20260613_041006,reported_loss
nn_transformer,private_passenger_auto,8427,125597.75609755109,127063.0,3617.5959387054077,0.028803030015087536,70.3,1108.3737481340947,0.16619929997250438,123528.0,157203.0,20260613_041006,reported_loss
nn_transformer,private_passenger_auto,8559,151632.85362600876,146153.0,2015.3432940241285,0.013290940886694805,0.4,4412.283349310525,0.17735239991452545,149072.0,155743.0,20260613_041006,reported_loss
nn_transformer,workers_compensation,8559,78314.73319298589,81921.0,1380.7861991629359,0.017631244375951004,98.1,2900.0583299236787,0.2108954000286758,78154.0,106389.0,20260613_041006,reported_loss
nn_transformer,commercial_auto,8672,140220.4759675845,140795.0,2126.4826276744043,0.015165278915227719,66.8,560.9938748022039,0.2263641000026837,139619.0,266116.0,20260613_041006,reported_loss
nn_transformer,workers_compensation,8672,77175.31905829682,80320.0,848.4174069321472,0.01099337738132664,99.8,2685.9081446481805,0.27180490002501756,76947.0,121755.0,20260613_041006,reported_loss
nn_transformer,commercial_auto,9466,84241.39059896643,99207.0,4685.099909821592,0.055615177723325394,99.2,12523.39333504413,0.22154639998916537,78097.0,123233.0,20260613_041006,reported_loss
nn_transformer,workers_compensation,9466,145249.83001990087,164276.0,6452.009597400179,0.04442008363463269,99.3,15648.915717424392,0.2015804999973625,137109.0,237720.0,20260613_041006,reported_loss
nn_ml_ar,commercial_auto,10022,6255.950073853742,5882.0,520.3653763296352,0.08317927256236618,20.0,232.37752113551966,5479.554148799973,5913.0,12090.0,20260613_041006,reported_loss
nn_ml_ar,private_passenger_auto,10022,66827.90510333423,63628.0,849.4347258915166,0.012710778896601025,0.0,2731.143669860217,5479.554148799973,66117.0,74078.0,20260613_041006,reported_loss
nn_ml_ar,ALL,10022,73083.85517718797,69510.0,1009.1300963970473,0.013807838871532765,0.0,3014.3795277099216,5479.554148799973,72030.0,86168.0,20260613_041006,reported_loss
nn_ml_ar,commercial_auto,1066,66718.94734279274,63145.0,2167.34466012017,0.03248469507446891,5.1,2468.162949600078,0.21675010002218187,63941.0,96880.0,20260613_041006,reported_loss
nn_ml_ar,private_passenger_auto,1066,211874.86700395166,213877.0,3382.162756738498,0.015963020081449387,72.89999999999999,1313.883211445863,0.21675010002218187,207265.0,314145.0,20260613_041006,reported_loss
nn_ml_ar,workers_compensation,1066,130465.26933236845,123970.0,2112.1754311797868,0.016189560961230896,0.0,5304.5349992310985,0.21675010002218187,128948.0,164562.0,20260613_041006,reported_loss
nn_ml_ar,ALL,1066,409059.0836791123,400992.0,5642.132497565284,0.013792952467451556,7.199999999999999,5110.729263792722,0.21675010002218187,400154.0,575587.0,20260613_041006,reported_loss
nn_ml_ar,commercial_auto,1090,20983.01247011238,21364.0,1034.9054518374821,0.049321109316956886,67.2,290.804608350174,0.22139540000353009,19700.0,34665.0,20260613_041006,reported_loss
nn_ml_ar,private_passenger_auto,1090,1048399.1724724787,1084387.0,16115.418985973409,0.0153714533634816,98.3,27529.46455809789,0.22139540000353009,1020853.0,1295968.0,20260613_041006,reported_loss
nn_ml_ar,ALL,1090,1069382.1849425943,1105751.0,16192.999441368915,0.015142387510633697,98.2,27865.24012546326,0.22139540000353009,1040553.0,1330633.0,20260613_041006,reported_loss
nn_ml_ar,workers_compensation,11126,142954.51797912497,149198.0,4001.3901717290837,0.027990652049999492,93.60000000000001,4238.237633247282,0.21389590005856007,137115.0,207371.0,20260613_041006,reported_loss
nn_ml_ar,other_liability,11126,20857.031377531624,20392.0,1887.3908138074091,0.09049182405894127,40.2,457.44107472571795,0.21389590005856007,17534.0,74255.0,20260613_041006,reported_loss
nn_ml_ar,ALL,11126,163811.5493566565,169590.0,4777.336838967563,0.029163614273412256,89.2,3627.037328303411,0.21389590005856007,154649.0,281626.0,20260613_041006,reported_loss
nn_ml_ar,workers_compensation,1252,23245.14766028556,23620.0,773.5677576575985,0.033278676864644856,69.89999999999999,254.25368240093388,0.2103311000391841,22562.0,34226.0,20260613_041006,reported_loss
nn_ml_ar,other_liability,1252,10571.154382393774,9745.0,655.2322130531425,0.06198303320065307,8.9,530.5210090034177,0.2103311000391841,9840.0,20554.0,20260613_041006,reported_loss
nn_ml_ar,ALL,1252,33816.30204267933,33365.0,1088.3326207316613,0.03218366749143901,35.0,319.58945632062864,0.2103311000391841,32402.0,54780.0,20260613_041006,reported_loss
nn_ml_ar,commercial_auto,13439,4098.497762343556,3667.0,267.4692551364954,0.06526031503395385,5.5,299.62064369540974,0.21564260008744895,3924.0,6305.0,20260613_041006,reported_loss
nn_ml_ar,private_passenger_auto,13439,38353.10502069551,36241.0,773.6428181530969,0.020171582398234397,0.8999999999999999,1716.9203715048745,0.21564260008744895,37696.0,55117.0,20260613_041006,reported_loss
nn_ml_ar,workers_compensation,13439,6278.551903916446,5701.0,349.21227418903436,0.05561987533641351,4.0,402.8490513424933,0.21564260008744895,6138.0,11286.0,20260613_041006,reported_loss
nn_ml_ar,ALL,13439,48730.15468695546,45609.0,901.9220722083638,0.01850850008587801,0.3,2629.107041976812,0.21564260008744895,47758.0,72708.0,20260613_041006,reported_loss
nn_ml_ar,private_passenger_auto,13501,97276.1516676276,100001.0,1487.8041626531774,0.01529464454696661,95.7,1989.448626457829,0.2092137000290677,96219.0,132076.0,20260613_041006,reported_loss
nn_ml_ar,workers_compensation,13501,4195.291550787711,5349.0,455.5349235056376,0.10858242341229088,97.89999999999999,940.7085472399153,0.2092137000290677,4002.0,8967.0,20260613_041006,reported_loss
nn_ml_ar,other_liability,13501,2566.7758216550333,2489.0,346.3482736128033,0.13493514731235123,41.6,71.5749202031401,0.2092137000290677,2357.0,7339.0,20260613_041006,reported_loss
nn_ml_ar,ALL,13501,104038.21904007035,107839.0,1587.5230816493336,0.015259037460434598,98.4,2948.2763467676614,0.2092137000290677,102578.0,148382.0,20260613_041006,reported_loss
nn_ml_ar,commercial_auto,13528,20861.60506198857,19930.0,953.8416807609518,0.04572235347791738,14.399999999999999,562.0802445939943,0.20528690004721284,19928.0,25863.0,20260613_041006,reported_loss
nn_ml_ar,private_passenger_auto,13528,4821.436676965263,4739.0,107.84104792985168,0.022366994560992476,18.6,48.31296496485332,0.20528690004721284,4732.0,5963.0,20260613_041006,reported_loss
nn_ml_ar,workers_compensation,13528,27242.177551075714,26562.0,1529.4077653035142,0.056141171623893274,30.9,430.62858726224636,0.20528690004721284,26687.0,56067.0,20260613_041006,reported_loss
nn_ml_ar,ALL,13528,52925.21929002953,51231.0,1850.0650627536363,0.034956209677947735,16.3,997.3606214575478,0.20528690004721284,51347.0,87893.0,20260613_041006,reported_loss
nn_ml_ar,commercial_auto,13641,8567.500921420866,8591.0,415.8169843591214,0.04853422114253602,54.2,90.232050133402,0.19052110007032752,8150.0,12780.0,20260613_041006,reported_loss
nn_ml_ar,private_passenger_auto,13641,67635.46041165014,70599.0,1465.121940528821,0.021662038398373273,97.3,2219.800221910704,0.19052110007032752,66026.0,84367.0,20260613_041006,reported_loss
nn_ml_ar,ALL,13641,76202.96133307095,79190.0,1548.8747627776509,0.02032565054798549,96.8,2197.402343820033,0.19052110007032752,74176.0,97147.0,20260613_041006,reported_loss
nn_ml_ar,commercial_auto,13889,2264.7282129648333,2100.0,281.1863655494846,0.12415898911833394,24.7,94.61037107289931,0.1929984000744298,2079.0,6478.0,20260613_041006,reported_loss
nn_ml_ar,private_passenger_auto,13889,119463.47872659654,113934.0,2287.046419363943,0.01914431459507441,0.7000000000000001,4298.535329182482,0.1929984000744298,117605.0,153295.0,20260613_041006,reported_loss
nn_ml_ar,ALL,13889,121728.20693956147,116034.0,2310.849086166121,0.018983678017318262,0.7000000000000001,4448.948942747102,0.1929984000744298,119684.0,159773.0,20260613_041006,reported_loss
nn_ml_ar,commercial_auto,14044,5632.898322707153,5403.0,300.9909587088789,0.053434473953760914,18.8,139.06805611491427,0.1905660000629723,5426.0,8864.0,20260613_041006,reported_loss
nn_ml_ar,private_passenger_auto,14044,37118.655846443486,36665.0,833.7726635598866,0.022462361433806453,27.400000000000002,262.47325322221616,0.1905660000629723,36575.0,52943.0,20260613_041006,reported_loss
nn_ml_ar,other_liability,14044,4689.312411764072,4793.0,427.97568111824336,0.09126619076276116,64.7,105.53383539785091,0.1905660000629723,4410.0,10897.0,20260613_041006,reported_loss
nn_ml_ar,ALL,14044,47440.86658091473,46861.0,1001.3160557103897,0.021106613935952326,26.200000000000003,348.8048466355568,0.1905660000629723,46411.0,72704.0,20260613_041006,reported_loss
nn_ml_ar,commercial_auto,14176,21459.78184761768,21775.0,1242.6968509746919,0.05790817724983759,63.7,288.0877992863991,0.175323799951002,20021.0,38399.0,20260613_041006,reported_loss
nn_ml_ar,private_passenger_auto,14176,138257.51693607026,139279.0,3522.4967345093864,0.025477795439781948,62.7,929.2398273538604,0.175323799951002,134019.0,188477.0,20260613_041006,reported_loss
nn_ml_ar,workers_compensation,14176,114154.95855356037,109695.0,4425.986865949511,0.038771744320443884,14.299999999999999,2502.6483963850505,0.175323799951002,110904.0,190543.0,20260613_041006,reported_loss
nn_ml_ar,other_liability,14176,4863.146815263691,4783.0,410.4055262506185,0.08439093900321934,44.9,90.34302314531243,0.175323799951002,4405.0,13525.0,20260613_041006,reported_loss
nn_ml_ar,ALL,14176,278735.40415251197,275532.0,6938.286517224981,0.024892017353592623,35.699999999999996,1975.1185806210879,0.175323799951002,269349.0,430944.0,20260613_041006,reported_loss
nn_ml_ar,commercial_auto,14257,7027.985267974557,6871.0,469.8051970380567,0.06684777772356558,35.4,111.4254844168737,0.22750829998403788,6653.0,11424.0,20260613_041006,reported_loss
nn_ml_ar,private_passenger_auto,14257,116144.64188201968,115704.0,1868.9693854149668,0.016091740050423294,39.5,424.10222175414015,0.22750829998403788,114501.0,151272.0,20260613_041006,reported_loss
nn_ml_ar,other_liability,14257,33266.57105664755,31670.0,1710.9478964559976,0.05143144730914803,14.399999999999999,930.6384388284591,0.22750829998403788,32073.0,53121.0,20260613_041006,reported_loss
nn_ml_ar,ALL,14257,156439.19820664226,154245.0,2596.892021554503,0.016600008510170447,17.4,1252.857220740353,0.22750829998403788,153227.0,215817.0,20260613_041006,reported_loss
nn_ml_ar,commercial_auto,14311,7768.958113963511,7877.0,221.00150800928756,0.02844673697134127,73.2,73.47967566571201,0.1656315999571234,7582.0,13923.0,20260613_041006,reported_loss
nn_ml_ar,private_passenger_auto,14311,130928.87082202188,129106.0,2150.8240851518913,0.01642742407880087,16.8,1082.6150828668608,0.1656315999571234,128758.0,140359.0,20260613_041006,reported_loss
nn_ml_ar,ALL,14311,138697.8289359855,136983.0,2181.2735727373206,0.01572680401323415,19.0,1010.819334159368,0.1656315999571234,136340.0,154282.0,20260613_041006,reported_loss
nn_ml_ar,commercial_auto,14320,1957.9390444266835,1830.0,175.98727793564544,0.08988394119653371,18.3,78.34325868204779,0.17342759994789958,1798.0,6020.0,20260613_041006,reported_loss
nn_ml_ar,workers_compensation,14320,10701.09523147612,11550.0,262.9923556790325,0.024576209256176772,99.6,704.2705288288104,0.17342759994789958,10479.0,13697.0,20260613_041006,reported_loss
nn_ml_ar,ALL,14320,12659.034275902817,13380.0,318.2840237580286,0.025142836082204162,98.8,547.4843871340971,0.17342759994789958,12277.0,19717.0,20260613_041006,reported_loss
nn_ml_ar,commercial_auto,14508,10885.327205106023,11807.0,221.3880937216887,0.020338212122630667,100.0,797.473227241528,0.1685875999974087,10488.0,20264.0,20260613_041006,reported_loss
nn_ml_ar,workers_compensation,14508,54847.44073499614,56590.0,1295.2283898651128,0.02361511079656767,89.2,1162.9979334276427,0.1685875999974087,52797.0,77827.0,20260613_041006,reported_loss
nn_ml_ar,ALL,14508,65732.76794010222,68397.0,1376.8325941147382,0.02094590928179613,95.8,1935.9342477165262,0.1685875999974087,63285.0,98091.0,20260613_041006,reported_loss
nn_ml_ar,commercial_auto,14974,37489.48080859296,38445.0,939.0458399809302,0.02504824872809899,86.3,585.0344176746753,0.17402000003494322,35725.0,50686.0,20260613_041006,reported_loss
nn_ml_ar,workers_compensation,14974,29553.1689789416,31222.0,763.7626685866711,0.025843680896992727,98.3,1256.042739421418,0.17402000003494322,28450.0,38753.0,20260613_041006,reported_loss
nn_ml_ar,ALL,14974,67042.64978753445,69667.0,1238.1824379871225,0.018468578463277617,98.7,1948.3967718453553,0.17402000003494322,64175.0,89439.0,20260613_041006,reported_loss
nn_ml_ar,commercial_auto,15024,3024.2303399599346,2671.0,372.5447873588004,0.12318664436245817,14.299999999999999,220.51397154476166,0.1887785999570042,2777.0,5441.0,20260613_041006,reported_loss
nn_ml_ar,private_passenger_auto,15024,118628.18841269775,118706.0,2679.6194314193967,0.022588387020606098,52.300000000000004,586.000303841485,0.1887785999570042,116005.0,141341.0,20260613_041006,reported_loss
nn_ml_ar,ALL,15024,121652.4187526577,121377.0,2702.501590127354,0.022214943342984815,46.7,596.6517008998537,0.1887785999570042,118782.0,146782.0,20260613_041006,reported_loss
nn_ml_ar,workers_compensation,15148,760.2683301724462,752.0,54.66295037206419,0.07189954941259408,41.6,11.1490536867035,0.15795390005223453,741.0,2241.0,20260613_041006,reported_loss
nn_ml_ar,other_liability,15148,369.02996188150206,349.0,35.47053107656859,0.09611829591213088,23.799999999999997,11.786278586882606,0.15795390005223453,350.0,1032.0,20260613_041006,reported_loss
nn_ml_ar,ALL,15148,1129.2982920539494,1101.0,66.69592399110182,0.05905961645421101,30.099999999999998,19.56244575573121,0.15795390005223453,1091.0,3273.0,20260613_041006,reported_loss
nn_ml_ar,commercial_auto,15199,1890.3526859985752,2033.0,107.75936824597504,0.05700490127801276,92.2,91.41715058952298,0.1752959000878036,1833.0,2580.0,20260613_041006,reported_loss
nn_ml_ar,private_passenger_auto,15199,104783.52224840774,106528.0,1943.7343368738711,0.01854999999203985,82.39999999999999,1045.6832622162406,0.1752959000878036,102567.0,149084.0,20260613_041006,reported_loss
nn_ml_ar,workers_compensation,15199,1417.1429731653577,1349.0,114.75801938050506,0.08097843446535204,22.6,41.396428283020114,0.1752959000878036,1363.0,3354.0,20260613_041006,reported_loss
nn_ml_ar,ALL,15199,108091.01790757173,109910.0,1942.8526895549512,0.017974228822752673,83.1,1093.220660134412,0.1752959000878036,105763.0,155018.0,20260613_041006,reported_loss
nn_ml_ar,commercial_auto,1538,92905.12243175233,91035.0,2534.0126264939677,0.027275273528167852,20.4,1072.6014267816336,0.1681560999713838,90572.0,121671.0,20260613_041006,reported_loss
nn_ml_ar,private_passenger_auto,1538,319690.57162799494,312319.0,4481.846480616736,0.014019326431159178,2.6,5124.557019216156,0.1681560999713838,316387.0,402879.0,20260613_041006,reported_loss
nn_ml_ar,workers_compensation,1538,138881.96352404455,134900.0,3847.4411679129416,0.02770295775121898,12.3,2409.254498669275,0.1681560999713838,138706.0,252542.0,20260613_041006,reported_loss
nn_ml_ar,other_liability,1538,17744.204577716093,15961.0,720.0472325478582,0.04057929051675404,0.7000000000000001,1390.023507981694,0.1681560999713838,17220.0,33445.0,20260613_041006,reported_loss
nn_ml_ar,ALL,1538,569221.8621615078,554215.0,6494.260970718231,0.011409015363636166,0.8,11496.583705427918,0.1681560999713838,562885.0,810537.0,20260613_041006,reported_loss
nn_ml_ar,private_passenger_auto,16373,9664.143419541668,9780.0,241.0414030646748,0.0249418280131553,75.6,77.92789681992336,0.19288260000757873,9565.0,16248.0,20260613_041006,reported_loss
nn_ml_ar,other_liability,16373,209.3013034790723,204.0,18.506363370971055,0.08841972344821769,37.9,4.21314046697826,0.19288260000757873,203.0,464.0,20260613_041006,reported_loss
nn_ml_ar,ALL,16373,9873.444723020753,9984.0,242.34587608697134,0.024545220324363785,74.2,75.57322845432212,0.19288260000757873,9768.0,16712.0,20260613_041006,reported_loss
nn_ml_ar,commercial_auto,1767,2274834.9920036974,2232066.0,70547.03920207379,0.031011936887754332,26.400000000000002,28462.502965615327,0.18207979993894696,2041548.0,3543796.0,20260613_041006,reported_loss
nn_ml_ar,private_passenger_auto,1767,91932750.53966372,91532402.0,1262216.7294628532,0.013729783151851624,33.5,353515.9181399165,0.18207979993894696,86390103.0,117655840.0,20260613_041006,reported_loss
nn_ml_ar,workers_compensation,1767,1765247.3832270333,1843847.0,35844.54433194034,0.020305677647522266,98.8,58629.41664887121,0.18207979993894696,1632452.0,2905415.0,20260613_041006,reported_loss
nn_ml_ar,other_liability,1767,2057552.1769386923,2207154.0,86410.88971922113,0.041996937277083625,96.1,103627.46501203363,0.18207979993894696,1677949.0,2414413.0,20260613_041006,reported_loss
nn_ml_ar,ALL,1767,98030385.09183319,97815469.0,1327528.25985533,0.013542008007126813,39.300000000000004,321589.22244435886,0.18207979993894696,91742052.0,126519464.0,20260613_041006,reported_loss
nn_ml_ar,commercial_auto,18163,32431.850946896397,32347.0,1411.4966796889178,0.04352192793436579,47.699999999999996,282.33963584076184,0.16171550005674362,31224.0,41961.0,20260613_041006,reported_loss
nn_ml_ar,private_passenger_auto,18163,129958.75214998105,130352.0,2646.7413471550535,0.020366010779332026,59.199999999999996,559.6210562772537,0.16171550005674362,128013.0,166481.0,20260613_041006,reported_loss
nn_ml_ar,other_liability,18163,7106.337846326683,7352.0,713.0072841434833,0.10033399756135178,69.19999999999999,197.21757290914258,0.16171550005674362,6602.0,16737.0,20260613_041006,reported_loss
nn_ml_ar,ALL,18163,169496.94094320404,170051.0,3134.6849264068755,0.0184940501519568,59.099999999999994,710.1822143317804,0.16171550005674362,165839.0,225179.0,20260613_041006,reported_loss
nn_ml_ar,commercial_auto,18767,83043.23212622725,79694.0,2253.926377473056,0.02714160226864781,5.6000000000000005,2249.72343774172,0.1614136000862345,77752.0,123653.0,20260613_041006,reported_loss
nn_ml_ar,workers_compensation,18767,191008.39158112355,180944.0,4114.551260341932,0.021541206783024677,0.7000000000000001,7785.485000327751,0.1614136000862345,183247.0,310557.0,20260613_041006,reported_loss
nn_ml_ar,ALL,18767,274051.623707351,260638.0,4780.756060170075,0.017444728097196962,0.4,10729.757284009946,0.1614136000862345,260999.0,434210.0,20260613_041006,reported_loss
nn_ml_ar,commercial_auto,18791,11101.302553195987,11084.0,290.9983050849723,0.026212987502191438,46.1,63.10736281981207,0.17053230002056807,10848.0,15736.0,20260613_041006,reported_loss
nn_ml_ar,private_passenger_auto,18791,92940.86331441446,93075.0,1878.3219569765931,0.020209861303120465,55.50000000000001,391.08578610370137,0.17053230002056807,91339.0,128601.0,20260613_041006,reported_loss
nn_ml_ar,workers_compensation,18791,1927.2122487746913,2107.0,110.31085983411329,0.057238563061358806,95.19999999999999,125.34695208817965,0.17053230002056807,1869.0,3076.0,20260613_041006,reported_loss
nn_ml_ar,ALL,18791,105969.37811638512,106266.0,1921.916853836173,0.018136530458123013,58.5,425.6606545593254,0.17053230002056807,104056.0,147413.0,20260613_041006,reported_loss
nn_ml_ar,private_passenger_auto,2003,12231057.12594341,12428163.0,166162.5136570563,0.013585294545359242,88.7,122039.27053574532,0.1790317000122741,11724695.0,17482366.0,20260613_041006,reported_loss
nn_ml_ar,other_liability,2003,255117.7001864241,277202.0,20504.49616950211,0.08037269132842881,85.1,14019.335790535979,0.1790317000122741,209526.0,646894.0,20260613_041006,reported_loss
nn_ml_ar,ALL,2003,12486174.826129802,12705365.0,170364.337970026,0.013644237754344491,90.8,138777.69754572405,0.1790317000122741,11934221.0,18129260.0,20260613_041006,reported_loss
nn_ml_ar,commercial_auto,2135,485577.3599553586,527697.0,12554.106128597503,0.025853977478998733,99.6,35215.042913768186,0.1941156000830233,453618.0,667326.0,20260613_041006,reported_loss
nn_ml_ar,workers_compensation,2135,607343.0409230504,642976.0,18964.1061368335,0.031224703106849674,97.0,25920.456033400293,0.1941156000830233,567100.0,1136260.0,20260613_041006,reported_loss
nn_ml_ar,other_liability,2135,90376.97698542266,92770.0,7888.346434719811,0.0872826985128321,61.3,2140.3982138928395,0.1941156000830233,72455.0,263934.0,20260613_041006,reported_loss
nn_ml_ar,ALL,2135,1183297.3778638314,1263443.0,26793.20898157766,0.022642836435543004,99.6,65204.00384627853,0.1941156000830233,1093173.0,2067520.0,20260613_041006,reported_loss
nn_ml_ar,commercial_auto,2143,41562.320098054886,41492.0,2264.643784799763,0.05448790585936872,53.0,422.01661289992126,0.18118050007615238,39869.0,59794.0,20260613_041006,reported_loss
nn_ml_ar,private_passenger_auto,2143,136773.39241552824,136257.0,1809.0666373132565,0.013226743925581453,36.3,422.4746955490856,0.18118050007615238,136125.0,174317.0,20260613_041006,reported_loss
nn_ml_ar,other_liability,2143,11164.002917524847,10836.0,730.0985782128594,0.06539756246988945,31.3,197.67187136123675,0.18118050007615238,10682.0,23410.0,20260613_041006,reported_loss
nn_ml_ar,ALL,2143,189499.71543110805,188585.0,2953.51613254082,0.015585860516052121,39.300000000000004,753.9656939202048,0.18118050007615238,186676.0,257521.0,20260613_041006,reported_loss
nn_ml_ar,commercial_auto,2208,5720.003096898101,5528.0,364.32119318087285,0.06369248180624947,26.0,107.01528839943569,0.15464670001529157,5368.0,8872.0,20260613_041006,reported_loss
nn_ml_ar,other_liability,2208,2088.74130291639,2660.0,279.5111595144148,0.13381798843358408,96.7,426.73055915372566,0.15464670001529157,1857.0,5829.0,20260613_041006,reported_loss
nn_ml_ar,ALL,2208,7808.744399814485,8188.0,479.1200498210964,0.06135686165274907,81.2,245.38804701632148,0.15464670001529157,7225.0,14701.0,20260613_041006,reported_loss
nn_ml_ar,commercial_auto,25275,1254.4855918660764,1062.0,115.96179267890062,0.09243772382144681,5.1,135.43982725192234,0.16678379999939352,1183.0,2475.0,20260613_041006,reported_loss
nn_ml_ar,private_passenger_auto,25275,106808.21557264545,103629.0,2457.607827940399,0.023009539245310778,8.799999999999999,2081.6058347059484,0.16678379999939352,104468.0,136467.0,20260613_041006,reported_loss
nn_ml_ar,ALL,25275,108062.70116451153,104691.0,2451.98869130827,0.022690425696239386,8.0,2243.390250794576,0.16678379999939352,105651.0,138942.0,20260613_041006,reported_loss
nn_ml_ar,commercial_auto,27022,1934.6798439876247,1970.0,117.82434525771033,0.06090121092844962,64.9,29.748418681390845,0.20378720003645867,1861.0,2705.0,20260613_041006,reported_loss
nn_ml_ar,private_passenger_auto,27022,61237.18105588787,60411.0,1298.9309605638296,0.021211475416844636,23.400000000000002,462.61491608817346,0.20378720003645867,60057.0,69961.0,20260613_041006,reported_loss
nn_ml_ar,ALL,27022,63171.86089987546,62381.0,1308.0662199251344,0.02070646964157602,25.900000000000002,446.2853264341978,0.20378720003645867,61918.0,72666.0,20260613_041006,reported_loss
nn_ml_ar,commercial_auto,27065,3514.601869431886,3620.0,196.74636119541793,0.05597970083229393,73.2,68.16177785954974,0.24111109995283186,3369.0,4435.0,20260613_041006,reported_loss
nn_ml_ar,private_passenger_auto,27065,42573.917375849494,43585.0,918.1381584615796,0.021565742949048027,90.0,658.9162867506927,0.24111109995283186,41817.0,54838.0,20260613_041006,reported_loss
nn_ml_ar,other_liability,27065,20763.562918883104,20232.0,1010.6488412364348,0.04867415313955177,26.3,323.2897743234606,0.24111109995283186,20181.0,32915.0,20260613_041006,reported_loss
nn_ml_ar,ALL,27065,66852.08216416447,67437.0,1400.2594560649518,0.020945637154971813,67.30000000000001,424.7564620937503,0.24111109995283186,65367.0,92188.0,20260613_041006,reported_loss
nn_ml_ar,commercial_auto,2712,332402.07629268523,343410.0,6322.586495838942,0.019020899527329684,96.8,7647.062793290609,0.1891679000109434,312289.0,462818.0,20260613_041006,reported_loss
nn_ml_ar,workers_compensation,2712,568482.6175717536,571527.0,9257.773395921282,0.016285059753393023,60.5,2436.770571478234,0.1891679000109434,537633.0,846036.0,20260613_041006,reported_loss
nn_ml_ar,ALL,2712,900884.6938644395,914937.0,11601.666873731168,0.012878081904094297,89.8,8512.504357021273,0.1891679000109434,849922.0,1308854.0,20260613_041006,reported_loss
nn_ml_ar,private_passenger_auto,29440,66896.40083190377,71892.0,1910.8864061926772,0.028564861224661738,98.5,4029.711040771002,0.18411130004096776,65990.0,82532.0,20260613_041006,reported_loss
nn_ml_ar,other_liability,29440,521.734974084045,497.0,57.525230959148175,0.11025757102087923,29.599999999999998,15.729429335537542,0.18411130004096776,501.0,933.0,20260613_041006,reported_loss
nn_ml_ar,ALL,29440,67418.13580598777,72389.0,1914.6059474899662,0.028398974913808276,98.5,4004.7484551089847,0.18411130004096776,66491.0,83465.0,20260613_041006,reported_loss
nn_ml_ar,commercial_auto,31550,13608.398420440424,13511.0,773.6182582538955,0.05684858969824739,43.0,162.56084178389114,0.19161920004989952,13068.0,20966.0,20260613_041006,reported_loss
nn_ml_ar,private_passenger_auto,31550,33499.43759253325,33123.0,674.7018695423061,0.020140692442331975,28.1,229.96666732287622,0.19161920004989952,33027.0,41106.0,20260613_041006,reported_loss
nn_ml_ar,ALL,31550,47107.83601297365,46634.0,1050.0020641781132,0.022289329186951812,30.3,318.9634391612984,0.19161920004989952,46095.0,62072.0,20260613_041006,reported_loss
nn_ml_ar,commercial_auto,3240,93455.13082133197,92662.0,3628.045657126093,0.038821257059307,39.300000000000004,809.8963928195021,0.13977820007130504,89362.0,160285.0,20260613_041006,reported_loss
nn_ml_ar,private_passenger_auto,3240,1085208.448028875,1086131.0,16767.251666505133,0.015450719810521594,54.50000000000001,3644.9706933450525,0.13977820007130504,1058101.0,1408635.0,20260613_041006,reported_loss
nn_ml_ar,workers_compensation,3240,40305.975387064085,40544.0,1952.8026753672707,0.048449458339966354,54.800000000000004,404.11243749933374,0.13977820007130504,38946.0,93276.0,20260613_041006,reported_loss
nn_ml_ar,other_liability,3240,16257.099049518147,14248.0,1522.9975081203693,0.09368199722972778,6.800000000000001,1261.0748928134387,0.13977820007130504,14487.0,43790.0,20260613_041006,reported_loss
nn_ml_ar,ALL,3240,1235226.6532867886,1233585.0,18200.174593095377,0.014734279368621876,47.599999999999994,3854.938439596146,0.13977820007130504,1200896.0,1705986.0,20260613_041006,reported_loss
nn_ml_ar,commercial_auto,32875,4639.463401790976,4183.0,165.81313066088978,0.035739721666277355,0.8999999999999999,370.10787026028436,0.17926839995197952,4473.0,5892.0,20260613_041006,reported_loss
nn_ml_ar,other_liability,32875,19997.04434157015,19662.0,1182.6483856252635,0.05914115933457009,42.1,280.07987109374994,0.17926839995197952,18436.0,45428.0,20260613_041006,reported_loss
nn_ml_ar,ALL,32875,24636.50774336113,23845.0,1200.2568532022158,0.04871862788773918,25.5,427.05638223358096,0.17926839995197952,22909.0,51320.0,20260613_041006,reported_loss
nn_ml_ar,commercial_auto,34606,676.6871333570231,597.0,113.92186368541121,0.1683523419756018,20.0,47.286762257435065,0.23214470001403242,616.0,2468.0,20260613_041006,reported_loss
nn_ml_ar,private_passenger_auto,34606,11536.863559780591,12032.0,466.5977025250922,0.040444068711337516,88.6,326.9322949393202,0.23214470001403242,11240.0,19193.0,20260613_041006,reported_loss
nn_ml_ar,other_liability,34606,505.2374533263425,498.0,38.36395155543793,0.07593251708253292,43.1,8.055750162397732,0.23214470001403242,482.0,958.0,20260613_041006,reported_loss
nn_ml_ar,ALL,34606,12718.788146463974,13127.0,481.20899796329365,0.03783450061608876,85.1,259.97066888206604,0.23214470001403242,12338.0,22619.0,20260613_041006,reported_loss
nn_ml_ar,commercial_auto,353,37283.199019417676,40061.0,1085.7451435003163,0.029121566068803353,99.7,2179.1594194864856,0.2014496000483632,35789.0,52429.0,20260613_041006,reported_loss
nn_ml_ar,private_passenger_auto,353,123071.25803834216,125477.0,1916.696001818248,0.015573871855775719,90.2,1546.1201419940408,0.2014496000483632,120832.0,155061.0,20260613_041006,reported_loss
nn_ml_ar,workers_compensation,353,34742.73478122341,35658.0,363.39429102163706,0.010459576464257853,99.2,716.0767639032201,0.2014496000483632,34609.0,53892.0,20260613_041006,reported_loss
nn_ml_ar,ALL,353,195097.19183898307,201196.0,2441.642105656867,0.012515003843171635,99.5,4755.929359054496,0.2014496000483632,191230.0,261382.0,20260613_041006,reported_loss
nn_ml_ar,commercial_auto,38733,25969.468947583824,27302.0,908.0374735621048,0.03496557728596093,94.0,912.449214486622,0.16953950002789497,24656.0,50107.0,20260613_041006,reported_loss
nn_ml_ar,workers_compensation,38733,198192.08476611535,203178.0,5042.450855898827,0.025442241358172184,84.0,3200.5869090660362,0.16953950002789497,192452.0,387839.0,20260613_041006,reported_loss
nn_ml_ar,other_liability,38733,25449.532113441113,24298.0,1604.0286664090634,0.06302782539416114,24.4,662.1420970551837,0.16953950002789497,22899.0,67882.0,20260613_041006,reported_loss
nn_ml_ar,ALL,38733,249611.08582714084,254778.0,5853.870710814254,0.02345196605117187,81.5,3287.418181477697,0.16953950002789497,240007.0,505828.0,20260613_041006,reported_loss
nn_ml_ar,commercial_auto,388,694114.8069527416,750175.0,21563.370620443115,0.03106600003983382,98.8,45116.503887743514,0.1834930001059547,664334.0,1086150.0,20260613_041006,reported_loss
nn_ml_ar,private_passenger_auto,388,902212.6920865256,923360.0,15596.907572328813,0.017287395432509622,90.9,13557.282735520537,0.1834930001059547,878230.0,1270861.0,20260613_041006,reported_loss
nn_ml_ar,workers_compensation,388,1267401.5584247638,1309643.0,37755.62537124737,0.029789789289965306,86.4,26210.58325404709,0.1834930001059547,1220155.0,2372911.0,20260613_041006,reported_loss
nn_ml_ar,ALL,388,2863729.0574640287,2983178.0,49482.688779806864,0.017279109785485847,98.9,92306.16604875385,0.1834930001059547,2762719.0,4729922.0,20260613_041006,reported_loss
nn_ml_ar,commercial_auto,40568,11697.800465032551,13221.0,1037.436990988946,0.08868650085886545,93.30000000000001,1049.0804135276385,0.18390909989830106,10816.0,16933.0,20260613_041006,reported_loss
nn_ml_ar,private_passenger_auto,40568,3674.275359729297,3834.0,179.8548488727569,0.04894974689267919,87.1,102.43237002396975,0.18390909989830106,3526.0,4322.0,20260613_041006,reported_loss
nn_ml_ar,ALL,40568,15372.075824761847,17055.0,1042.0115347198557,0.06778600018621747,95.0,1186.9737826314604,0.18390909989830106,14342.0,21255.0,20260613_041006,reported_loss
nn_ml_ar,workers_compensation,41300,37279.450408517456,37915.0,763.1889217764201,0.020472107646792182,82.19999999999999,395.63146596459615,0.20220950001385063,36486.0,52950.0,20260613_041006,reported_loss
nn_ml_ar,other_liability,41300,5322.0183099630485,5562.0,330.9945710857423,0.06219342959908765,80.0,149.39603259973543,0.20220950001385063,4921.0,18842.0,20260613_041006,reported_loss
nn_ml_ar,ALL,41300,42601.468718480515,43477.0,850.9498308261166,0.01997465947592963,86.1,543.7731231377925,0.20220950001385063,41407.0,71792.0,20260613_041006,reported_loss
nn_ml_ar,private_passenger_auto,42439,61251.272537338475,68613.0,1781.909290189377,0.029091792159960987,99.9,6453.131965472792,0.19326700002420694,60101.0,80711.0,20260613_041006,reported_loss
nn_ml_ar,other_liability,42439,23001.2300948549,33550.0,3055.3171862652734,0.13283277345017785,99.9,8852.849617736643,0.19326700002420694,20515.0,74965.0,20260613_041006,reported_loss
nn_ml_ar,ALL,42439,84252.50263219328,102163.0,3660.228971783154,0.043443563780674724,100.0,15877.114517744378,0.19326700002420694,80616.0,155676.0,20260613_041006,reported_loss
nn_ml_ar,commercial_auto,4839,157512.3061725424,154686.0,5072.6487341413,0.03220477724822727,26.3,1605.4004200192094,0.19811239989940077,152678.0,246195.0,20260613_041006,reported_loss
nn_ml_ar,private_passenger_auto,4839,3119985.391986568,3028991.0,44071.64068669498,0.014125591997927121,1.0999999999999999,66749.37030708858,0.19811239989940077,3061595.0,4078168.0,20260613_041006,reported_loss
nn_ml_ar,ALL,4839,3277497.698159103,3183677.0,44578.049344595325,0.013601245050342466,1.0999999999999999,69245.41203060669,0.19811239989940077,3214273.0,4324363.0,20260613_041006,reported_loss
nn_ml_ar,commercial_auto,5185,87851.98238838886,88539.0,2420.7781869558544,0.027555191370113027,64.0,579.9814890338557,0.15432289999444038,84628.0,105505.0,20260613_041006,reported_loss
nn_ml_ar,private_passenger_auto,5185,258610.21040388677,260501.0,4617.199699946763,0.0178538956089004,67.5,1342.5125480782935,0.15432289999444038,252884.0,351763.0,20260613_041006,reported_loss
nn_ml_ar,workers_compensation,5185,106473.79663070415,106900.0,3510.189525895082,0.032967637456095364,55.800000000000004,760.9178256341397,0.15432289999444038,104185.0,200467.0,20260613_041006,reported_loss
nn_ml_ar,other_liability,5185,143234.59278909175,141675.0,5499.3333097386385,0.038393890767967113,41.4,1330.770332815645,0.15432289999444038,136865.0,196774.0,20260613_041006,reported_loss
nn_ml_ar,ALL,5185,596170.582212072,597615.0,8259.652314636252,0.013854511713726422,56.49999999999999,1908.6324526958078,0.15432289999444038,578562.0,854509.0,20260613_041006,reported_loss
nn_ml_ar,commercial_auto,620,373026.5193106369,389323.0,13587.40414069919,0.03642476724123818,91.5,11373.553460974617,0.18480309995356947,365697.0,553119.0,20260613_041006,reported_loss
nn_ml_ar,private_passenger_auto,620,505550.6026795561,504924.0,6071.797317162241,0.012010266202789707,47.9,1317.9706637722356,0.18480309995356947,500607.0,589907.0,20260613_041006,reported_loss
nn_ml_ar,other_liability,620,419382.3536103796,455387.0,20144.718957638295,0.04803425509971128,95.5,26209.98850759083,0.18480309995356947,399454.0,719473.0,20260613_041006,reported_loss
nn_ml_ar,ALL,620,1297959.4756005737,1349634.0,26619.081259721373,0.020508407049769074,97.5,38180.151566010216,0.18480309995356947,1265758.0,1862499.0,20260613_041006,reported_loss
nn_ml_ar,commercial_auto,6408,16144.33011860081,16269.0,660.5539946849848,0.04091554061595424,55.900000000000006,151.3784885550309,0.23204969998914748,15165.0,22367.0,20260613_041006,reported_loss
nn_ml_ar,workers_compensation,6408,36124.01692988109,37533.0,1560.9924916719424,0.04321204075122442,82.69999999999999,847.7087286428249,0.23204969998914748,33603.0,64881.0,20260613_041006,reported_loss
nn_ml_ar,ALL,6408,52268.3470484819,53802.0,1726.2860130427778,0.033027369536701594,81.8,906.9666816790907,0.23204969998914748,48768.0,87248.0,20260613_041006,reported_loss
nn_ml_ar,commercial_auto,6459,8789.889692034516,8835.0,578.7847838649353,0.06584664929179211,53.0,110.17036138137121,0.20603779994416982,8211.0,16769.0,20260613_041006,reported_loss
nn_ml_ar,other_liability,6459,10678.094518105007,9688.0,1227.40778235894,0.11494633057216679,16.7,582.0713613527355,0.20603779994416982,9201.0,29730.0,20260613_041006,reported_loss
nn_ml_ar,ALL,6459,19467.984210139566,18523.0,1395.8299299348869,0.07169873957509647,23.599999999999998,544.6126971993427,0.20603779994416982,17412.0,46499.0,20260613_041006,reported_loss
nn_ml_ar,commercial_auto,671,50382.05164020758,53308.0,1829.0101966668058,0.03630281294871203,95.39999999999999,2014.2553608690137,0.19950460002291948,47264.0,59467.0,20260613_041006,reported_loss
nn_ml_ar,workers_compensation,671,101003.19831533314,99907.0,3474.4216518297535,0.03439912507505524,40.300000000000004,930.5876066385297,0.19950460002291948,96632.0,165779.0,20260613_041006,reported_loss
nn_ml_ar,other_liability,671,5658.087940214263,6071.0,455.34643955818456,0.08047708773168014,83.6,256.54596928411564,0.19950460002291948,4947.0,15626.0,20260613_041006,reported_loss
nn_ml_ar,ALL,671,157043.33789575507,159286.0,4399.220675245216,0.028012781275480823,68.30000000000001,1561.2717684044942,0.19950460002291948,148843.0,240872.0,20260613_041006,reported_loss
nn_ml_ar,private_passenger_auto,6807,11623.748793210072,11771.0,176.4198273839198,0.015177532698140737,82.6,91.87787598045179,0.21054889995139092,11605.0,14198.0,20260613_041006,reported_loss
nn_ml_ar,workers_compensation,6807,173486.45847877453,194402.0,13244.621155575878,0.07634383266401344,94.8,15265.083807096591,0.21054889995139092,166709.0,347129.0,20260613_041006,reported_loss
nn_ml_ar,ALL,6807,185110.20727198437,206173.0,13252.200558718709,0.07159086878038612,94.8,15387.52492102616,0.21054889995139092,178314.0,361327.0,20260613_041006,reported_loss
nn_ml_ar,commercial_auto,6947,16685.0685473263,16731.0,974.2628552067868,0.05839130072755425,53.2,184.09522820892448,0.18443730007857084,15710.0,32028.0,20260613_041006,reported_loss
nn_ml_ar,private_passenger_auto,6947,884542.2220525225,909292.0,12941.330930802249,0.014630540643693339,97.8,18324.328318967866,0.18443730007857084,865910.0,1088573.0,20260613_041006,reported_loss
nn_ml_ar,other_liability,6947,20665.012424014498,19790.0,1849.4035076248967,0.08949442999007022,28.499999999999996,528.606562552822,0.18443730007857084,18921.0,44522.0,20260613_041006,reported_loss
nn_ml_ar,ALL,6947,921892.3030238631,945813.0,13156.45899421215,0.014271145285689185,97.39999999999999,17412.710268515228,0.18443730007857084,900541.0,1165123.0,20260613_041006,reported_loss
nn_ml_ar,commercial_auto,7080,317260.54797689087,335527.0,8226.49099157445,0.025929763546186854,99.1,13758.440601328006,0.18549099995288998,302817.0,526707.0,20260613_041006,reported_loss
nn_ml_ar,private_passenger_auto,7080,1418741.4417888157,1477235.0,32958.178272834695,0.02323057415682415,95.89999999999999,41053.713672283906,0.18549099995288998,1353049.0,1825656.0,20260613_041006,reported_loss
nn_ml_ar,workers_compensation,7080,1977917.553318589,2020225.0,38708.78876740699,0.019570476384347075,85.3,25978.4470720613,0.18549099995288998,1910809.0,2738156.0,20260613_041006,reported_loss
nn_ml_ar,ALL,7080,3713919.543084292,3832987.0,62001.2498983978,0.016694290002552865,97.0,85203.63251916764,0.18549099995288998,3566675.0,5090519.0,20260613_041006,reported_loss
nn_ml_ar,commercial_auto,715,109021.02072728492,108222.0,3693.87065999856,0.03388218744749,40.5,859.4313582927123,0.19037319999188185,104556.0,142808.0,20260613_041006,reported_loss
nn_ml_ar,private_passenger_auto,715,167070.47311969832,165810.0,3352.612532700625,0.02006705595607329,33.4,902.4185081710261,0.19037319999188185,163025.0,210516.0,20260613_041006,reported_loss
nn_ml_ar,workers_compensation,715,257019.2974026769,242834.0,8485.71033155305,0.033015849071668456,3.6999999999999997,10048.527867673429,0.19037319999188185,252445.0,482874.0,20260613_041006,reported_loss
nn_ml_ar,other_liability,715,63316.945846150986,65381.0,4296.702072363924,0.06786022311948135,70.3,1380.1746607223013,0.19037319999188185,58541.0,141168.0,20260613_041006,reported_loss
nn_ml_ar,ALL,715,596427.7370958115,582247.0,10930.641240450263,0.018326849273769336,9.1,9226.007035587008,0.19037319999188185,578567.0,977366.0,20260613_041006,reported_loss
nn_ml_ar,commercial_auto,833,24744.14497382951,24613.0,829.9781944839013,0.0335424075215257,46.2,175.93399775128455,0.20998499996494502,23721.0,31134.0,20260613_041006,reported_loss
nn_ml_ar,other_liability,833,12209.608505452185,11462.0,698.4221337994218,0.05720266407293422,12.9,447.8885616026459,0.20998499996494502,11335.0,20478.0,20260613_041006,reported_loss
nn_ml_ar,ALL,833,36953.75347928168,36075.0,1101.484119435278,0.029807097134336595,21.3,504.4711168481539,0.20998499996494502,35056.0,51612.0,20260613_041006,reported_loss
nn_ml_ar,commercial_auto,8427,8221.442773789837,8202.0,556.3048368768202,0.06766511087936218,48.5,113.65969530937173,0.1626383000984788,7768.0,12065.0,20260613_041006,reported_loss
nn_ml_ar,private_passenger_auto,8427,125850.33575533934,127063.0,2666.5410094679437,0.02118819146141859,70.1,837.0727583603286,0.1626383000984788,123528.0,157203.0,20260613_041006,reported_loss
nn_ml_ar,ALL,8427,134071.7785291293,135265.0,2728.170507086398,0.020348581461486753,68.30000000000001,830.8650323577365,0.1626383000984788,131296.0,169268.0,20260613_041006,reported_loss
nn_ml_ar,private_passenger_auto,8559,149977.4648386622,146153.0,1709.0311147909852,0.011395252724330751,1.0,2884.7374325714827,0.1794893000042066,149072.0,155743.0,20260613_041006,reported_loss
nn_ml_ar,workers_compensation,8559,78088.86829423181,81921.0,1318.3107052834368,0.01688218479894165,99.2,3121.623969027463,0.1794893000042066,78154.0,106389.0,20260613_041006,reported_loss
nn_ml_ar,ALL,8559,228066.33313289468,228074.0,2234.121105485849,0.00979592680250628,49.5,501.14496224127015,0.1794893000042066,227226.0,262132.0,20260613_041006,reported_loss
nn_ml_ar,commercial_auto,8672,141864.08853866238,140795.0,1611.209946962231,0.011357419369195229,24.4,647.5522516511919,0.22432350006420165,139619.0,266116.0,20260613_041006,reported_loss
nn_ml_ar,workers_compensation,8672,78109.62472810969,80320.0,857.1269240098032,0.010973384227530988,99.1,1744.3705582899536,0.22432350006420165,76947.0,121755.0,20260613_041006,reported_loss
nn_ml_ar,ALL,8672,219973.71326677213,221115.0,2056.0617459712294,0.009346852018985332,73.2,782.0172026876203,0.22432350006420165,216566.0,387871.0,20260613_041006,reported_loss
nn_ml_ar,commercial_auto,9466,87856.07766082587,99207.0,3644.7950570935595,0.041485975178228746,99.6,9376.046972179343,0.23425270000007004,78097.0,123233.0,20260613_041006,reported_loss
nn_ml_ar,workers_compensation,9466,149615.19450761407,164276.0,4947.898276658132,0.0330708274179086,99.7,11886.515328399673,0.23425270000007004,137109.0,237720.0,20260613_041006,reported_loss
nn_ml_ar,ALL,9466,237471.27216844013,263483.0,6453.366572202815,0.02717535688959208,100.0,22388.399251375213,0.23425270000007004,215206.0,360953.0,20260613_041006,reported_loss
nn_ml_joint,commercial_auto,10022,6245.124664734087,5882.0,502.5263583232684,0.08046698589717675,22.0,218.68683700802035,12114.579754200066,5913.0,12090.0,20260613_041006,reported_loss
nn_ml_joint,private_passenger_auto,10022,66803.4333482322,63628.0,890.4202303013176,0.013328959091963804,0.1,2679.7919471858377,12114.579754200066,66117.0,74078.0,20260613_041006,reported_loss
nn_ml_joint,ALL,10022,73048.5580129663,69510.0,1071.3575891850774,0.014666375604497336,0.1,2939.4649404621478,12114.579754200066,72030.0,86168.0,20260613_041006,reported_loss
nn_ml_joint,commercial_auto,1066,66253.2461181253,63145.0,1832.6288582472187,0.02766096705631236,4.1000000000000005,2159.245307588719,0.31277029996272177,63941.0,96880.0,20260613_041006,reported_loss
nn_ml_joint,private_passenger_auto,1066,211338.88649425533,213877.0,3537.4765359636126,0.01673840813039284,77.4,1539.7758502044417,0.31277029996272177,207265.0,314145.0,20260613_041006,reported_loss
nn_ml_joint,workers_compensation,1066,129766.83011253008,123970.0,1891.657332104631,0.014577356405055437,0.4,4741.055512713181,0.31277029996272177,128948.0,164562.0,20260613_041006,reported_loss
nn_ml_joint,ALL,1066,407358.9627249103,400992.0,5142.897792070073,0.01262497763070718,10.0,4011.5065743973096,0.31277029996272177,400154.0,575587.0,20260613_041006,reported_loss
nn_ml_joint,commercial_auto,1090,20566.217644997367,21364.0,836.635780553002,0.04068009952022022,83.39999999999999,491.7274052727885,0.2633477000053972,19700.0,34665.0,20260613_041006,reported_loss
nn_ml_joint,private_passenger_auto,1090,1047536.4645598204,1084387.0,22556.18509741237,0.021532601356164326,94.8,25526.780899701313,0.2633477000053972,1020853.0,1295968.0,20260613_041006,reported_loss
nn_ml_joint,ALL,1090,1068102.6822048181,1105751.0,22787.225508354717,0.021334302298835595,94.89999999999999,26153.792054794656,0.2633477000053972,1040553.0,1330633.0,20260613_041006,reported_loss
nn_ml_joint,workers_compensation,11126,141933.71979616315,149198.0,3581.241359485492,0.025231786813088956,97.8,5336.003035010897,0.24027319997549057,137115.0,207371.0,20260613_041006,reported_loss
nn_ml_joint,other_liability,11126,20193.852361524358,20392.0,1829.7339589495245,0.09060846470462186,56.10000000000001,432.12729442171303,0.24027319997549057,17534.0,74255.0,20260613_041006,reported_loss
nn_ml_joint,ALL,11126,162127.57215768742,169590.0,4313.279191006367,0.02660422982718334,96.0,5210.713443226108,0.24027319997549057,154649.0,281626.0,20260613_041006,reported_loss
nn_ml_joint,workers_compensation,1252,23013.556868722262,23620.0,795.8215039430951,0.034580552171172486,79.2,368.98882120330984,0.22927289991639555,22562.0,34226.0,20260613_041006,reported_loss
nn_ml_joint,other_liability,1252,10497.490037903293,9745.0,740.5304566170821,0.070543573172563,13.100000000000001,448.478071013161,0.22927289991639555,9840.0,20554.0,20260613_041006,reported_loss
nn_ml_joint,ALL,1252,33511.046906625554,33365.0,1084.3316785481702,0.032357439669656644,45.800000000000004,254.89358375019594,0.22927289991639555,32402.0,54780.0,20260613_041006,reported_loss
nn_ml_joint,commercial_auto,13439,4138.102576730022,3667.0,297.86805234482836,0.07198179523626194,5.6000000000000005,323.2835048888604,0.24325299996417016,3924.0,6305.0,20260613_041006,reported_loss
nn_ml_joint,private_passenger_auto,13439,38307.00401129509,36241.0,829.2512815718543,0.02164751076140916,0.8,1603.6569772685048,0.24325299996417016,37696.0,55117.0,20260613_041006,reported_loss
nn_ml_joint,workers_compensation,13439,6205.168809962441,5701.0,328.5278133222788,0.052944218502939865,5.800000000000001,345.545396649806,0.24325299996417016,6138.0,11286.0,20260613_041006,reported_loss
nn_ml_joint,ALL,13439,48650.27539798759,45609.0,997.5557325885463,0.020504626632181614,0.2,2484.645938007937,0.24325299996417016,47758.0,72708.0,20260613_041006,reported_loss
nn_ml_joint,private_passenger_auto,13501,97052.44398525498,100001.0,1740.2095803867924,0.017930610594939573,95.1,2051.151693656797,0.2340400000102818,96219.0,132076.0,20260613_041006,reported_loss
nn_ml_joint,workers_compensation,13501,4076.662696699726,5349.0,390.2883514471852,0.0957372195063242,99.7,1062.27699285455,0.2340400000102818,4002.0,8967.0,20260613_041006,reported_loss
nn_ml_joint,other_liability,13501,2684.34177883158,2489.0,388.3880067025875,0.14468649624476734,31.0,117.47631794675024,0.2340400000102818,2357.0,7339.0,20260613_041006,reported_loss
nn_ml_joint,ALL,13501,103813.4484607861,107839.0,1872.3231992567667,0.018035459056771508,98.1,3002.7982638406147,0.2340400000102818,102578.0,148382.0,20260613_041006,reported_loss
nn_ml_joint,commercial_auto,13528,20985.187384097164,19930.0,1219.0385063276549,0.05809042750085031,18.2,627.1252498784751,0.2551420999225229,19928.0,25863.0,20260613_041006,reported_loss
nn_ml_joint,private_passenger_auto,13528,4798.564482751274,4739.0,92.03194140200564,0.01917905693105093,24.9,34.91805270489862,0.2551420999225229,4732.0,5963.0,20260613_041006,reported_loss
nn_ml_joint,workers_compensation,13528,27229.650046264724,26562.0,1709.5107041357721,0.06278122198527034,33.7,503.96680470256,0.2551420999225229,26687.0,56067.0,20260613_041006,reported_loss
nn_ml_joint,ALL,13528,53013.401913113186,51231.0,2047.466024532708,0.038621668307354085,17.7,1060.407866732185,0.2551420999225229,51347.0,87893.0,20260613_041006,reported_loss
nn_ml_joint,commercial_auto,13641,8452.816528526248,8591.0,447.0276211851519,0.05288504957803589,65.10000000000001,118.81090110322194,0.2555150000844151,8150.0,12780.0,20260613_041006,reported_loss
nn_ml_joint,private_passenger_auto,13641,67418.4996858489,70599.0,1467.8181756890654,0.021771741918444967,98.5,2376.9404374845917,0.2555150000844151,66026.0,84367.0,20260613_041006,reported_loss
nn_ml_joint,ALL,13641,75871.31621437517,79190.0,1565.5525098090493,0.020634313307358012,98.3,2459.661268684961,0.2555150000844151,74176.0,97147.0,20260613_041006,reported_loss
nn_ml_joint,commercial_auto,13889,2240.9953284631065,2100.0,264.9388789590619,0.11822375334479579,28.1,86.5363910413624,0.2503949999809265,2079.0,6478.0,20260613_041006,reported_loss
nn_ml_joint,private_passenger_auto,13889,119852.4012364414,113934.0,2462.2489984142767,0.02054401057478041,0.8,4547.5405084347085,0.2503949999809265,117605.0,153295.0,20260613_041006,reported_loss
nn_ml_joint,ALL,13889,122093.39656490472,116034.0,2490.806041541394,0.02040082520119984,0.7000000000000001,4670.559991406373,0.2503949999809265,119684.0,159773.0,20260613_041006,reported_loss
nn_ml_joint,commercial_auto,14044,5634.993920848182,5403.0,333.8111075536966,0.059238947236246745,23.5,133.47423848074848,0.23943600000347942,5426.0,8864.0,20260613_041006,reported_loss
nn_ml_joint,private_passenger_auto,14044,37183.51745465489,36665.0,802.5862357166886,0.021584462435417482,26.200000000000003,310.3122401956734,0.23943600000347942,36575.0,52943.0,20260613_041006,reported_loss
nn_ml_joint,other_liability,14044,4832.118176483758,4793.0,543.7738512882866,0.11253322692616358,48.8,120.03057305502512,0.23943600000347942,4410.0,10897.0,20260613_041006,reported_loss
nn_ml_joint,ALL,14044,47650.62955198682,46861.0,1007.0557946625652,0.021134155081075426,22.5,457.23800156205243,0.23943600000347942,46411.0,72704.0,20260613_041006,reported_loss
nn_ml_joint,commercial_auto,14176,21417.739778458406,21775.0,1206.301301041778,0.056322530459309024,61.7,309.1800627378227,0.2306271999841556,20021.0,38399.0,20260613_041006,reported_loss
nn_ml_joint,private_passenger_auto,14176,137627.6284614698,139279.0,3437.4031179223834,0.02497611240089571,68.30000000000001,1121.860206302971,0.2306271999841556,134019.0,188477.0,20260613_041006,reported_loss
nn_ml_joint,workers_compensation,14176,112940.03449220292,109695.0,4162.918862712925,0.03685955012702181,21.6,1918.5496713478906,0.2306271999841556,110904.0,190543.0,20260613_041006,reported_loss
nn_ml_joint,other_liability,14176,4830.932210746813,4783.0,415.90071938015365,0.08609119342534918,46.6,89.31343771457654,0.2306271999841556,4405.0,13525.0,20260613_041006,reported_loss
nn_ml_joint,ALL,14176,276816.33494287793,275532.0,6430.83624447058,0.023231418932692705,41.4,1617.3912609113295,0.2306271999841556,269349.0,430944.0,20260613_041006,reported_loss
nn_ml_joint,commercial_auto,14257,6997.187106664146,6871.0,461.9107317429885,0.06601377449276197,41.9,108.05815917173581,0.23708660004194826,6653.0,11424.0,20260613_041006,reported_loss
nn_ml_joint,private_passenger_auto,14257,116459.17803366297,115704.0,2199.4156089778235,0.018885721555943612,38.0,590.708731472042,0.23708660004194826,114501.0,151272.0,20260613_041006,reported_loss
nn_ml_joint,other_liability,14257,34037.641447199865,31670.0,2313.742970382892,0.06797600750251848,13.100000000000001,1420.9724896219395,0.23708660004194826,32073.0,53121.0,20260613_041006,reported_loss
nn_ml_joint,ALL,14257,157494.00658752685,154245.0,3214.6702920731263,0.020411381751765788,15.8,1913.7632403214864,0.23708660004194826,153227.0,215817.0,20260613_041006,reported_loss
nn_ml_joint,commercial_auto,14311,7702.405357280894,7877.0,222.0981362362998,0.028834906231772896,80.60000000000001,107.46667819766756,0.22377339995000511,7582.0,13923.0,20260613_041006,reported_loss
nn_ml_joint,private_passenger_auto,14311,130978.30227949136,129106.0,2415.8618133227014,0.01844474826194917,21.0,1110.6326732708096,0.22377339995000511,128758.0,140359.0,20260613_041006,reported_loss
nn_ml_joint,ALL,14311,138680.70763677225,136983.0,2449.6988118509084,0.017664308566026903,23.1,1020.9586617190862,0.22377339995000511,136340.0,154282.0,20260613_041006,reported_loss
nn_ml_joint,commercial_auto,14320,1983.8038411771313,1830.0,200.5146212953217,0.10107583075166453,20.1,93.97579662065901,0.2497099000029266,1798.0,6020.0,20260613_041006,reported_loss
nn_ml_joint,workers_compensation,14320,10616.472697492782,11550.0,285.07834609815177,0.026852454126828466,100.0,772.9751887696093,0.2497099000029266,10479.0,13697.0,20260613_041006,reported_loss
nn_ml_joint,ALL,14320,12600.276538669887,13380.0,323.91671819329054,0.025707111839902833,99.4,599.1153727881004,0.2497099000029266,12277.0,19717.0,20260613_041006,reported_loss
nn_ml_joint,commercial_auto,14508,10806.329101194033,11807.0,246.69763617214215,0.022828995291739134,100.0,863.027259507426,0.24872309993952513,10488.0,20264.0,20260613_041006,reported_loss
nn_ml_joint,workers_compensation,14508,53900.13232155202,56590.0,1156.8155216316266,0.02146220188719412,99.1,2048.3533945217446,0.24872309993952513,52797.0,77827.0,20260613_041006,reported_loss
nn_ml_joint,ALL,14508,64706.46142274607,68397.0,1169.9262444893968,0.01808051651667257,99.9,3035.1853762221617,0.24872309993952513,63285.0,98091.0,20260613_041006,reported_loss
nn_ml_joint,commercial_auto,14974,37445.633009125115,38445.0,1177.631368171565,0.03144909762600591,80.9,598.7582023015063,0.26097679999656975,35725.0,50686.0,20260613_041006,reported_loss
nn_ml_joint,workers_compensation,14974,29457.651412907053,31222.0,836.7222875205438,0.028404242951762568,98.6,1301.94823610892,0.26097679999656975,28450.0,38753.0,20260613_041006,reported_loss
nn_ml_joint,ALL,14974,66903.28442203207,69667.0,1403.6159155466644,0.020979775920902867,97.1,1999.7269490440192,0.26097679999656975,64175.0,89439.0,20260613_041006,reported_loss
nn_ml_joint,commercial_auto,15024,3004.648672418537,2671.0,356.3570189948768,0.11860189254939871,14.7,199.6343846440214,0.23597719997633249,2777.0,5441.0,20260613_041006,reported_loss
nn_ml_joint,private_passenger_auto,15024,118703.27578384844,118706.0,2941.738316654088,0.024782284205962585,51.300000000000004,678.6542134836034,0.23597719997633249,116005.0,141341.0,20260613_041006,reported_loss
nn_ml_joint,ALL,15024,121707.92445626718,121377.0,2966.5420139589783,0.024374271660716176,47.4,685.4311423257955,0.23597719997633249,118782.0,146782.0,20260613_041006,reported_loss
nn_ml_joint,workers_compensation,15148,737.7247413642438,752.0,57.26495360716723,0.07762374012462904,59.0,13.491370848404312,0.23179059999529272,741.0,2241.0,20260613_041006,reported_loss
nn_ml_joint,other_liability,15148,382.05814833181444,349.0,41.99156072064396,0.10990882121999562,19.1,19.321212749243866,0.23179059999529272,350.0,1032.0,20260613_041006,reported_loss
nn_ml_joint,ALL,15148,1119.782889696057,1101.0,69.32999387481539,0.061913782138280075,38.0,17.32518076062525,0.23179059999529272,1091.0,3273.0,20260613_041006,reported_loss
nn_ml_joint,commercial_auto,15199,1907.4301066463372,2033.0,108.81399429261198,0.0570474346155361,88.9,80.84717830972026,0.23251399991568178,1833.0,2580.0,20260613_041006,reported_loss
nn_ml_joint,private_passenger_auto,15199,104077.04188520108,106528.0,2322.738869070562,0.022317495069014225,86.8,1527.3939804012978,0.23251399991568178,102567.0,149084.0,20260613_041006,reported_loss
nn_ml_joint,workers_compensation,15199,1377.7196023212682,1349.0,99.26407125523347,0.07204954555918865,37.4,26.21571291087259,0.23251399991568178,1363.0,3354.0,20260613_041006,reported_loss
nn_ml_joint,ALL,15199,107362.19159416854,109910.0,2345.493246383835,0.021846547760964598,87.3,1597.02837584083,0.23251399991568178,105763.0,155018.0,20260613_041006,reported_loss
nn_ml_joint,commercial_auto,1538,94203.19688615887,91035.0,2590.304750309374,0.027496994114113375,10.9,2026.095049386556,0.2380823000567034,90572.0,121671.0,20260613_041006,reported_loss
nn_ml_joint,private_passenger_auto,1538,322079.4586195695,312319.0,5185.664574375133,0.016100575294683055,2.5,6973.263298032282,0.2380823000567034,316387.0,402879.0,20260613_041006,reported_loss
nn_ml_joint,workers_compensation,1538,141807.4384145554,134900.0,4066.510113064907,0.02867628213674518,3.5999999999999996,4747.947356212031,0.2380823000567034,138706.0,252542.0,20260613_041006,reported_loss
nn_ml_joint,other_liability,1538,18171.156230139306,15961.0,762.6455149866347,0.04197011490780562,0.0,1779.97191624172,0.2380823000567034,17220.0,33445.0,20260613_041006,reported_loss
nn_ml_joint,ALL,1538,576261.2501504245,554215.0,8932.878168941636,0.015501438222004062,0.6,17042.476037326698,0.2380823000567034,562885.0,810537.0,20260613_041006,reported_loss
nn_ml_joint,private_passenger_auto,16373,9686.653136715211,9780.0,262.0749179805653,0.027055259879929607,63.2,70.30089741149408,0.23801520001143217,9565.0,16248.0,20260613_041006,reported_loss
nn_ml_joint,other_liability,16373,217.9803913450741,204.0,20.660484288058388,0.09478138909913132,24.5,8.145360494599478,0.23801520001143217,203.0,464.0,20260613_041006,reported_loss
nn_ml_joint,ALL,16373,9904.633528060294,9984.0,260.98387766536507,0.02634967532377502,61.6,66.62759684642373,0.23801520001143217,9768.0,16712.0,20260613_041006,reported_loss
nn_ml_joint,commercial_auto,1767,2166677.4185292446,2232066.0,54413.010368352574,0.025113572469541174,89.1,40056.96162218871,0.25102520000655204,2041548.0,3543796.0,20260613_041006,reported_loss
nn_ml_joint,private_passenger_auto,1767,89671836.9967737,91532402.0,1574196.4189240988,0.017555081635951503,89.60000000000001,1168233.1448584488,0.25102520000655204,86390103.0,117655840.0,20260613_041006,reported_loss
nn_ml_joint,workers_compensation,1767,1721485.8411349377,1843847.0,37062.230167525646,0.021529209989372515,99.9,101594.86519262029,0.25102520000655204,1632452.0,2905415.0,20260613_041006,reported_loss
nn_ml_joint,other_liability,1767,1946991.2100699109,2207154.0,107873.11668822585,0.05540503528228689,99.0,199669.4833201558,0.25102520000655204,1677949.0,2414413.0,20260613_041006,reported_loss
nn_ml_joint,ALL,1767,95506991.46650784,97815469.0,1665262.5423708977,0.017436027633169326,92.2,1510750.0716134128,0.25102520000655204,91742052.0,126519464.0,20260613_041006,reported_loss
nn_ml_joint,commercial_auto,18163,32487.23997138373,32347.0,1588.4945811526688,0.048895953689876044,48.3,334.2489136612927,0.2406850999686867,31224.0,41961.0,20260613_041006,reported_loss
nn_ml_joint,private_passenger_auto,18163,130347.52594466889,130352.0,2878.1049647255636,0.022080242366451112,51.1,631.9770600792522,0.2406850999686867,128013.0,166481.0,20260613_041006,reported_loss
nn_ml_joint,other_liability,18163,7327.555476030244,7352.0,850.6254820111351,0.11608584674571001,52.5,185.11590518739519,0.2406850999686867,6602.0,16737.0,20260613_041006,reported_loss
nn_ml_joint,ALL,18163,170162.3213920826,170051.0,3625.0126782285224,0.021303262958407128,50.4,773.9907676699129,0.2406850999686867,165839.0,225179.0,20260613_041006,reported_loss
nn_ml_joint,commercial_auto,18767,83123.24963274188,79694.0,2359.308394777426,0.028383255048393886,7.000000000000001,2303.2280644331295,0.24752560001797974,77752.0,123653.0,20260613_041006,reported_loss
nn_ml_joint,workers_compensation,18767,191305.06017598475,180944.0,4499.115986938236,0.023518018722554563,1.6,7878.818705838644,0.24752560001797974,183247.0,310557.0,20260613_041006,reported_loss
nn_ml_joint,ALL,18767,274428.30980872654,260638.0,5254.401889577489,0.019146719568545054,0.7000000000000001,10864.810543217154,0.24752560001797974,260999.0,434210.0,20260613_041006,reported_loss
nn_ml_joint,commercial_auto,18791,11122.76623214089,11084.0,346.30282784248044,0.031134595532700024,45.9,78.37084786042581,0.24006520002149045,10848.0,15736.0,20260613_041006,reported_loss
nn_ml_joint,private_passenger_auto,18791,92802.72625696918,93075.0,2070.5406367050336,0.022311204855897677,56.2,501.63352462398166,0.24006520002149045,91339.0,128601.0,20260613_041006,reported_loss
nn_ml_joint,workers_compensation,18791,1895.2769865131377,2107.0,99.09527857574227,0.05228538059656082,98.5,158.33525371374753,0.24006520002149045,1869.0,3076.0,20260613_041006,reported_loss
nn_ml_joint,ALL,18791,105820.76947562321,106266.0,2161.3064734030054,0.020424218082262975,58.099999999999994,543.2169198029751,0.24006520002149045,104056.0,147413.0,20260613_041006,reported_loss
nn_ml_joint,private_passenger_auto,2003,12149709.506553197,12428163.0,224137.7370499711,0.01844799144613933,91.3,181565.47274983875,0.2621931000612676,11724695.0,17482366.0,20260613_041006,reported_loss
nn_ml_joint,other_liability,2003,255865.6903167578,277202.0,26130.05915010529,0.10212412269013747,79.4,13332.366840128538,0.2621931000612676,209526.0,646894.0,20260613_041006,reported_loss
nn_ml_joint,ALL,2003,12405575.196869954,12705365.0,233598.09359436197,0.018830089688489496,91.7,197176.9159629363,0.2621931000612676,11934221.0,18129260.0,20260613_041006,reported_loss
nn_ml_joint,commercial_auto,2135,485061.487875029,527697.0,11888.039655832026,0.024508314828108668,100.0,36033.46690959128,0.25558140000794083,453618.0,667326.0,20260613_041006,reported_loss
nn_ml_joint,workers_compensation,2135,611084.3495556754,642976.0,21767.919126454974,0.035621791234356784,93.0,20916.517106586994,0.25558140000794083,567100.0,1136260.0,20260613_041006,reported_loss
nn_ml_joint,other_liability,2135,90474.73183005762,92770.0,8739.90821205302,0.09660054288383575,61.1,2320.9026581414273,0.25558140000794083,72455.0,263934.0,20260613_041006,reported_loss
nn_ml_joint,ALL,2135,1186620.5692607618,1263443.0,31807.09507807467,0.026804773069027264,99.3,59008.9569680676,0.25558140000794083,1093173.0,2067520.0,20260613_041006,reported_loss
nn_ml_joint,commercial_auto,2143,41693.9206939915,41492.0,2310.217509256108,0.055408977395331224,43.7,497.59799212735425,0.23778279998805374,39869.0,59794.0,20260613_041006,reported_loss
nn_ml_joint,private_passenger_auto,2143,137536.25567231615,136257.0,1894.0755537499967,0.013771463709632193,24.9,754.7358235330655,0.23778279998805374,136125.0,174317.0,20260613_041006,reported_loss
nn_ml_joint,other_liability,2143,11545.589849453063,10836.0,876.7886762418862,0.07594143631244803,20.0,397.48588108899077,0.23778279998805374,10682.0,23410.0,20260613_041006,reported_loss
nn_ml_joint,ALL,2143,190775.76621576052,188585.0,3265.543243691602,0.01711718059618951,25.0,1309.016326948421,0.23778279998805374,186676.0,257521.0,20260613_041006,reported_loss
nn_ml_joint,commercial_auto,2208,5699.352442563201,5528.0,432.3142205372855,0.07585321751796392,32.9,123.18809891468348,0.2550853000720963,5368.0,8872.0,20260613_041006,reported_loss
nn_ml_joint,other_liability,2208,2124.1625931664603,2660.0,327.90700654942515,0.1543700127308139,94.6,375.53942757893867,0.2550853000720963,1857.0,5829.0,20260613_041006,reported_loss
nn_ml_joint,ALL,2208,7823.51503572966,8188.0,543.6298207845989,0.06948664613052632,77.10000000000001,224.90658076464564,0.2550853000720963,7225.0,14701.0,20260613_041006,reported_loss
nn_ml_joint,commercial_auto,25275,1255.3094866879749,1062.0,118.1536201328857,0.09412309982984657,4.6,132.58223396060694,0.24335729994345456,1183.0,2475.0,20260613_041006,reported_loss
nn_ml_joint,private_passenger_auto,25275,107264.35325654098,103629.0,2777.8340930485424,0.025897085179872187,8.4,2312.7609766747896,0.24335729994345456,104468.0,136467.0,20260613_041006,reported_loss
nn_ml_joint,ALL,25275,108519.66274322906,104691.0,2778.61385287189,0.025604704093546933,7.3,2472.3840401568086,0.24335729994345456,105651.0,138942.0,20260613_041006,reported_loss
nn_ml_joint,commercial_auto,27022,1926.7120116836034,1970.0,115.39797773674013,0.05989373452647074,66.3,32.71985251897308,0.2264840001007542,1861.0,2705.0,20260613_041006,reported_loss
nn_ml_joint,private_passenger_auto,27022,61187.58594014246,60411.0,1269.8236249742877,0.02075296165821134,26.1,498.0162320015728,0.2264840001007542,60057.0,69961.0,20260613_041006,reported_loss
nn_ml_joint,ALL,27022,63114.2979518261,62381.0,1285.2307423318077,0.02036354334976203,26.900000000000002,479.94279098684467,0.2264840001007542,61918.0,72666.0,20260613_041006,reported_loss
nn_ml_joint,commercial_auto,27065,3501.686888691475,3620.0,194.53422347465056,0.055554431237952555,75.5,77.16177988464885,0.24220269999932498,3369.0,4435.0,20260613_041006,reported_loss
nn_ml_joint,private_passenger_auto,27065,42570.02966026049,43585.0,929.1698643215191,0.021826854990164776,86.8,641.9343934638408,0.24220269999932498,41817.0,54838.0,20260613_041006,reported_loss
nn_ml_joint,other_liability,27065,21280.162405113315,20232.0,1291.7130833317235,0.06070033953412609,19.7,598.5233267226919,0.24220269999932498,20181.0,32915.0,20260613_041006,reported_loss
nn_ml_joint,ALL,27065,67351.8789540653,67437.0,1589.4100561293528,0.023598600080828445,53.7,361.4542102071583,0.24220269999932498,65367.0,92188.0,20260613_041006,reported_loss
nn_ml_joint,commercial_auto,2712,328167.55518515507,343410.0,6136.222955004117,0.018698444919522907,99.2,11871.220296680129,0.2381260999245569,312289.0,462818.0,20260613_041006,reported_loss
nn_ml_joint,workers_compensation,2712,561533.9352338033,571527.0,11390.8918411759,0.02028531336478022,80.80000000000001,5875.358037366657,0.2381260999245569,537633.0,846036.0,20260613_041006,reported_loss
nn_ml_joint,ALL,2712,889701.4904189594,914937.0,14412.913138981892,0.01619971787637994,96.89999999999999,17453.19538098902,0.2381260999245569,849922.0,1308854.0,20260613_041006,reported_loss
nn_ml_joint,private_passenger_auto,29440,67135.04823830197,71892.0,1933.3177626754778,0.028797443562012352,99.1,3708.881570177843,0.24445919995196164,65990.0,82532.0,20260613_041006,reported_loss
nn_ml_joint,other_liability,29440,545.7509457375314,497.0,64.62587613008927,0.11841642535818868,19.5,27.789951524436873,0.24445919995196164,501.0,933.0,20260613_041006,reported_loss
nn_ml_joint,ALL,29440,67680.7991840396,72389.0,1929.6053054681631,0.02851038002995686,99.1,3662.8877652905785,0.24445919995196164,66491.0,83465.0,20260613_041006,reported_loss
nn_ml_joint,commercial_auto,31550,13582.777058356833,13511.0,832.0576367409695,0.06125828563379418,48.8,180.79017320418643,0.24561620003078133,13068.0,20966.0,20260613_041006,reported_loss
nn_ml_joint,private_passenger_auto,31550,33599.48303118948,33123.0,685.3016649404811,0.020396196700536565,23.400000000000002,281.67808720816316,0.24561620003078133,33027.0,41106.0,20260613_041006,reported_loss
nn_ml_joint,ALL,31550,47182.26008954626,46634.0,1125.771588466331,0.023860060673858176,30.0,352.2484491609291,0.24561620003078133,46095.0,62072.0,20260613_041006,reported_loss
nn_ml_joint,commercial_auto,3240,94259.32511864566,92662.0,3281.5163122741596,0.0348137047251682,29.9,1078.352747014974,0.2371106999926269,89362.0,160285.0,20260613_041006,reported_loss
nn_ml_joint,private_passenger_auto,3240,1084012.1483368524,1086131.0,21375.992110345804,0.019719328923704368,54.7,5051.979979037658,0.2371106999926269,1058101.0,1408635.0,20260613_041006,reported_loss
nn_ml_joint,workers_compensation,3240,40721.041439876346,40544.0,1983.974858583569,0.04872112275205095,46.300000000000004,475.7516822994198,0.2371106999926269,38946.0,93276.0,20260613_041006,reported_loss
nn_ml_joint,other_liability,3240,16585.09236701958,14248.0,1576.2705776166947,0.09504141084864864,6.5,1548.0627398508996,0.2371106999926269,14487.0,43790.0,20260613_041006,reported_loss
nn_ml_joint,ALL,3240,1235577.607262392,1233585.0,23439.525203336594,0.01897050016572442,48.1,5506.92356007715,0.2371106999926269,1200896.0,1705986.0,20260613_041006,reported_loss
nn_ml_joint,commercial_auto,32875,4630.594466994894,4183.0,175.0770894188033,0.03780877178225945,1.0,352.6139831571322,0.2558183999499306,4473.0,5892.0,20260613_041006,reported_loss
nn_ml_joint,other_liability,32875,19534.52836221808,19662.0,1220.8268428414447,0.06249584429192863,56.599999999999994,282.1496133547573,0.2558183999499306,18436.0,45428.0,20260613_041006,reported_loss
nn_ml_joint,ALL,32875,24165.122829212953,23845.0,1241.0970420166557,0.05135902063432953,41.6,294.55899308116886,0.2558183999499306,22909.0,51320.0,20260613_041006,reported_loss
nn_ml_joint,commercial_auto,34606,673.6933174376823,597.0,120.1165549895986,0.17829560109999099,25.4,46.71996041951671,0.24177780002355576,616.0,2468.0,20260613_041006,reported_loss
nn_ml_joint,private_passenger_auto,34606,11522.756773686191,12032.0,431.2242230039207,0.03742370263240138,89.7,327.4002793927476,0.24177780002355576,11240.0,19193.0,20260613_041006,reported_loss
nn_ml_joint,other_liability,34606,514.3977919142349,498.0,42.340295797417056,0.08231041513583406,35.699999999999996,11.326004315340633,0.24177780002355576,482.0,958.0,20260613_041006,reported_loss
nn_ml_joint,ALL,34606,12710.8478830381,13127.0,445.7148034001457,0.03506570195013715,83.1,256.643836062466,0.24177780002355576,12338.0,22619.0,20260613_041006,reported_loss
nn_ml_joint,commercial_auto,353,37030.56798430616,40061.0,1097.4009882784537,0.029635002864215877,99.7,2421.8285694022557,0.2547621999401599,35789.0,52429.0,20260613_041006,reported_loss
nn_ml_joint,private_passenger_auto,353,122608.08540046951,125477.0,1895.1705449577464,0.015457141662131272,93.0,1934.606701405913,0.2547621999401599,120832.0,155061.0,20260613_041006,reported_loss
nn_ml_joint,workers_compensation,353,34643.103373435086,35658.0,352.9859173815762,0.010189211791350418,99.9,817.2213901040463,0.2547621999401599,34609.0,53892.0,20260613_041006,reported_loss
nn_ml_joint,ALL,353,194281.75675821054,201196.0,2514.5094628947654,0.012942591753605294,99.8,5496.650716554306,0.2547621999401599,191230.0,261382.0,20260613_041006,reported_loss
nn_ml_joint,commercial_auto,38733,26110.481144551122,27302.0,850.9084376559849,0.032588768967727624,91.8,787.3543175213413,0.26975119998678565,24656.0,50107.0,20260613_041006,reported_loss
nn_ml_joint,workers_compensation,38733,199467.54388717975,203178.0,5570.005144642973,0.027924368226007773,74.6,2302.5201576065956,0.26975119998678565,192452.0,387839.0,20260613_041006,reported_loss
nn_ml_joint,other_liability,38733,25327.18025902206,24298.0,1830.9124940843635,0.0722904198319572,28.499999999999996,632.4997010192421,0.26975119998678565,22899.0,67882.0,20260613_041006,reported_loss
nn_ml_joint,ALL,38733,250905.20529075246,254778.0,6351.967766102579,0.025316205611365574,72.7,2447.6656122338445,0.26975119998678565,240007.0,505828.0,20260613_041006,reported_loss
nn_ml_joint,commercial_auto,388,702046.3116908235,750175.0,18385.776347918945,0.02618883689259508,99.4,38010.231041931416,0.3277350999414921,664334.0,1086150.0,20260613_041006,reported_loss
nn_ml_joint,private_passenger_auto,388,911675.1163964507,923360.0,19635.626904546407,0.021537965171364474,74.0,7151.061783955634,0.3277350999414921,878230.0,1270861.0,20260613_041006,reported_loss
nn_ml_joint,workers_compensation,388,1291378.109020938,1309643.0,44040.86320631535,0.03410377092399766,65.3,12593.67734162186,0.3277350999414921,1220155.0,2372911.0,20260613_041006,reported_loss
nn_ml_joint,ALL,388,2905099.5371082085,2983178.0,63131.89313900231,0.02173140449495407,90.5,48858.60518478744,0.3277350999414921,2762719.0,4729922.0,20260613_041006,reported_loss
nn_ml_joint,commercial_auto,40568,11638.27857685033,13221.0,1318.7481614616236,0.11331127303351735,89.3,1023.028537220434,0.3176200999878347,10816.0,16933.0,20260613_041006,reported_loss
nn_ml_joint,private_passenger_auto,40568,3664.653521380156,3834.0,133.60775526679572,0.036458495867974255,90.0,108.98364606881307,0.3176200999878347,3526.0,4322.0,20260613_041006,reported_loss
nn_ml_joint,ALL,40568,15302.932098230516,17055.0,1321.5968048715001,0.0863623256241408,91.5,1158.781858295218,0.3176200999878347,14342.0,21255.0,20260613_041006,reported_loss
nn_ml_joint,workers_compensation,41300,37031.73143112983,37915.0,812.3433105470467,0.021936411805583842,86.2,531.4539266021177,0.3259275999153033,36486.0,52950.0,20260613_041006,reported_loss
nn_ml_joint,other_liability,41300,5318.668151149332,5562.0,366.95353328960516,0.06899350041425478,76.7,152.41044695824993,0.3259275999153033,4921.0,18842.0,20260613_041006,reported_loss
nn_ml_joint,ALL,41300,42350.39958227918,43477.0,910.9100300185623,0.02150888867645342,90.5,708.698855743263,0.3259275999153033,41407.0,71792.0,20260613_041006,reported_loss
nn_ml_joint,private_passenger_auto,42439,61377.99511847672,68613.0,1715.0397059495065,0.02794225687298843,100.0,6283.85012606482,0.29475050000473857,60101.0,80711.0,20260613_041006,reported_loss
nn_ml_joint,other_liability,42439,23367.25898984079,33550.0,3434.8394926224496,0.1469936843733272,99.5,8312.547992137486,0.29475050000473857,20515.0,74965.0,20260613_041006,reported_loss
nn_ml_joint,ALL,42439,84745.2541083174,102163.0,3811.5883317875277,0.044977012245614775,99.9,15304.572511881888,0.29475050000473857,80616.0,155676.0,20260613_041006,reported_loss
nn_ml_joint,commercial_auto,4839,158860.07154271172,154686.0,3922.8926132006095,0.024694012630769122,13.0,2607.846082068596,0.28511779999826103,152678.0,246195.0,20260613_041006,reported_loss
nn_ml_joint,private_passenger_auto,4839,3158443.236103313,3028991.0,59908.41153902949,0.018967702459943742,1.6,96196.91840898321,0.28511779999826103,3061595.0,4078168.0,20260613_041006,reported_loss
nn_ml_joint,ALL,4839,3317303.3076460236,3183677.0,61250.72793439944,0.018464011956103973,1.2,99548.02759591909,0.28511779999826103,3214273.0,4324363.0,20260613_041006,reported_loss
nn_ml_joint,commercial_auto,5185,88341.36529436272,88539.0,2315.8302264751,0.026214562326023715,54.800000000000004,493.0343725452635,0.2901158999884501,84628.0,105505.0,20260613_041006,reported_loss
nn_ml_joint,private_passenger_auto,5185,260175.58159783555,260501.0,5273.309376706068,0.020268271696831437,53.6,1248.7767520358057,0.2901158999884501,252884.0,351763.0,20260613_041006,reported_loss
nn_ml_joint,workers_compensation,5185,107893.94847068416,106900.0,4206.013034239452,0.03898284467161073,41.9,1048.0801037707756,0.2901158999884501,104185.0,200467.0,20260613_041006,reported_loss
nn_ml_joint,other_liability,5185,145907.46320805186,141675.0,6687.383826886939,0.04583304842570861,26.900000000000002,2540.3309686972375,0.2901158999884501,136865.0,196774.0,20260613_041006,reported_loss
nn_ml_joint,ALL,5185,602318.3585709343,597615.0,12205.056421703435,0.02026346407680692,34.599999999999994,3493.8272060839117,0.2901158999884501,578562.0,854509.0,20260613_041006,reported_loss
nn_ml_joint,commercial_auto,620,382311.7721143043,389323.0,10110.083157097602,0.026444603317302168,76.2,4333.039501174427,0.2646909999893978,365697.0,553119.0,20260613_041006,reported_loss
nn_ml_joint,private_passenger_auto,620,511809.56539782754,504924.0,6733.159884183171,0.013155596025153442,15.1,4039.4546224423652,0.2646909999893978,500607.0,589907.0,20260613_041006,reported_loss
nn_ml_joint,other_liability,620,439056.29930156237,455387.0,25116.631687301906,0.05720594768200956,75.2,10104.038294236012,0.2646909999893978,399454.0,719473.0,20260613_041006,reported_loss
nn_ml_joint,ALL,620,1333177.6368136932,1349634.0,31593.036855353243,0.023697544860459024,70.19999999999999,11015.362469869582,0.2646909999893978,1265758.0,1862499.0,20260613_041006,reported_loss
nn_ml_joint,commercial_auto,6408,16146.69133446841,16269.0,698.4491388538449,0.04325648669352232,56.39999999999999,164.25445501282485,0.2775430000619963,15165.0,22367.0,20260613_041006,reported_loss
nn_ml_joint,workers_compensation,6408,35297.53219221194,37533.0,1662.0327491958726,0.047086372501774616,91.3,1458.2703425483505,0.2775430000619963,33603.0,64881.0,20260613_041006,reported_loss
nn_ml_joint,ALL,6408,51444.22352668035,53802.0,1756.2594945780556,0.03413910006178269,91.4,1526.0181255404914,0.2775430000619963,48768.0,87248.0,20260613_041006,reported_loss
nn_ml_joint,commercial_auto,6459,8827.75436324155,8835.0,632.6751343192246,0.07166886484219145,52.300000000000004,132.09650871795736,0.2664714999264106,8211.0,16769.0,20260613_041006,reported_loss
nn_ml_joint,other_liability,6459,10452.970473077008,9688.0,1403.0521574491163,0.1342252100551571,29.9,471.4638986337221,0.2664714999264106,9201.0,29730.0,20260613_041006,reported_loss
nn_ml_joint,ALL,6459,19280.72483631855,18523.0,1559.4136555593261,0.08087941033326213,31.1,484.5347333293274,0.2664714999264106,17412.0,46499.0,20260613_041006,reported_loss
nn_ml_joint,commercial_auto,671,50109.213029639344,53308.0,1928.7308248219606,0.03849054311990743,95.7,2229.83175249781,0.24691180000081658,47264.0,59467.0,20260613_041006,reported_loss
nn_ml_joint,workers_compensation,671,100164.04591341988,99907.0,3537.7014385770676,0.03531907488676124,47.199999999999996,835.7393243007973,0.24691180000081658,96632.0,165779.0,20260613_041006,reported_loss
nn_ml_joint,other_liability,671,5476.303362274053,6071.0,526.8424305828793,0.09620402591504833,88.3,370.09053547213006,0.24691180000081658,4947.0,15626.0,20260613_041006,reported_loss
nn_ml_joint,ALL,671,155749.5623053333,159286.0,4136.548080383601,0.02655897081928399,80.7,2068.1478025076995,0.24691180000081658,148843.0,240872.0,20260613_041006,reported_loss
nn_ml_joint,private_passenger_auto,6807,11615.941021616052,11771.0,166.27284509920153,0.014314195017845317,83.1,92.70523904828426,0.2500841999426484,11605.0,14198.0,20260613_041006,reported_loss
nn_ml_joint,workers_compensation,6807,173293.91658441568,194402.0,15679.76650276518,0.09048076707947901,92.30000000000001,13707.268063733176,0.2500841999426484,166709.0,347129.0,20260613_041006,reported_loss
nn_ml_joint,ALL,6807,184909.85760603147,206173.0,15709.921256533271,0.08495989051056864,92.30000000000001,13827.672577260399,0.2500841999426484,178314.0,361327.0,20260613_041006,reported_loss
nn_ml_joint,commercial_auto,6947,16551.994822933233,16731.0,833.390179048749,0.05034983323545175,60.4,200.82867390111744,0.23361060000024736,15710.0,32028.0,20260613_041006,reported_loss
nn_ml_joint,private_passenger_auto,6947,885735.2433252622,909292.0,17692.54506086635,0.019974981456585487,90.3,15401.915559608167,0.23361060000024736,865910.0,1088573.0,20260613_041006,reported_loss
nn_ml_joint,other_liability,6947,20999.384396222573,19790.0,2047.8339327125223,0.09751876026808158,25.2,715.5114179109794,0.23361060000024736,18921.0,44522.0,20260613_041006,reported_loss
nn_ml_joint,ALL,6947,923286.6225444186,945813.0,18180.23580861827,0.019690782217245472,88.7,14551.848421759236,0.23361060000024736,900541.0,1165123.0,20260613_041006,reported_loss
nn_ml_joint,commercial_auto,7080,315057.86173131346,335527.0,6073.591338155943,0.01927770126027073,100.0,17079.169102319494,0.2619462999282405,302817.0,526707.0,20260613_041006,reported_loss
nn_ml_joint,private_passenger_auto,7080,1413535.8695588193,1477235.0,33969.06921294873,0.024031275006520254,96.7,45955.48139123207,0.2619462999282405,1353049.0,1825656.0,20260613_041006,reported_loss
nn_ml_joint,workers_compensation,7080,1973190.920137791,2020225.0,40435.992166526776,0.020492691180488035,89.5,29492.891169744256,0.2619462999282405,1910809.0,2738156.0,20260613_041006,reported_loss
nn_ml_joint,ALL,7080,3701784.6514279214,3832987.0,63919.83830659345,0.017267303294354816,97.6,97111.64799229024,0.2619462999282405,3566675.0,5090519.0,20260613_041006,reported_loss
nn_ml_joint,commercial_auto,715,110391.63833073953,108222.0,3470.588709837014,0.031438873109564114,23.799999999999997,1332.449358018691,0.2240294999210164,104556.0,142808.0,20260613_041006,reported_loss
nn_ml_joint,private_passenger_auto,715,168261.2482536522,165810.0,3503.2613738228847,0.020820369575184374,22.5,1452.6843656792264,0.2240294999210164,163025.0,210516.0,20260613_041006,reported_loss
nn_ml_joint,workers_compensation,715,262036.5834160989,242834.0,10548.56894650392,0.04025609252336115,3.1,13496.44219371891,0.2240294999210164,252445.0,482874.0,20260613_041006,reported_loss
nn_ml_joint,other_liability,715,65544.05711654536,65381.0,5295.415076994429,0.08079168897919353,50.2,1187.959242745534,0.2240294999210164,58541.0,141168.0,20260613_041006,reported_loss
nn_ml_joint,ALL,715,606233.5271170359,582247.0,15532.878268509734,0.025621938698073766,5.7,16020.444081838665,0.2240294999210164,578567.0,977366.0,20260613_041006,reported_loss
nn_ml_joint,commercial_auto,833,24691.6342206805,24613.0,890.7076512224311,0.03607325636131521,48.4,190.42729499962707,0.22693150001578033,23721.0,31134.0,20260613_041006,reported_loss
nn_ml_joint,other_liability,833,12078.757029080552,11462.0,839.0780027941763,0.06946724739756172,22.2,346.9410147838714,0.22693150001578033,11335.0,20478.0,20260613_041006,reported_loss
nn_ml_joint,ALL,833,36770.391249761065,36075.0,1230.464683324264,0.033463464529555675,28.000000000000004,414.5152618704866,0.22693150001578033,35056.0,51612.0,20260613_041006,reported_loss
nn_ml_joint,commercial_auto,8427,8145.600371947567,8202.0,545.6772410306475,0.06699042625634961,54.800000000000004,118.71803557374892,0.23075739992782474,7768.0,12065.0,20260613_041006,reported_loss
nn_ml_joint,private_passenger_auto,8427,126323.3721462304,127063.0,2893.1404053836186,0.022902653374662563,60.9,746.493776102169,0.23075739992782474,123528.0,157203.0,20260613_041006,reported_loss
nn_ml_joint,ALL,8427,134468.97251817817,135265.0,2970.2047402622075,0.02208840213946515,61.5,778.4330257378394,0.23075739992782474,131296.0,169268.0,20260613_041006,reported_loss
nn_ml_joint,private_passenger_auto,8559,150860.75319185253,146153.0,1862.664802209697,0.0123469143750125,0.7000000000000001,3663.3874403462155,0.23741850000806153,149072.0,155743.0,20260613_041006,reported_loss
nn_ml_joint,workers_compensation,8559,78294.35634454316,81921.0,1491.7600101433022,0.019053225287128533,99.3,2789.6610530186504,0.23741850000806153,78154.0,106389.0,20260613_041006,reported_loss
nn_ml_joint,ALL,8559,229155.10953639593,228074.0,2764.3747042108016,0.012063334349399463,34.5,824.0130142780451,0.23741850000806153,227226.0,262132.0,20260613_041006,reported_loss
nn_ml_joint,commercial_auto,8672,142155.23551564023,140795.0,1625.4375604014137,0.011434243378412746,18.6,842.6929354961203,0.2453965999884531,139619.0,266116.0,20260613_041006,reported_loss
nn_ml_joint,workers_compensation,8672,78171.44233585148,80320.0,677.7333275566554,0.008669832707510747,99.9,1764.6919978680633,0.2453965999884531,76947.0,121755.0,20260613_041006,reported_loss
nn_ml_joint,ALL,8672,220326.67785149184,221115.0,1751.3867616411883,0.007949045384425424,67.9,519.7068084056017,0.2453965999884531,216566.0,387871.0,20260613_041006,reported_loss
nn_ml_joint,commercial_auto,9466,86429.03100440711,99207.0,3823.025958145958,0.044233122987934664,99.7,10663.640145683865,0.24706860003061593,78097.0,123233.0,20260613_041006,reported_loss
nn_ml_joint,workers_compensation,9466,147058.26936431116,164276.0,5393.441467895719,0.03667554018696093,99.9,14185.82423744696,0.24706860003061593,137109.0,237720.0,20260613_041006,reported_loss
nn_ml_joint,ALL,9466,233487.30036871848,263483.0,6799.486522534554,0.029121440488613044,100.0,26152.728174605632,0.24706860003061593,215206.0,360953.0,20260613_041006,reported_loss
meyers_ccl,commercial_auto,10022,7830.532351059601,5882.0,1032.2744143827267,0.13182685009187695,0.12,1456.9265639064217,7.2973911999724805,5913.0,12090.0,20260613_041006,reported_loss
meyers_ccl,commercial_auto,1066,67365.80824277579,63145.0,5714.2476448033685,0.08482415328871462,22.32,2404.014280068638,3.3982569000218064,63941.0,96880.0,20260613_041006,reported_loss
meyers_ccl,commercial_auto,1090,21823.507048823303,21364.0,1244.8812382367041,0.05704313405960233,36.46,316.38592495175305,3.877056600060314,19700.0,34665.0,20260613_041006,reported_loss
meyers_ccl,commercial_auto,13439,3803.2201152675107,3667.0,368.4800764611653,0.0968863398102971,36.99,89.99309590421421,4.081369999912567,3924.0,6305.0,20260613_041006,reported_loss
meyers_ccl,commercial_auto,13528,20617.99821411726,19930.0,853.7442542943454,0.04140771792820226,19.24,386.77949269703856,3.801406800048426,19928.0,25863.0,20260613_041006,reported_loss
meyers_ccl,commercial_auto,13641,8049.130132157139,8591.0,493.4616305295627,0.06130620606543936,88.41,357.11620838964825,3.827725399984047,8150.0,12780.0,20260613_041006,reported_loss
meyers_ccl,commercial_auto,13889,2056.834261173588,2100.0,195.51865048903946,0.09505804827340851,64.41,50.60778945209529,4.207827899954282,2079.0,6478.0,20260613_041006,reported_loss
meyers_ccl,commercial_auto,14044,5553.59857255741,5403.0,222.4402137908932,0.04005334755199283,22.73,88.320759303173,4.906998099992052,5426.0,8864.0,20260613_041006,reported_loss
meyers_ccl,commercial_auto,14176,24557.433995964126,21775.0,2445.8665707045607,0.09959780696576544,9.629999999999999,1678.4749719523932,3.4631018999498338,20021.0,38399.0,20260613_041006,reported_loss
meyers_ccl,commercial_auto,14257,6764.426197149311,6871.0,416.0592939129835,0.06150696035213168,66.12,103.41408446599607,3.39999219996389,6653.0,11424.0,20260613_041006,reported_loss
meyers_ccl,commercial_auto,14311,7497.6216592758,7877.0,538.5943615743564,0.0718353614053099,81.08,242.60187260707175,5.66960859997198,7582.0,13923.0,20260613_041006,reported_loss
meyers_ccl,commercial_auto,14320,1824.0154270894718,1830.0,665.6491190634717,0.3649361234436644,63.77,114.17767181560589,3.474613899947144,1798.0,6020.0,20260613_041006,reported_loss
meyers_ccl,commercial_auto,14508,10702.023115307382,11807.0,375.81250892950743,0.03511602478151753,99.05000000000001,905.7353862024047,5.09257469989825,10488.0,20264.0,20260613_041006,reported_loss
meyers_ccl,commercial_auto,14974,37437.63302267227,38445.0,1803.5707445008125,0.04817534119768117,74.83,677.0354998738944,4.03482719999738,35725.0,50686.0,20260613_041006,reported_loss
meyers_ccl,commercial_auto,15024,3046.6382707358243,2671.0,846.1102998490625,0.277719317050629,33.07,161.6716671447698,3.5129994000308216,2777.0,5441.0,20260613_041006,reported_loss
meyers_ccl,commercial_auto,15199,1892.5394790042385,2033.0,151.98811740582426,0.08030908686026088,88.2,102.05208905034428,3.8024004999315366,1833.0,2580.0,20260613_041006,reported_loss
meyers_ccl,commercial_auto,1538,90442.59231890878,91035.0,3139.3232523223105,0.03471067305603948,59.64,760.9861150345685,4.111502199899405,90572.0,121671.0,20260613_041006,reported_loss
meyers_ccl,commercial_auto,1767,2280177.985269084,2232066.0,28137.75332686306,0.012340156561744245,4.04,33513.402824048215,4.406326700001955,2041548.0,3543796.0,20260613_041006,reported_loss
meyers_ccl,commercial_auto,18163,33026.07301303124,32347.0,2064.203266027612,0.06250223165234117,38.49,502.87358235364104,4.13698219996877,31224.0,41961.0,20260613_041006,reported_loss
meyers_ccl,commercial_auto,18767,84519.31041584502,79694.0,2922.7008276753163,0.03458027299673036,3.44,3296.9998153215465,3.6300900999922305,77752.0,123653.0,20260613_041006,reported_loss
meyers_ccl,commercial_auto,18791,11111.791276168693,11084.0,289.87930134221807,0.0260875401758057,48.92,60.19180025158684,4.182345799985342,10848.0,15736.0,20260613_041006,reported_loss
meyers_ccl,commercial_auto,2135,495100.4920900585,527697.0,13837.440900452908,0.027948752064532154,98.18,25370.397577313342,4.7149619000265375,453618.0,667326.0,20260613_041006,reported_loss
meyers_ccl,commercial_auto,2143,41050.63851757267,41492.0,2732.7446546627907,0.06657008887920164,60.83,624.2152481281994,3.45928399998229,39869.0,59794.0,20260613_041006,reported_loss
meyers_ccl,commercial_auto,2208,5953.242178946149,5528.0,542.0472920776124,0.0910507712914119,19.2,224.52737124316178,3.395875999936834,5368.0,8872.0,20260613_041006,reported_loss
meyers_ccl,commercial_auto,25275,1178.9301221755532,1062.0,268.6873846076141,0.22790781196750537,29.73,53.047241672790506,3.7121445999946445,1183.0,2475.0,20260613_041006,reported_loss
meyers_ccl,commercial_auto,27022,2251.127972539016,1970.0,259.9479888633042,0.11547454966325725,11.08,164.04451757981167,3.4414473000215366,1861.0,2705.0,20260613_041006,reported_loss
meyers_ccl,commercial_auto,27065,3578.1847944968454,3620.0,303.1473139030683,0.08472097762231312,64.74,57.469386845987586,3.833939400035888,3369.0,4435.0,20260613_041006,reported_loss
meyers_ccl,commercial_auto,2712,340880.1932447839,343410.0,9792.048872605053,0.02872577834281338,62.23,2484.157463496187,3.614986800006591,312289.0,462818.0,20260613_041006,reported_loss
meyers_ccl,commercial_auto,31550,13351.595689594114,13511.0,618.8328704507929,0.046348982161966985,63.190000000000005,155.83763487946675,3.94300359999761,13068.0,20966.0,20260613_041006,reported_loss
meyers_ccl,commercial_auto,3240,95427.49861077414,92662.0,3153.597705699654,0.033047054063131444,17.78,1612.7263325393935,3.569648399949074,89362.0,160285.0,20260613_041006,reported_loss
meyers_ccl,commercial_auto,32875,6142.854770372691,4183.0,2685.6269996883007,0.4371952618253682,5.06,1026.0735859942433,3.4968579000560567,4473.0,5892.0,20260613_041006,reported_loss
meyers_ccl,commercial_auto,34606,644.6945044856234,597.0,89.73538461376344,0.13919055302846084,29.29,25.119468946091644,3.5419914999511093,616.0,2468.0,20260613_041006,reported_loss
meyers_ccl,commercial_auto,353,39196.59161856861,40061.0,1774.7761022753464,0.045278837495517886,72.65,607.7834540158327,3.6765311000635847,35789.0,52429.0,20260613_041006,reported_loss
meyers_ccl,commercial_auto,38733,26605.438703548247,27302.0,2697.9665583856254,0.10140658037808675,66.43,707.3753465593131,3.623029600013979,24656.0,50107.0,20260613_041006,reported_loss
meyers_ccl,commercial_auto,388,689199.4206671721,750175.0,13513.827293807053,0.019608007332224887,99.91,53564.12973997472,3.701396399992518,664334.0,1086150.0,20260613_041006,reported_loss
meyers_ccl,commercial_auto,40568,12722.933308281703,13221.0,3016.1701814242765,0.23706562852616458,69.83,714.8547267739102,3.9707164999563247,10816.0,16933.0,20260613_041006,reported_loss
meyers_ccl,commercial_auto,4839,153462.8302868691,154686.0,3471.763583864624,0.02262283041030087,67.25,987.8794419009187,3.991063900059089,152678.0,246195.0,20260613_041006,reported_loss
meyers_ccl,commercial_auto,5185,88073.51471200267,88539.0,2772.5228496849627,0.031479643554035694,59.62,655.3518475681008,3.966275000013411,84628.0,105505.0,20260613_041006,reported_loss
meyers_ccl,commercial_auto,620,371963.94454942434,389323.0,13624.450017643243,0.036628415784081214,90.64999999999999,11491.108812436658,3.720256199943833,365697.0,553119.0,20260613_041006,reported_loss
meyers_ccl,commercial_auto,6408,17229.048986294947,16269.0,726.0342717986147,0.042140124645077465,8.06,609.2236680375803,3.661363600054756,15165.0,22367.0,20260613_041006,reported_loss
meyers_ccl,commercial_auto,6459,8897.15617019629,8835.0,630.8285996982596,0.07090227344906122,50.05,132.81612732977192,3.6111862999387085,8211.0,16769.0,20260613_041006,reported_loss
meyers_ccl,commercial_auto,671,51453.95905506952,53308.0,4741.531357637657,0.09215095290457528,72.50999999999999,1519.938730608933,3.9339467000681907,47264.0,59467.0,20260613_041006,reported_loss
meyers_ccl,commercial_auto,6947,16444.354001925734,16731.0,607.651371943283,0.036951975849712514,73.39,206.44992023265797,3.598120899987407,15710.0,32028.0,20260613_041006,reported_loss
meyers_ccl,commercial_auto,7080,340439.36695961206,335527.0,11590.397570954938,0.034045409244137036,34.39,3224.378942663783,4.560421900008805,302817.0,526707.0,20260613_041006,reported_loss
meyers_ccl,commercial_auto,715,117007.30499084666,108222.0,5062.946565919369,0.043270345952463714,2.8000000000000003,6153.457175457939,4.122180099948309,104556.0,142808.0,20260613_041006,reported_loss
meyers_ccl,commercial_auto,833,24026.84305648586,24613.0,1039.821117575395,0.043277475743726694,74.41,381.4362991380036,3.8816074000205845,23721.0,31134.0,20260613_041006,reported_loss
meyers_ccl,commercial_auto,8427,7565.090856772145,8202.0,730.4297267102028,0.0965526707529671,83.49,412.8889024054631,3.1788974999217317,7768.0,12065.0,20260613_041006,reported_loss
meyers_ccl,commercial_auto,8672,143447.1695912046,140795.0,6694.751141524564,0.04667050009145004,32.84,1836.6648323439576,3.7498695999383926,139619.0,266116.0,20260613_041006,reported_loss
meyers_ccl,commercial_auto,9466,89747.28060975729,99207.0,6678.264134216054,0.07441188288762474,93.04,6691.98551964515,3.926021199906245,78097.0,123233.0,20260613_041006,reported_loss
meyers_ccl,private_passenger_auto,10022,68054.43152574004,63628.0,2175.2883125537,0.031963948030789835,0.9400000000000001,3255.2986945218063,3.863206599955447,66117.0,74078.0,20260613_041006,reported_loss
meyers_ccl,private_passenger_auto,1066,219754.7510593246,213877.0,4671.4840847479145,0.02125771598670378,9.06,3687.209037302772,3.9255598000017926,207265.0,314145.0,20260613_041006,reported_loss
meyers_ccl,private_passenger_auto,1090,1086013.9067308086,1084387.0,10406.04023583269,0.00958186646721463,43.66,2413.6884175855903,4.094680899986997,1020853.0,1295968.0,20260613_041006,reported_loss
meyers_ccl,private_passenger_auto,13439,37009.513719475326,36241.0,896.263430376052,0.024217109070104208,18.0,443.8522848164179,3.758309700060636,37696.0,55117.0,20260613_041006,reported_loss
meyers_ccl,private_passenger_auto,13501,99759.71501385329,100001.0,2087.3832061286107,0.02092410955503174,56.34,475.2144348315437,3.7049470000201836,96219.0,132076.0,20260613_041006,reported_loss
meyers_ccl,private_passenger_auto,13528,4782.398655139117,4739.0,165.84476284339925,0.03467815521091788,40.62,37.74410078057363,3.55691519996617,4732.0,5963.0,20260613_041006,reported_loss
meyers_ccl,private_passenger_auto,13641,70779.83606283416,70599.0,2218.6009289486356,0.03134509843988749,48.19,463.20660543086024,3.6783270000014454,66026.0,84367.0,20260613_041006,reported_loss
meyers_ccl,private_passenger_auto,13889,116416.63287360022,113934.0,2788.6056013544935,0.02395366995695737,17.23,1457.1139934707153,3.618237499962561,117605.0,153295.0,20260613_041006,reported_loss
meyers_ccl,private_passenger_auto,14044,36657.06442795924,36665.0,562.0711829366894,0.015333229534550071,51.449999999999996,123.49800421793384,3.6899659000337124,36575.0,52943.0,20260613_041006,reported_loss
meyers_ccl,private_passenger_auto,14176,146693.0128182584,139279.0,4906.315912595204,0.03344614592294018,4.83,4957.096835946253,4.131865800009109,134019.0,188477.0,20260613_041006,reported_loss
meyers_ccl,private_passenger_auto,14257,115680.2874027081,115704.0,1724.5450873501343,0.014907856179044748,51.0,384.4578928274192,3.8313462999649346,114501.0,151272.0,20260613_041006,reported_loss
meyers_ccl,private_passenger_auto,14311,128808.63140641307,129106.0,5523.3439857714475,0.04288023190266156,55.900000000000006,1205.3833133941343,3.834989700000733,128758.0,140359.0,20260613_041006,reported_loss
meyers_ccl,private_passenger_auto,15024,118651.55632480877,118706.0,4862.950694576661,0.04098514039937519,51.88,1031.7963845256622,3.667618399951607,116005.0,141341.0,20260613_041006,reported_loss
meyers_ccl,private_passenger_auto,15199,110222.206049886,106528.0,2022.5779684694153,0.01835000442246644,2.96,2626.2481225900947,3.6102552000666037,102567.0,149084.0,20260613_041006,reported_loss
meyers_ccl,private_passenger_auto,1538,313322.16847013595,312319.0,4542.657840143945,0.014498360784123466,40.94,1077.1365197426635,3.7421134000178427,316387.0,402879.0,20260613_041006,reported_loss
meyers_ccl,private_passenger_auto,16373,9749.602801671288,9780.0,136.32324227931815,0.013982440623729765,60.29,33.223895641985294,3.8826512000523508,9565.0,16248.0,20260613_041006,reported_loss
meyers_ccl,private_passenger_auto,1767,92345246.02510296,91532402.0,940210.7522235286,0.010181474333480506,18.490000000000002,485678.69791795884,3.81066890002694,86390103.0,117655840.0,20260613_041006,reported_loss
meyers_ccl,private_passenger_auto,18163,128862.89208352384,130352.0,2290.20666869141,0.017772429530814725,77.24,939.7152369826877,3.682285600109026,128013.0,166481.0,20260613_041006,reported_loss
meyers_ccl,private_passenger_auto,18791,90612.46190137969,93075.0,1525.707618361361,0.016837723932740096,94.89999999999999,1689.138082501167,3.9691944000078365,91339.0,128601.0,20260613_041006,reported_loss
meyers_ccl,private_passenger_auto,2003,12601634.02979125,12428163.0,193530.4371358948,0.01535756685826407,17.19,103265.66102338738,4.3024158999323845,11724695.0,17482366.0,20260613_041006,reported_loss
meyers_ccl,private_passenger_auto,2143,135243.0696377265,136257.0,2244.2059568168634,0.016593870302030137,69.15,709.039531014962,3.416816500015557,136125.0,174317.0,20260613_041006,reported_loss
meyers_ccl,private_passenger_auto,25275,99521.59348917387,103629.0,2971.8555623852417,0.02986141457540594,92.21000000000001,2782.6035287372924,4.207421400002204,104468.0,136467.0,20260613_041006,reported_loss
meyers_ccl,private_passenger_auto,27022,63690.57871264016,60411.0,1264.1227719559934,0.019847876993856126,0.8500000000000001,2593.089228814719,3.7864942000014707,60057.0,69961.0,20260613_041006,reported_loss
meyers_ccl,private_passenger_auto,27065,42420.30430504431,43585.0,925.2178827335417,0.021810731862749077,90.53999999999999,750.1953909534757,3.694437999976799,41817.0,54838.0,20260613_041006,reported_loss
meyers_ccl,private_passenger_auto,29440,65945.58234963556,71892.0,3747.3667545578314,0.05682513704541637,93.84,4211.750129610236,4.340592400054447,65990.0,82532.0,20260613_041006,reported_loss
meyers_ccl,private_passenger_auto,31550,33245.83494066126,33123.0,805.4257419987783,0.024226365300686246,45.39,179.89993303244523,3.9320713999914005,33027.0,41106.0,20260613_041006,reported_loss
meyers_ccl,private_passenger_auto,3240,1090318.199001972,1086131.0,20005.387563525997,0.01834821025810449,42.11,4694.881027635409,4.431911200052127,1058101.0,1408635.0,20260613_041006,reported_loss
meyers_ccl,private_passenger_auto,34606,11520.473357753488,12032.0,557.01766861624,0.04835024146306949,84.66,331.09062241345356,3.7451158999465406,11240.0,19193.0,20260613_041006,reported_loss
meyers_ccl,private_passenger_auto,353,128610.09273388538,125477.0,2183.578916536782,0.016978285841492642,6.710000000000001,2058.9600006452265,3.63490649999585,120832.0,155061.0,20260613_041006,reported_loss
meyers_ccl,private_passenger_auto,388,908528.5150729336,923360.0,20596.042529803362,0.022669670998878864,77.91,8870.092029425043,3.7005964999552816,878230.0,1270861.0,20260613_041006,reported_loss
meyers_ccl,private_passenger_auto,40568,4049.308756453186,3834.0,973.6759864822176,0.24045486403834176,49.78,148.59618102831536,3.5591719000367448,3526.0,4322.0,20260613_041006,reported_loss
meyers_ccl,private_passenger_auto,42439,60307.73694214853,68613.0,3719.948039153272,0.06168276622154983,97.78,6371.826006423211,3.2316813999786973,60101.0,80711.0,20260613_041006,reported_loss
meyers_ccl,private_passenger_auto,4839,3043734.1884817504,3028991.0,35990.17507555182,0.01182434892368316,34.150000000000006,10508.444448122154,3.9266187999164686,3061595.0,4078168.0,20260613_041006,reported_loss
meyers_ccl,private_passenger_auto,5185,261913.29451007256,260501.0,4492.085317345373,0.017151039720026958,36.41,1141.9621348339629,4.0893859000643715,252884.0,351763.0,20260613_041006,reported_loss
meyers_ccl,private_passenger_auto,620,510591.22890531016,504924.0,7273.70154112253,0.014245645301657636,21.21,3291.843411770719,4.096084099961445,500607.0,589907.0,20260613_041006,reported_loss
meyers_ccl,private_passenger_auto,6807,11917.381730879315,11771.0,279.87934026046275,0.023484968978988312,29.520000000000003,87.32321951062019,4.034544599941,11605.0,14198.0,20260613_041006,reported_loss
meyers_ccl,private_passenger_auto,6947,893421.3239182592,909292.0,10965.844931762163,0.012273990600167775,92.85,10596.11090075262,3.855461800005287,865910.0,1088573.0,20260613_041006,reported_loss
meyers_ccl,private_passenger_auto,7080,1491661.544556978,1477235.0,23190.799018077007,0.015546957755061422,25.31,8765.65977673411,3.870374000049196,1353049.0,1825656.0,20260613_041006,reported_loss
meyers_ccl,private_passenger_auto,715,169773.94017575282,165810.0,4135.885962940639,0.02436113551148722,15.509999999999998,2393.6639644346697,3.9506080000428483,163025.0,210516.0,20260613_041006,reported_loss
meyers_ccl,private_passenger_auto,8427,120937.44734193225,127063.0,3151.4301724303727,0.02605834868930368,96.71,4526.438917042006,3.768140000058338,123528.0,157203.0,20260613_041006,reported_loss
meyers_ccl,private_passenger_auto,8559,149552.18936737298,146153.0,2537.0914662395826,0.016964589264602814,7.920000000000001,2197.5013376058073,3.78780699998606,149072.0,155743.0,20260613_041006,reported_loss
meyers_ccl,workers_compensation,1066,137202.4515800471,123970.0,4752.6532185555325,0.03463971061612353,0.16,10720.533896781897,4.109788900008425,128948.0,164562.0,20260613_041006,reported_loss
meyers_ccl,workers_compensation,11126,150626.7028220658,149198.0,5611.762893475498,0.037256095953349194,41.21,1306.411071140567,3.9111077000852674,137115.0,207371.0,20260613_041006,reported_loss
meyers_ccl,workers_compensation,1252,21523.180187764316,23620.0,965.2409378136682,0.04484657608183742,97.64,1610.4409222068753,3.400824400014244,22562.0,34226.0,20260613_041006,reported_loss
meyers_ccl,workers_compensation,13439,6202.979946668428,5701.0,711.2428624195271,0.1146614802134787,22.12,271.07042468452795,3.1451753999572247,6138.0,11286.0,20260613_041006,reported_loss
meyers_ccl,workers_compensation,13501,4165.166885477369,5349.0,520.0638467971548,0.12486026637022743,97.27,959.407284003142,3.631815699976869,4002.0,8967.0,20260613_041006,reported_loss
meyers_ccl,workers_compensation,13528,27240.906180002756,26562.0,1633.9246397290606,0.05998055383812842,34.47,438.8822893651044,3.49903920001816,26687.0,56067.0,20260613_041006,reported_loss
meyers_ccl,workers_compensation,14176,127933.26910787508,109695.0,6309.669395966132,0.04932000440515385,0.05,14756.354023675742,3.731578500010073,110904.0,190543.0,20260613_041006,reported_loss
meyers_ccl,workers_compensation,14320,10528.187673586845,11550.0,407.6847125531111,0.03872316159180103,98.45,811.7243801447624,3.6787138999206945,10479.0,13697.0,20260613_041006,reported_loss
meyers_ccl,workers_compensation,14508,57874.88985413361,56590.0,1934.3526408911084,0.03342300340901557,24.44,731.546048854497,3.5567511999979615,52797.0,77827.0,20260613_041006,reported_loss
meyers_ccl,workers_compensation,14974,30060.983634215117,31222.0,1942.7295712291946,0.06462628085855443,79.45,837.3951576520275,4.180329800001346,28450.0,38753.0,20260613_041006,reported_loss
meyers_ccl,workers_compensation,15148,833.9552342073582,752.0,72.0200115727599,0.08635956538028339,9.48,48.94461447088783,3.633672400028445,741.0,2241.0,20260613_041006,reported_loss
meyers_ccl,workers_compensation,15199,1414.883469973515,1349.0,158.8463834315437,0.11226817388326484,35.78,39.458337859855405,3.2609136999817565,1363.0,3354.0,20260613_041006,reported_loss
meyers_ccl,workers_compensation,1538,133604.3912645484,134900.0,2202.134699532559,0.016482502398982822,76.46,838.1825541515732,3.503413000027649,138706.0,252542.0,20260613_041006,reported_loss
meyers_ccl,workers_compensation,1767,1847964.677988362,1843847.0,43522.15920585389,0.02355140210430363,47.86,7658.347195086779,3.618832500069402,1632452.0,2905415.0,20260613_041006,reported_loss
meyers_ccl,workers_compensation,18767,186088.0946585653,180944.0,7153.539737098021,0.0384416840326263,21.790000000000003,2776.8269360710283,3.5482193999923766,183247.0,310557.0,20260613_041006,reported_loss
meyers_ccl,workers_compensation,18791,1840.3212458879348,2107.0,266.7964556078618,0.14497276288256697,88.26,189.25393023453304,3.6756056000012904,1869.0,3076.0,20260613_041006,reported_loss
meyers_ccl,workers_compensation,2135,661994.610071964,642976.0,30457.979850610118,0.04600940761028115,26.06,11115.677095759227,3.4630760001018643,567100.0,1136260.0,20260613_041006,reported_loss
meyers_ccl,workers_compensation,2712,571528.1872062357,571527.0,12548.726257738128,0.021956443336730695,50.92,2770.5989060616967,4.020106400013901,537633.0,846036.0,20260613_041006,reported_loss
meyers_ccl,workers_compensation,3240,38683.671890775404,40544.0,1112.3683268784882,0.02875549999543208,94.57,1323.47040783539,4.072482899995521,38946.0,93276.0,20260613_041006,reported_loss
meyers_ccl,workers_compensation,353,35717.53169520744,35658.0,1100.4940112247984,0.030811031977678965,53.55,217.75236919908832,3.389994600089267,34609.0,53892.0,20260613_041006,reported_loss
meyers_ccl,workers_compensation,38733,192732.347031953,203178.0,3092.127697657548,0.016043636396670384,99.82,8725.254255326927,3.5479504000395536,192452.0,387839.0,20260613_041006,reported_loss
meyers_ccl,workers_compensation,388,1293012.4827534081,1309643.0,44692.17032705527,0.03456437654173719,67.04,13186.271292407662,3.764842399978079,1220155.0,2372911.0,20260613_041006,reported_loss
meyers_ccl,workers_compensation,41300,37740.102387447194,37915.0,608.6498754764355,0.01612740392773496,62.74999999999999,157.27019608630684,3.5281919999979436,36486.0,52950.0,20260613_041006,reported_loss
meyers_ccl,workers_compensation,5185,111405.48922071805,106900.0,6140.184913626784,0.05511564067962366,22.15,2475.2492313778216,3.568701900076121,104185.0,200467.0,20260613_041006,reported_loss
meyers_ccl,workers_compensation,6408,36253.8790537773,37533.0,1767.4563143321188,0.04875219867397795,79.7,827.7432384459185,3.6083007999695837,33603.0,64881.0,20260613_041006,reported_loss
meyers_ccl,workers_compensation,671,101591.90986822768,99907.0,4798.200405537011,0.04723014275212107,37.38,1178.687761697107,3.852889299974777,96632.0,165779.0,20260613_041006,reported_loss
meyers_ccl,workers_compensation,6807,174544.9834875878,194402.0,6203.87906661812,0.035543153075260334,99.4,16486.988848388602,3.824449299951084,166709.0,347129.0,20260613_041006,reported_loss
meyers_ccl,workers_compensation,7080,2072702.619952258,2020225.0,50790.87459270906,0.024504660776604296,14.27,31572.18038404136,3.8089317999547347,1910809.0,2738156.0,20260613_041006,reported_loss
meyers_ccl,workers_compensation,715,250115.9324890368,242834.0,6051.254855809554,0.02419380003340969,10.07,4524.799031396557,3.565190099994652,252445.0,482874.0,20260613_041006,reported_loss
meyers_ccl,workers_compensation,8559,83040.91797485042,81921.0,2340.837821127127,0.02818896850148101,31.380000000000003,696.3402245251605,3.5190186999971047,78154.0,106389.0,20260613_041006,reported_loss
meyers_ccl,workers_compensation,8672,76847.97980598563,80320.0,1669.2467976368616,0.02172141417186409,97.89,2607.355817276907,3.3625396999996156,76947.0,121755.0,20260613_041006,reported_loss
meyers_ccl,workers_compensation,9466,154301.25434396823,164276.0,5700.931610867166,0.036946761289176906,95.8,7157.045449108731,3.612481000018306,137109.0,237720.0,20260613_041006,reported_loss
meyers_ccl,other_liability,11126,21469.654127185273,20392.0,2996.168432518823,0.13955364230693493,37.09,660.6463527013004,3.4547464000061154,17534.0,74255.0,20260613_041006,reported_loss
meyers_ccl,other_liability,1252,9341.314261039442,9745.0,592.4883103502673,0.06342665430081987,78.5,259.10012694504746,3.641266699996777,9840.0,20554.0,20260613_041006,reported_loss
meyers_ccl,other_liability,13501,2478.6160820101595,2489.0,516.0283123180379,0.20819211013088343,59.3,103.3204558180081,3.241033499944024,2357.0,7339.0,20260613_041006,reported_loss
meyers_ccl,other_liability,14044,4670.0313840891495,4793.0,226.7910024604147,0.04856305746318841,76.03,86.40063717769507,3.671431399998255,4410.0,10897.0,20260613_041006,reported_loss
meyers_ccl,other_liability,14176,4853.199986506822,4783.0,372.52702787819777,0.07675905153587763,47.69,72.5911080615586,3.435369500075467,4405.0,13525.0,20260613_041006,reported_loss
meyers_ccl,other_liability,14257,32000.586481319475,31670.0,809.5929994565297,0.025299317558730813,32.45,233.6624835173987,3.4862058999715373,32073.0,53121.0,20260613_041006,reported_loss
meyers_ccl,other_liability,15148,365.58874372678724,349.0,22.313656957461546,0.061034857720173814,20.29,9.378669044705815,3.4201952000148594,350.0,1032.0,20260613_041006,reported_loss
meyers_ccl,other_liability,1538,18180.833943495287,15961.0,2110.8387509561803,0.1161024162872019,11.219999999999999,1252.5165874963807,2.8788381000049412,17220.0,33445.0,20260613_041006,reported_loss
meyers_ccl,other_liability,16373,204.268845921397,204.0,6.415077733787788,0.03140507160967816,53.18000000000001,1.2507479767509917,4.075055999914184,203.0,464.0,20260613_041006,reported_loss
meyers_ccl,other_liability,1767,2485227.0158089674,2207154.0,170385.3997150505,0.06855929000900075,3.2399999999999998,189606.89832831884,3.3857627999968827,1677949.0,2414413.0,20260613_041006,reported_loss
meyers_ccl,other_liability,18163,6887.818313021276,7352.0,879.7736793017713,0.12772893234401633,77.96,330.55534354231906,3.2037371000042185,6602.0,16737.0,20260613_041006,reported_loss
meyers_ccl,other_liability,2003,290348.4210229413,277202.0,29818.24216911457,0.10269813785816503,33.94,7601.681712154197,3.5596794000593945,209526.0,646894.0,20260613_041006,reported_loss
meyers_ccl,other_liability,2135,82992.3188845215,92770.0,11034.707403993816,0.13296058662185237,85.82,6728.850253505622,3.298212999943644,72455.0,263934.0,20260613_041006,reported_loss
meyers_ccl,other_liability,2143,10693.270947491761,10836.0,864.1506970724304,0.08081256907411737,62.06,203.0130774689738,3.2324277999578044,10682.0,23410.0,20260613_041006,reported_loss
meyers_ccl,other_liability,2208,2045.0084186862991,2660.0,924.1147589253757,0.45188799737021196,86.1,481.06782681846477,3.0499187998939306,1857.0,5829.0,20260613_041006,reported_loss
meyers_ccl,other_liability,27065,21482.171094887995,20232.0,1012.8851180527317,0.04715003495590643,9.030000000000001,773.1014938291058,3.2110970000503585,20181.0,32915.0,20260613_041006,reported_loss
meyers_ccl,other_liability,29440,548.6916899813019,497.0,354.03840269149583,0.6452410509507819,57.11000000000001,52.78213412167372,2.9878500000340864,501.0,933.0,20260613_041006,reported_loss
meyers_ccl,other_liability,3240,15120.970217286565,14248.0,1381.2287077774386,0.09134524358750426,26.229999999999997,499.6583563077942,3.3754308000206947,14487.0,43790.0,20260613_041006,reported_loss
meyers_ccl,other_liability,32875,21785.678413279646,19662.0,3884.35476611167,0.17829854514624288,28.110000000000003,1055.8128556125582,3.175497499993071,18436.0,45428.0,20260613_041006,reported_loss
meyers_ccl,other_liability,34606,603.8831305854376,498.0,232.62598756358165,0.385216900061542,31.929999999999996,45.431287713287276,2.9847471999237314,482.0,958.0,20260613_041006,reported_loss
meyers_ccl,other_liability,38733,29442.918744181377,24298.0,5835.241294780802,0.19818827560817096,9.92,2649.171555482893,3.7657429000828415,22899.0,67882.0,20260613_041006,reported_loss
meyers_ccl,other_liability,41300,5385.173738212684,5562.0,660.8545124638651,0.12271739865596239,66.29,164.06353156099794,3.6447393000125885,4921.0,18842.0,20260613_041006,reported_loss
meyers_ccl,other_liability,42439,26370.500768922277,33550.0,4834.817687857462,0.1833418989735421,92.75999999999999,5276.043996302869,3.1384342999663204,20515.0,74965.0,20260613_041006,reported_loss
meyers_ccl,other_liability,5185,138467.37132451328,141675.0,3351.2879423528943,0.024202726680632856,85.44,2058.982015428931,3.9218723999802023,136865.0,196774.0,20260613_041006,reported_loss
meyers_ccl,other_liability,620,408435.8855162061,455387.0,19917.33059216046,0.048764888929844465,98.25,36793.26668982655,3.527040100074373,399454.0,719473.0,20260613_041006,reported_loss
meyers_ccl,other_liability,6459,12177.52715462797,9688.0,1624.0640700201955,0.13336567017245232,1.58,1670.4594460955018,3.624244699953124,9201.0,29730.0,20260613_041006,reported_loss
meyers_ccl,other_liability,671,7612.878997363953,6071.0,1727.601590519519,0.22693143961932416,12.11,796.4778052330377,3.41779720003251,4947.0,15626.0,20260613_041006,reported_loss
meyers_ccl,other_liability,6947,20250.394828299126,19790.0,848.2291494816516,0.04188704253293298,28.189999999999998,279.18461251502225,3.801734899985604,18921.0,44522.0,20260613_041006,reported_loss
meyers_ccl,other_liability,715,66951.6499379604,65381.0,2993.543700525726,0.0447120228299025,29.38,912.9891255300956,3.8517167000100017,58541.0,141168.0,20260613_041006,reported_loss
meyers_ccl,other_liability,833,17521.017682962673,11462.0,2052.5073408379303,0.11714544086293432,0.01,4968.36893616081,3.4490238999715075,11335.0,20478.0,20260613_041006,reported_loss
